benchmark,f,baseline,target,target_acc,baseline_acc,delta,ci_low,ci_high,p,n_tasks,p_holm,verdict,study,attack,param
arc,0.0,self,race,0.975,0.9305,0.0445,0.013250000000000001,0.07775624999999999,0.0018778168977949714,80,0.2591387318957061,tie,main,,
arc,0.0,majority,race,0.975,0.9675,0.007499999999999998,-0.01,0.027499999999999997,0.32044692315627255,80,1.0,tie,main,,
arc,0.0,ds_onecoin,race,0.975,0.975,0.0,-0.015000000000000003,0.015000000000000003,1.0,80,1.0,tie,main,,
arc,0.0,aip_gated,race,0.975,0.9737500000000001,0.0012500000000000005,-0.013518750000000001,0.019,0.5736366280193503,80,1.0,tie,main,,
arc,0.0,aip_soft,race,0.975,0.97325,0.0017500000000000003,-0.014250000000000002,0.0195,0.9929035095959442,80,1.0,tie,main,,
arc,0.1,self,race,0.975,0.9294444444444446,0.04555555555555556,0.01832638888888889,0.07472916666666662,0.0017737073791418108,80,0.2500927404589953,tie,main,,
arc,0.1,majority,race,0.975,0.9625,0.012499999999999997,-1.3877787807814458e-18,0.027500000000000004,0.10589779475643982,80,1.0,tie,main,,
arc,0.1,ds_onecoin,race,0.975,0.97,0.004999999999999999,-0.005,0.015000000000000003,0.32044692315627255,80,1.0,tie,main,,
arc,0.1,aip_gated,race,0.975,0.9627777777777778,0.012222222222222221,-0.0008402777777777787,0.027499999999999997,0.10589779475643982,80,1.0,tie,main,,
arc,0.1,aip_soft,race,0.975,0.9636111111111111,0.01138888888888889,-0.001388888888888888,0.027229166666666627,0.10591231919266325,80,1.0,tie,main,,
arc,0.2,self,race,0.975,0.9296875,0.0453125,0.02,0.074375,0.0014749526818306031,80,0.21497631999724437,tie,main,,
arc,0.2,majority,race,0.975,0.9600000000000002,0.015,-0.005000000000000002,0.04,0.1816477648428111,80,1.0,tie,main,,
arc,0.2,ds_onecoin,race,0.975,0.9800000000000001,-0.005000000000000003,-0.020000000000000004,0.007499999999999998,0.630133144362957,80,1.0,tie,main,,
arc,0.2,aip_gated,race,0.975,0.9771875000000001,-0.0021875000000000006,-0.0165625,0.009999999999999998,0.6797911761275559,80,1.0,tie,main,,
arc,0.2,aip_soft,race,0.975,0.9771875000000001,-0.0021875000000000006,-0.016875,0.009999999999999998,0.6797911761275559,80,1.0,tie,main,,
arc,0.3,self,race,0.975,0.93,0.045000000000000005,0.019991071428571438,0.07392857142857144,0.0014724405479263313,80,0.21497631999724437,tie,main,,
arc,0.3,majority,race,0.975,0.945,0.03,0.01,0.05500000000000001,0.004695189951962086,80,0.6338506435148816,tie,main,,
arc,0.3,ds_onecoin,race,0.975,0.9800000000000001,-0.005,-0.017500000000000005,0.004999999999999999,0.5587931134723696,80,1.0,tie,main,,
arc,0.3,aip_gated,race,0.975,0.9757142857142856,-0.0007142857142857145,-0.008214285714285714,0.006785714285714284,0.5637236869215428,80,1.0,tie,main,,
arc,0.3,aip_soft,race,0.975,0.9757142857142856,-0.0007142857142857145,-0.008214285714285714,0.006785714285714284,0.5637236869215428,80,1.0,tie,main,,
arc,0.4,self,race,0.9725000000000001,0.9220833333333335,0.050416666666666665,0.02583333333333333,0.07876041666666661,0.0002979598919713208,80,0.04528990357964076,win,main,,
arc,0.4,majority,race,0.9725000000000001,0.875,0.0975,0.052500000000000005,0.15006249999999965,6.542101333292238e-05,80,0.010921495729249399,win,main,,
arc,0.4,ds_onecoin,race,0.9725000000000001,0.9724999999999999,-6.938893903907229e-19,-0.0075000000000000015,0.007499999999999998,0.9929035095959442,80,1.0,tie,main,,
arc,0.4,aip_gated,race,0.9725000000000001,0.9704166666666666,0.002083333333333332,-0.005416666666666668,0.00958333333333333,0.32669520136447316,80,1.0,tie,main,,
arc,0.4,aip_soft,race,0.9725000000000001,0.9704166666666666,0.002083333333333332,-0.005000000000000001,0.00958333333333333,0.32669520136447316,80,1.0,tie,main,,
arc,0.5,self,race,0.9650000000000001,0.9190000000000002,0.046,0.0239875,0.06951249999999994,0.0002298111634131391,80,0.03581386353506753,win,main,,
arc,0.5,majority,race,0.9650000000000001,0.41,0.555,0.47000000000000003,0.635,1.0552672617110305e-13,80,2.289929957912936e-11,win,main,,
arc,0.5,ds_onecoin,race,0.9650000000000001,0.0,0.9650000000000001,0.9349999999999999,0.9875,7.031719581233653e-18,80,1.961849763164189e-15,win,main,,
arc,0.5,aip_gated,race,0.9650000000000001,0.9605,0.0045,-0.0010000000000000009,0.012499999999999999,0.5538940370211425,80,1.0,tie,main,,
arc,0.5,aip_soft,race,0.9650000000000001,0.959,0.006000000000000001,0.0,0.013512499999999934,0.08328098628159922,80,1.0,tie,main,,
arc,0.6,self,race,0.9675,0.923125,0.044375000000000005,0.024375,0.06625,6.539817801945748e-05,80,0.010921495729249399,win,main,,
arc,0.6,majority,race,0.9675,0.0,0.9675,0.9399999999999998,0.99,4.898529246943391e-18,80,1.3862837768849796e-15,win,main,,
arc,0.6,ds_onecoin,race,0.9675,0.0,0.9675,0.9375,0.99,4.898529246943391e-18,80,1.3862837768849796e-15,win,main,,
arc,0.6,aip_gated,race,0.9675,0.965625,0.001875000000000001,-0.0037500000000000007,0.0075000000000000015,0.18732515509965508,80,1.0,tie,main,,
arc,0.6,aip_soft,race,0.9675,0.96875,-0.0012499999999999998,-0.007499999999999998,0.003749999999999999,0.9929035095959442,80,1.0,tie,main,,
arc,0.7,self,race,0.9508333333333333,0.9091666666666665,0.04166666666666667,0.021666666666666667,0.06416666666666668,6.54667023374355e-05,80,0.010921495729249399,win,main,,
arc,0.7,majority,race,0.9508333333333333,0.0,0.9508333333333333,0.9116458333333332,0.9824999999999999,9.946225717706496e-18,80,2.705373395216167e-15,win,main,,
arc,0.7,ds_onecoin,race,0.9508333333333333,0.0,0.9508333333333333,0.9158333333333333,0.9808333333333333,9.946225717706496e-18,80,2.705373395216167e-15,win,main,,
arc,0.7,aip_gated,race,0.9508333333333333,0.9491666666666667,0.0016666666666666676,-0.0033333333333333327,0.008333333333333335,0.5637236869215428,80,1.0,tie,main,,
arc,0.7,aip_soft,race,0.9508333333333333,0.9483333333333335,0.0025,0.0,0.0075000000000000015,0.31731050786291415,80,1.0,tie,main,,
arc,0.8,self,race,0.9600000000000002,0.9237500000000001,0.03625,0.02,0.05375,0.00018639984719803554,80,0.02926477601009158,win,main,,
arc,0.8,majority,race,0.9600000000000002,0.0,0.9600000000000002,0.9324999999999999,0.98375,1.8942347570585763e-17,80,5.114433844058156e-15,win,main,,
arc,0.8,ds_onecoin,race,0.9600000000000002,0.0,0.9600000000000002,0.93125,0.9825000000000002,1.8942347570585763e-17,80,5.114433844058156e-15,win,main,,
arc,0.8,aip_gated,race,0.9600000000000002,0.9425000000000001,0.017499999999999998,0.006249999999999999,0.029999999999999992,0.010900568488105488,80,1.0,tie,main,,
arc,0.8,aip_soft,race,0.9600000000000002,0.9550000000000001,0.005000000000000002,-0.0037499999999999977,0.012500000000000006,0.10016116163442094,80,1.0,tie,main,,
arc,0.9,self,race,0.905,0.9025000000000001,0.0024999999999999996,0.0,0.007499999999999998,0.31731050786291415,80,1.0,tie,main,,
arc,0.9,majority,race,0.905,0.0,0.905,0.8574999999999999,0.9475000000000001,9.575642060863685e-17,80,2.4705156517028308e-14,win,main,,
arc,0.9,ds_onecoin,race,0.905,0.0,0.905,0.8550000000000001,0.9475,9.575642060863685e-17,80,2.4705156517028308e-14,win,main,,
arc,0.9,aip_gated,race,0.905,0.0,0.905,0.8574999999999999,0.95,9.575642060863685e-17,80,2.4705156517028308e-14,win,main,,
arc,0.9,aip_soft,race,0.905,0.0,0.905,0.8574999999999999,0.9475,9.575642060863685e-17,80,2.4705156517028308e-14,win,main,,
boolq,0.0,self,race,0.925,0.89625,0.02874999999999999,-0.0012562500000000115,0.059999999999999984,0.010732938597962259,80,1.0,tie,main,,
boolq,0.0,majority,race,0.925,0.9225000000000001,0.002499999999999998,-0.015000000000000003,0.0225,1.0,80,1.0,tie,main,,
boolq,0.0,ds_onecoin,race,0.925,0.9275,-0.0025000000000000022,-0.017499999999999998,0.009999999999999998,0.9796757846874236,80,1.0,tie,main,,
boolq,0.0,aip_gated,race,0.925,0.9275,-0.0025000000000000022,-0.016275,0.010256249999999965,0.9796759907383891,80,1.0,tie,main,,
boolq,0.0,aip_soft,race,0.925,0.9275,-0.0025000000000000022,-0.015500000000000003,0.010249999999999999,0.9796759907383891,80,1.0,tie,main,,
boolq,0.1,self,race,0.9375,0.8980555555555554,0.039444444444444456,0.01027083333333334,0.07083333333333335,0.0023503795783910105,80,0.32200200223956843,tie,main,,
boolq,0.1,majority,race,0.9375,0.9125,0.025,0.0024999999999999996,0.05500000000000001,0.04552216892442034,80,1.0,tie,main,,
boolq,0.1,ds_onecoin,race,0.9375,0.9324999999999999,0.004999999999999998,-0.005,0.014999999999999996,0.3266755785132346,80,1.0,tie,main,,
boolq,0.1,aip_gated,race,0.9375,0.9225,0.015,0.0013888888888888883,0.033611111111111105,0.17245372678263393,80,1.0,tie,main,,
boolq,0.1,aip_soft,race,0.9375,0.9275,0.009999999999999998,-0.0025000000000000014,0.027499999999999997,0.32044692315627255,80,1.0,tie,main,,
boolq,0.2,self,race,0.9349999999999999,0.8934375000000001,0.0415625,0.014367187500000003,0.0703125,0.0016711505106125706,80,0.23730337250698502,tie,main,,
boolq,0.2,majority,race,0.9349999999999999,0.8925000000000001,0.0425,0.01,0.08,0.014328837283834503,80,1.0,tie,main,,
boolq,0.2,ds_onecoin,race,0.9349999999999999,0.9425000000000001,-0.0075000000000000015,-0.022500000000000003,0.004999999999999999,0.5538940370211425,80,1.0,tie,main,,
boolq,0.2,aip_gated,race,0.9349999999999999,0.9003125000000001,0.034687499999999996,0.010624999999999999,0.064375,0.0046958535237473014,80,0.6338506435148816,tie,main,,
boolq,0.2,aip_soft,race,0.9349999999999999,0.9246875000000001,0.010312499999999999,-0.0009375000000000002,0.02375,0.10145022317651736,80,1.0,tie,main,,
boolq,0.3,self,race,0.9349999999999999,0.895357142857143,0.03964285714285715,0.01500000000000001,0.06643749999999995,0.00518437740925537,80,0.6843378180217088,tie,main,,
boolq,0.3,majority,race,0.9349999999999999,0.8699999999999999,0.065,0.025,0.11499999999999999,0.0015767620388987282,80,0.22705373360141687,tie,main,,
boolq,0.3,ds_onecoin,race,0.9349999999999999,0.9574999999999999,-0.0225,-0.0475,-0.0025,0.04551997832170068,80,1.0,tie,main,,
boolq,0.3,aip_gated,race,0.9349999999999999,0.8685714285714287,0.06642857142857143,0.031062500000000003,0.10714285714285714,0.00031687064448549185,80,0.04784746731730927,win,main,,
boolq,0.3,aip_soft,race,0.9349999999999999,0.9225000000000001,0.0125,0.0024999999999999996,0.027499999999999997,0.04551997832170068,80,1.0,tie,main,,
boolq,0.4,self,race,0.9349999999999999,0.8887499999999999,0.04625,0.01998958333333333,0.07501041666666661,0.0013293487720466627,80,0.1954142694908594,tie,main,,
boolq,0.4,majority,race,0.9349999999999999,0.7675,0.16750000000000004,0.0925,0.24256249999999968,2.3060314817662312e-05,80,0.003943313833820255,win,main,,
boolq,0.4,ds_onecoin,race,0.9349999999999999,0.9925,-0.05750000000000001,-0.10500000000000001,-0.02,0.014322758361821323,80,1.0,tie,main,,
boolq,0.4,aip_gated,race,0.9349999999999999,0.735,0.2,0.12,0.29,2.2864868761006012e-05,80,0.003932757426893034,win,main,,
boolq,0.4,aip_soft,race,0.9349999999999999,0.9125,0.0225,0.007499999999999998,0.04375,0.004695411136664744,80,0.6338506435148816,tie,main,,
boolq,0.5,self,race,0.9349999999999999,0.8819999999999999,0.05299999999999999,0.025487499999999996,0.08249999999999999,0.0013148371767882177,80,0.19459590216465622,tie,main,,
boolq,0.5,majority,race,0.9349999999999999,0.3325,0.6025,0.4999375,0.7075,2.431416336051523e-12,80,5.081660142347683e-10,win,main,,
boolq,0.5,ds_onecoin,race,0.9349999999999999,0.0,0.9349999999999999,0.8800000000000001,0.9824999999999999,6.143693823042854e-18,80,1.726377964275042e-15,win,main,,
boolq,0.5,aip_gated,race,0.9349999999999999,0.0,0.9349999999999999,0.8800000000000001,0.9824999999999999,6.143693823042854e-18,80,1.726377964275042e-15,win,main,,
boolq,0.5,aip_soft,race,0.9349999999999999,0.9075,0.027500000000000004,0.005,0.05500000000000001,0.014328161791897878,80,1.0,tie,main,,
boolq,0.6,self,race,0.9375,0.8925000000000001,0.045,0.023750000000000004,0.068125,0.00023840778235350937,80,0.03647639070008693,win,main,,
boolq,0.6,majority,race,0.9375,0.0,0.9375,0.8850000000000001,0.9800000000000001,8.062967043283425e-18,80,2.241504838032792e-15,win,main,,
boolq,0.6,ds_onecoin,race,0.9375,0.0,0.9375,0.885,0.9800000000000001,8.062967043283425e-18,80,2.241504838032792e-15,win,main,,
boolq,0.6,aip_gated,race,0.9375,0.0,0.9375,0.8874375,0.9800624999999997,8.062967043283425e-18,80,2.241504838032792e-15,win,main,,
boolq,0.6,aip_soft,race,0.9375,0.9112500000000001,0.026249999999999996,0.01125,0.04375,0.0015769867778184737,80,0.22705373360141687,tie,main,,
boolq,0.7,self,race,0.9366666666666668,0.8883333333333333,0.04833333333333334,0.022500000000000006,0.07583333333333334,0.00011185065527757943,80,0.017849455192281764,win,main,,
boolq,0.7,majority,race,0.9366666666666668,0.0,0.9366666666666668,0.8816666666666666,0.9808333333333333,8.062967043283425e-18,80,2.241504838032792e-15,win,main,,
boolq,0.7,ds_onecoin,race,0.9366666666666668,0.0,0.9366666666666668,0.8825000000000001,0.9824999999999999,8.062967043283425e-18,80,2.241504838032792e-15,win,main,,
boolq,0.7,aip_gated,race,0.9366666666666668,0.0,0.9366666666666668,0.8800000000000001,0.9824999999999999,8.062967043283425e-18,80,2.241504838032792e-15,win,main,,
boolq,0.7,aip_soft,race,0.9366666666666668,0.9075,0.029166666666666664,0.008333333333333331,0.05499999999999999,0.008172104986261535,80,1.0,tie,main,,
boolq,0.8,self,race,0.9400000000000001,0.875,0.06499999999999999,0.04,0.0925,8.248823701721913e-06,80,0.0014682906189065006,win,main,,
boolq,0.8,majority,race,0.9400000000000001,0.0,0.9400000000000001,0.89,0.9775,2.0247658947769554e-17,80,5.406124939054471e-15,win,main,,
boolq,0.8,ds_onecoin,race,0.9400000000000001,0.0,0.9400000000000001,0.8975,0.9800000000000001,2.0247658947769554e-17,80,5.406124939054471e-15,win,main,,
boolq,0.8,aip_gated,race,0.9400000000000001,0.0,0.9400000000000001,0.8925000000000001,0.9775,2.0247658947769554e-17,80,5.406124939054471e-15,win,main,,
boolq,0.8,aip_soft,race,0.9400000000000001,0.875,0.06499999999999999,0.03875,0.0925,8.248823701721913e-06,80,0.0014682906189065006,win,main,,
boolq,0.9,self,race,1.0,0.875,0.125,0.0675,0.1925,0.00011018182217457879,80,0.017849455192281764,win,main,,
boolq,0.9,majority,race,1.0,0.0,1.0,1.0,1.0,3.744097384202872e-19,80,1.0745559492662243e-16,win,main,,
boolq,0.9,ds_onecoin,race,1.0,0.0,1.0,1.0,1.0,3.744097384202872e-19,80,1.0745559492662243e-16,win,main,,
boolq,0.9,aip_gated,race,1.0,0.0,1.0,1.0,1.0,3.744097384202872e-19,80,1.0745559492662243e-16,win,main,,
boolq,0.9,aip_soft,race,1.0,0.0,1.0,1.0,1.0,3.744097384202872e-19,80,1.0745559492662243e-16,win,main,,
gsm8k,0.0,self,race,0.98,0.9341000000000002,0.04589999999999998,0.033897499999999976,0.059302499999999966,1.602658508998069e-13,200,3.381609453985925e-11,win,main,,
gsm8k,0.0,majority,race,0.98,0.976,0.003999999999999999,0.0009999999999999998,0.007999999999999998,0.04550026389635839,200,1.0,tie,main,,
gsm8k,0.0,ds_onecoin,race,0.98,0.976,0.004,0.0,0.009,0.08326646333572782,200,1.0,tie,main,,
gsm8k,0.0,aip_gated,race,0.98,0.9747,0.0053,0.0002999999999999997,0.0126,0.0455036895506482,200,1.0,tie,main,,
gsm8k,0.0,aip_soft,race,0.98,0.9747,0.0053,0.0002999999999999997,0.012599999999999998,0.0455036895506482,200,1.0,tie,main,,
gsm8k,0.1,self,race,0.98,0.9333333333333332,0.046666666666666676,0.03455555555555557,0.06022222222222223,1.1646659722107147e-13,200,2.5040318402530366e-11,win,main,,
gsm8k,0.1,majority,race,0.98,0.973,0.006999999999999999,0.0009999999999999998,0.015,0.045503346982774265,200,1.0,tie,main,,
gsm8k,0.1,ds_onecoin,race,0.98,0.978,0.0019999999999999996,0.0,0.004999999999999999,0.15729920705028516,200,1.0,tie,main,,
gsm8k,0.1,aip_gated,race,0.98,0.9727777777777777,0.007222222222222224,0.0004444444444444445,0.01600277777777776,0.0455036895506482,200,1.0,tie,main,,
gsm8k,0.1,aip_soft,race,0.98,0.9766666666666667,0.0033333333333333335,0.0,0.008666666666666666,0.1573005107696258,200,1.0,tie,main,,
gsm8k,0.2,self,race,0.98,0.93475,0.045250000000000005,0.033875,0.05924999999999999,1.2938064089137992e-13,200,2.76874571507553e-11,win,main,,
gsm8k,0.2,majority,race,0.98,0.968,0.012,0.002,0.025,0.045503346982774265,200,1.0,tie,main,,
gsm8k,0.2,ds_onecoin,race,0.98,0.98,0.0,0.0,0.0,1.0,200,1.0,tie,main,,
gsm8k,0.2,aip_gated,race,0.98,0.98,0.0,0.0,0.0,1.0,200,1.0,tie,main,,
gsm8k,0.2,aip_soft,race,0.98,0.9788749999999999,0.001125,0.0,0.0030000000000000005,0.1573005107696258,200,1.0,tie,main,,
gsm8k,0.3,self,race,0.98,0.9308571428571429,0.049142857142857155,0.036857142857142866,0.06343214285714285,1.0396269457290176e-13,200,2.2663867416892584e-11,win,main,,
gsm8k,0.3,majority,race,0.98,0.934,0.046,0.028999999999999995,0.06699999999999999,4.3919732891497994e-08,200,8.564347913842109e-06,win,main,,
gsm8k,0.3,ds_onecoin,race,0.98,0.9769999999999999,0.003,0.0,0.008,0.1573005107696258,200,1.0,tie,main,,
gsm8k,0.3,aip_gated,race,0.98,0.981,-0.0010000000000000002,-0.012000000000000002,0.006999999999999999,0.5676316595237282,200,1.0,tie,main,,
gsm8k,0.3,aip_soft,race,0.98,0.978,0.002,-0.002,0.007999999999999998,0.5637061438484885,200,1.0,tie,main,,
gsm8k,0.4,self,race,0.98,0.9375,0.04249999999999999,0.030999999999999996,0.055004166666666646,1.578355091493882e-13,200,3.34611279396703e-11,win,main,,
gsm8k,0.4,majority,race,0.98,0.861,0.11899999999999998,0.08800000000000001,0.154,1.485812283856205e-13,200,3.164780164613717e-11,win,main,,
gsm8k,0.4,ds_onecoin,race,0.98,0.98,-5.551115123125783e-19,-0.006000000000000001,0.003999999999999999,0.5676308445158026,200,1.0,tie,main,,
gsm8k,0.4,aip_gated,race,0.98,0.98,-5.551115123125783e-19,-0.005000000000000001,0.003999999999999999,0.5676308445158026,200,1.0,tie,main,,
gsm8k,0.4,aip_soft,race,0.98,0.9796666666666667,0.00033333333333333327,-0.005666666666666668,0.005333333333333332,0.5676316595237282,200,1.0,tie,main,,
gsm8k,0.5,self,race,0.976,0.9338,0.042199999999999974,0.031199999999999985,0.05300499999999995,1.6121948776971576e-13,200,3.385609243164031e-11,win,main,,
gsm8k,0.5,majority,race,0.976,0.831,0.145,0.11199999999999999,0.18,3.1950435603260093e-14,200,7.029095832717221e-12,win,main,,
gsm8k,0.5,ds_onecoin,race,0.976,0.0,0.976,0.954975,0.993,9.130433680304544e-44,200,2.7208692367307543e-41,win,main,,
gsm8k,0.5,aip_gated,race,0.976,0.9790000000000001,-0.002999999999999999,-0.009,0.0020000000000000005,0.31853794773943955,200,1.0,tie,main,,
gsm8k,0.5,aip_soft,race,0.976,0.9786,-0.002599999999999999,-0.008599999999999998,0.0020000000000000013,0.6514707381751382,200,1.0,tie,main,,
gsm8k,0.6,self,race,0.976,0.9254999999999999,0.050499999999999996,0.03799375,0.0635,1.0800678906349332e-13,200,2.3329466437714558e-11,win,main,,
gsm8k,0.6,majority,race,0.976,0.0,0.976,0.9540000000000001,0.993,9.130433680304544e-44,200,2.7208692367307543e-41,win,main,,
gsm8k,0.6,ds_onecoin,race,0.976,0.0,0.976,0.9540000000000001,0.993,9.130433680304544e-44,200,2.7208692367307543e-41,win,main,,
gsm8k,0.6,aip_gated,race,0.976,0.9765,-0.0004999999999999999,-0.006000000000000001,0.004,0.5676316595237282,200,1.0,tie,main,,
gsm8k,0.6,aip_soft,race,0.976,0.9765,-0.0004999999999999999,-0.00575,0.0037500000000000007,0.5676316595237282,200,1.0,tie,main,,
gsm8k,0.7,self,race,0.977,0.9296666666666666,0.047333333333333345,0.03633333333333335,0.05966666666666669,1.9656885504152646e-14,200,4.363828581921888e-12,win,main,,
gsm8k,0.7,majority,race,0.977,0.0,0.977,0.9570000000000001,0.9940000000000001,8.791863706375606e-44,200,2.637559111912682e-41,win,main,,
gsm8k,0.7,ds_onecoin,race,0.977,0.0,0.977,0.958,0.9940000000000001,8.791863706375606e-44,200,2.637559111912682e-41,win,main,,
gsm8k,0.7,aip_gated,race,0.977,0.9763333333333333,0.0006666666666666676,0.0,0.0016666666666666692,0.15729920705028516,200,1.0,tie,main,,
gsm8k,0.7,aip_soft,race,0.977,0.9763333333333333,0.0006666666666666676,0.0,0.0016666666666666692,0.15729920705028516,200,1.0,tie,main,,
gsm8k,0.8,self,race,0.9740000000000001,0.9355000000000001,0.03849999999999999,0.0295,0.04849999999999999,3.111194227769216e-14,200,6.875739243369968e-12,win,main,,
gsm8k,0.8,majority,race,0.9740000000000001,0.0,0.9740000000000001,0.9530000000000001,0.991,1.3399539913640091e-43,200,3.952864274523827e-41,win,main,,
gsm8k,0.8,ds_onecoin,race,0.9740000000000001,0.0,0.9740000000000001,0.9520000000000001,0.992,1.3399539913640091e-43,200,3.952864274523827e-41,win,main,,
gsm8k,0.8,aip_gated,race,0.9740000000000001,0.7809999999999999,0.19299999999999998,0.18699999999999994,0.19799999999999998,1.6451770587373036e-43,200,4.8203687821003e-41,win,main,,
gsm8k,0.8,aip_soft,race,0.9740000000000001,0.7809999999999999,0.19299999999999998,0.18699999999999994,0.19699999999999995,1.6451770587373036e-43,200,4.8203687821003e-41,win,main,,
gsm8k,0.9,self,race,0.9560000000000001,0.9560000000000001,0.0,0.0,0.0,1.0,200,1.0,tie,main,,
gsm8k,0.9,majority,race,0.9560000000000001,0.0,0.9560000000000001,0.932,0.976,3.199472552990951e-41,200,9.310465129203667e-39,win,main,,
gsm8k,0.9,ds_onecoin,race,0.9560000000000001,0.0,0.9560000000000001,0.932975,0.9760249999999999,3.199472552990951e-41,200,9.310465129203667e-39,win,main,,
gsm8k,0.9,aip_gated,race,0.9560000000000001,0.0,0.9560000000000001,0.9330000000000002,0.976,3.199472552990951e-41,200,9.310465129203667e-39,win,main,,
gsm8k,0.9,aip_soft,race,0.9560000000000001,0.0,0.9560000000000001,0.9329999999999999,0.9760000000000001,3.199472552990951e-41,200,9.310465129203667e-39,win,main,,
math500,0.0,self,race,0.925,0.7147499999999999,0.21025,0.15374374999999998,0.26875,2.8022526770795216e-10,80,5.632527880929838e-08,win,main,,
math500,0.0,majority,race,0.925,0.885,0.04,0.005,0.07749999999999999,0.03351909444294685,80,1.0,tie,main,,
math500,0.0,ds_onecoin,race,0.925,0.9175000000000001,0.007499999999999998,-0.012500000000000002,0.032499999999999994,0.9796757846874236,80,1.0,tie,main,,
math500,0.0,aip_gated,race,0.925,0.8755,0.0495,0.017499999999999998,0.08499999999999999,0.006821673602204706,80,0.8936392418888165,tie,main,,
math500,0.0,aip_soft,race,0.925,0.8755,0.0495,0.017,0.08401249999999993,0.006821673602204706,80,0.8936392418888165,tie,main,,
math500,0.1,self,race,0.7613888888888888,0.7008333333333333,0.06055555555555554,0.010277777777777755,0.11445138888888884,0.36855007576597665,80,1.0,tie,main,,
math500,0.1,majority,race,0.7613888888888888,0.8550000000000001,-0.09361111111111114,-0.12694444444444447,-0.05415277777777788,0.00032162939870983493,80,0.0479227804077654,loss,main,,
math500,0.1,ds_onecoin,race,0.7613888888888888,0.86,-0.09861111111111115,-0.13028472222222223,-0.06638888888888891,0.0001159038624155266,80,0.0183128102616532,loss,main,,
math500,0.1,aip_gated,race,0.7613888888888888,0.8655555555555555,-0.1041666666666667,-0.1341666666666667,-0.07332638888888895,1.4426551092868959e-06,80,0.00026400588499950195,loss,main,,
math500,0.1,aip_soft,race,0.7613888888888888,0.8655555555555555,-0.1041666666666667,-0.13361111111111112,-0.07221527777777785,1.4426551092868959e-06,80,0.00026400588499950195,loss,main,,
math500,0.2,self,race,0.7837499999999998,0.7150000000000001,0.06875,0.018429687499999983,0.1184375,0.18142049135492855,80,1.0,tie,main,,
math500,0.2,majority,race,0.7837499999999998,0.7949999999999999,-0.011250000000000022,-0.06375000000000001,0.043749999999999976,0.04700161331350684,80,1.0,tie,main,,
math500,0.2,ds_onecoin,race,0.7837499999999998,0.8549999999999999,-0.07125000000000001,-0.10187500000000002,-0.03875000000000002,4.790588476654533e-05,80,0.00809609452554616,loss,main,,
math500,0.2,aip_gated,race,0.7837499999999998,0.8484375,-0.06468750000000001,-0.09500000000000001,-0.03125000000000002,7.846989760184222e-05,80,0.012869063206702124,loss,main,,
math500,0.2,aip_soft,race,0.7837499999999998,0.8484375,-0.06468750000000001,-0.09500781250000002,-0.03156250000000002,7.846989760184222e-05,80,0.012869063206702124,loss,main,,
math500,0.3,self,race,0.7928571428571427,0.7246428571428571,0.0682142857142857,0.023571428571428552,0.12035714285714283,0.1650913605424359,80,1.0,tie,main,,
math500,0.3,majority,race,0.7928571428571427,0.6625,0.13035714285714284,0.059276785714285685,0.20215178571428566,0.0037021820927593085,80,0.5034967646152659,tie,main,,
math500,0.3,ds_onecoin,race,0.7928571428571427,0.8699999999999999,-0.07714285714285718,-0.1050089285714286,-0.043214285714285754,1.0497850437254244e-06,80,0.00019316044804547808,loss,main,,
math500,0.3,aip_gated,race,0.7928571428571427,0.8121428571428572,-0.01928571428571434,-0.04857142857142862,0.013214285714285661,0.0018224166904254892,80,0.2551383366595685,tie,main,,
math500,0.3,aip_soft,race,0.7928571428571427,0.8121428571428572,-0.01928571428571434,-0.050000000000000065,0.011785714285714234,0.0018224166904254892,80,0.2551383366595685,tie,main,,
math500,0.4,self,race,0.7745833333333332,0.7104166666666666,0.06416666666666662,0.014999999999999947,0.11624999999999992,0.27880801393384236,80,1.0,tie,main,,
math500,0.4,majority,race,0.7745833333333332,0.51,0.2645833333333333,0.1787499999999999,0.34835416666666646,4.2422983047833565e-07,80,7.84825186384921e-05,win,main,,
math500,0.4,ds_onecoin,race,0.7745833333333332,0.365,0.40958333333333324,0.3829166666666665,0.4320833333333332,4.2448235209643695e-17,80,1.1121437624926649e-14,win,main,,
math500,0.4,aip_gated,race,0.7745833333333332,0.7858333333333333,-0.011250000000000033,-0.04000000000000003,0.021249999999999963,0.1321752713523958,80,1.0,tie,main,,
math500,0.4,aip_soft,race,0.7745833333333332,0.7858333333333333,-0.011250000000000033,-0.04167708333333337,0.020833333333333297,0.1321752713523958,80,1.0,tie,main,,
math500,0.5,self,race,0.7625,0.6984999999999999,0.06400000000000003,0.01800000000000005,0.11701249999999996,0.07703824064452179,80,1.0,tie,main,,
math500,0.5,majority,race,0.7625,0.425,0.3375,0.25150000000000006,0.422,4.32483121377497e-08,80,8.476669178998941e-06,win,main,,
math500,0.5,ds_onecoin,race,0.7625,0.0,0.7625,0.7154874999999999,0.8019999999999999,9.293223625161552e-17,80,2.406944918916842e-14,win,main,,
math500,0.5,aip_gated,race,0.7625,0.7045,0.05800000000000001,0.035987500000000006,0.08251249999999996,4.978521618045567e-06,80,0.0008961338912482021,win,main,,
math500,0.5,aip_soft,race,0.7625,0.7045,0.05800000000000001,0.03450000000000002,0.08250000000000002,4.978521618045567e-06,80,0.0008961338912482021,win,main,,
math500,0.6,self,race,0.7318749999999999,0.693125,0.03875000000000002,-0.011265624999999977,0.09062500000000002,0.31409400389705255,80,1.0,tie,main,,
math500,0.6,majority,race,0.7318749999999999,0.0,0.7318749999999999,0.6899843749999999,0.768140625,1.183594905677785e-16,80,2.994495111364796e-14,win,main,,
math500,0.6,ds_onecoin,race,0.7318749999999999,0.0,0.7318749999999999,0.6862499999999999,0.7699999999999999,1.183594905677785e-16,80,2.994495111364796e-14,win,main,,
math500,0.6,aip_gated,race,0.7318749999999999,0.6762499999999999,0.055625,0.031875,0.08125,8.290507465003101e-06,80,0.0014682906189065006,win,main,,
math500,0.6,aip_soft,race,0.7318749999999999,0.6762499999999999,0.055625,0.0325,0.08187499999999999,8.290507465003101e-06,80,0.0014682906189065006,win,main,,
math500,0.7,self,race,0.72,0.6799999999999999,0.03999999999999994,0.006645833333333264,0.07166666666666661,0.2041466471199037,80,1.0,tie,main,,
math500,0.7,majority,race,0.72,0.0,0.72,0.6658333333333333,0.7708541666666665,1.0365695396277571e-15,80,2.415207027332674e-13,win,main,,
math500,0.7,ds_onecoin,race,0.72,0.0,0.72,0.6633333333333333,0.7708333333333333,1.0365695396277571e-15,80,2.415207027332674e-13,win,main,,
math500,0.7,aip_gated,race,0.72,0.6516666666666666,0.06833333333333325,0.06083333333333324,0.07666666666666658,2.2657981712006776e-15,80,5.188677812049552e-13,win,main,,
math500,0.7,aip_soft,race,0.72,0.6516666666666666,0.06833333333333325,0.05999999999999993,0.07666666666666658,2.2657981712006776e-15,80,5.188677812049552e-13,win,main,,
math500,0.8,self,race,0.8324999999999999,0.67125,0.16125,0.1275,0.19375000000000003,1.005394873264222e-11,80,2.0811673876569397e-09,win,main,,
math500,0.8,majority,race,0.8324999999999999,0.0,0.8324999999999999,0.765,0.8975,7.635574664148086e-16,80,1.7943600460748003e-13,win,main,,
math500,0.8,ds_onecoin,race,0.8324999999999999,0.0,0.8324999999999999,0.7625,0.8924999999999998,7.635574664148086e-16,80,1.7943600460748003e-13,win,main,,
math500,0.8,aip_gated,race,0.8324999999999999,0.6,0.2325,0.20875000000000005,0.2550312499999998,1.2519632926141325e-15,80,2.8920352059386463e-13,win,main,,
math500,0.8,aip_soft,race,0.8324999999999999,0.6,0.2325,0.20875000000000005,0.25375000000000003,1.2519632926141325e-15,80,2.8920352059386463e-13,win,main,,
math500,0.9,self,race,0.7224999999999999,0.7224999999999999,0.0,0.0,0.0,1.0,80,1.0,tie,main,,
math500,0.9,majority,race,0.7224999999999999,0.0,0.7224999999999999,0.6525000000000001,0.79,7.39377639542086e-15,80,1.6783872417605352e-12,win,main,,
math500,0.9,ds_onecoin,race,0.7224999999999999,0.0,0.7224999999999999,0.6524375,0.7899999999999999,7.39377639542086e-15,80,1.6783872417605352e-12,win,main,,
math500,0.9,aip_gated,race,0.7224999999999999,0.0,0.7224999999999999,0.6475000000000001,0.79,7.39377639542086e-15,80,1.6783872417605352e-12,win,main,,
math500,0.9,aip_soft,race,0.7224999999999999,0.0,0.7224999999999999,0.6525000000000001,0.7875,7.39377639542086e-15,80,1.6783872417605352e-12,win,main,,
medqa,0.0,self,race,0.8875,0.74375,0.14375,0.09649374999999999,0.18950624999999996,4.817123995953316e-08,80,9.2970493121899e-06,win,main,,
medqa,0.0,majority,race,0.8875,0.85,0.0375,0.007499999999999998,0.0725,0.033579961709043905,80,1.0,tie,main,,
medqa,0.0,ds_onecoin,race,0.8875,0.8574999999999999,0.03,-0.010000000000000005,0.075,0.47622861399930305,80,1.0,tie,main,,
medqa,0.0,aip_gated,race,0.8875,0.8557499999999999,0.03175,0.0009937499999999966,0.06925624999999998,0.506398586772628,80,1.0,tie,main,,
medqa,0.0,aip_soft,race,0.8875,0.8557499999999999,0.03175,-0.0002500000000000003,0.06924999999999999,0.506398586772628,80,1.0,tie,main,,
medqa,0.1,self,race,0.906388888888889,0.7544444444444445,0.15194444444444447,0.11499305555555557,0.18888888888888888,7.890275007034505e-11,80,1.6017258264280043e-08,win,main,,
medqa,0.1,majority,race,0.906388888888889,0.8425,0.06388888888888888,0.030000000000000006,0.10138888888888889,0.00031687064448549185,80,0.04784746731730927,win,main,,
medqa,0.1,ds_onecoin,race,0.906388888888889,0.8699999999999999,0.036388888888888894,0.01,0.0663888888888889,0.01792694266207641,80,1.0,tie,main,,
medqa,0.1,aip_gated,race,0.906388888888889,0.8391666666666667,0.06722222222222221,0.03305555555555555,0.10945833333333327,0.00011052527777759914,80,0.017849455192281764,win,main,,
medqa,0.1,aip_soft,race,0.906388888888889,0.8419444444444446,0.06444444444444444,0.03166666666666666,0.10361111111111113,0.00011052527777759914,80,0.017849455192281764,win,main,,
medqa,0.2,self,race,0.8946875000000001,0.7553124999999999,0.13937499999999997,0.1084375,0.171875,4.963469058830706e-11,80,1.0224746261191254e-08,win,main,,
medqa,0.2,majority,race,0.8946875000000001,0.8100000000000002,0.0846875,0.047132812499999996,0.12468749999999999,2.3152053306208827e-05,80,0.003943313833820255,win,main,,
medqa,0.2,ds_onecoin,race,0.8946875000000001,0.8649999999999999,0.0296875,0.012179687499999998,0.049999999999999996,0.01029657271279656,80,1.0,tie,main,,
medqa,0.2,aip_gated,race,0.8946875000000001,0.8712500000000001,0.0234375,0.008125000000000002,0.041562499999999995,0.017928595191564957,80,1.0,tie,main,,
medqa,0.2,aip_soft,race,0.8946875000000001,0.871875,0.0228125,0.0075000000000000015,0.041249999999999995,0.017928595191564957,80,1.0,tie,main,,
medqa,0.3,self,race,0.8846428571428572,0.7560714285714285,0.12857142857142861,0.09677678571428575,0.1607232142857143,7.740991826525533e-11,80,1.5791623326112088e-08,win,main,,
medqa,0.3,majority,race,0.8846428571428572,0.7725,0.11214285714285714,0.06999999999999999,0.16215178571428568,2.0972105438022386e-05,80,0.003628174240777873,win,main,,
medqa,0.3,ds_onecoin,race,0.8846428571428572,0.8675,0.017142857142857147,2.7755575615628915e-18,0.03714285714285715,0.176387611790356,80,1.0,tie,main,,
medqa,0.3,aip_gated,race,0.8846428571428572,0.8853571428571427,-0.0007142857142857069,-0.016785714285714282,0.015000000000000005,0.8251532902484568,80,1.0,tie,main,,
medqa,0.3,aip_soft,race,0.8846428571428572,0.885,-0.000357142857142851,-0.014999999999999996,0.015357142857142866,0.95061675517592,80,1.0,tie,main,,
medqa,0.4,self,race,0.8770833333333334,0.7533333333333334,0.12374999999999999,0.09458333333333332,0.15416666666666665,2.059259432667206e-10,80,4.159704053987756e-08,win,main,,
medqa,0.4,majority,race,0.8770833333333334,0.6175,0.25958333333333333,0.19666666666666668,0.3287604166666666,5.52552191012559e-11,80,1.132731991575746e-08,win,main,,
medqa,0.4,ds_onecoin,race,0.8770833333333334,0.8625,0.014583333333333332,-0.01,0.03917708333333327,0.23766680421643616,80,1.0,tie,main,,
medqa,0.4,aip_gated,race,0.8770833333333334,0.8733333333333334,0.003749999999999999,-0.014166666666666666,0.02125,0.4541206254709368,80,1.0,tie,main,,
medqa,0.4,aip_soft,race,0.8770833333333334,0.8758333333333332,0.001250000000000004,-0.015833333333333328,0.019166666666666672,0.42744378230478763,80,1.0,tie,main,,
medqa,0.5,self,race,0.885,0.7635,0.12149999999999998,0.09649999999999999,0.14699999999999996,8.366652430845008e-12,80,1.7402637056157617e-09,win,main,,
medqa,0.5,majority,race,0.885,0.21000000000000002,0.675,0.5974999999999999,0.7474999999999999,8.616706872775115e-15,80,1.9215256326288506e-12,win,main,,
medqa,0.5,ds_onecoin,race,0.885,0.0,0.885,0.825,0.9375,1.0809321029094567e-16,80,2.74556754139002e-14,win,main,,
medqa,0.5,aip_gated,race,0.885,0.8805,0.004500000000000003,-0.009499999999999998,0.0205,0.2534786643811092,80,1.0,tie,main,,
medqa,0.5,aip_soft,race,0.885,0.8805,0.004500000000000005,-0.010012499999999997,0.0205,0.2534786643811092,80,1.0,tie,main,,
medqa,0.6,self,race,0.8625,0.77375,0.08875,0.065625,0.11251562499999991,1.274226062298459e-09,80,2.548452124596918e-07,win,main,,
medqa,0.6,majority,race,0.8625,0.0,0.8625,0.7975,0.9225,1.3673030625386285e-16,80,3.4319306869719575e-14,win,main,,
medqa,0.6,ds_onecoin,race,0.8625,0.0,0.8625,0.7975000000000001,0.925,1.3673030625386285e-16,80,3.4319306869719575e-14,win,main,,
medqa,0.6,aip_gated,race,0.8625,0.871875,-0.009375,-0.023125,0.0031249999999999993,0.38505150193330184,80,1.0,tie,main,,
medqa,0.6,aip_soft,race,0.8625,0.8706250000000001,-0.008125000000000002,-0.022515625,0.005624999999999996,0.37096352225601026,80,1.0,tie,main,,
medqa,0.7,self,race,0.8675,0.7941666666666667,0.07333333333333336,0.049166666666666685,0.10000000000000002,1.2937048454022688e-07,80,2.445102157810288e-05,win,main,,
medqa,0.7,majority,race,0.8675,0.0,0.8675,0.7975,0.9225,1.4824183848018544e-16,80,3.691221778156618e-14,win,main,,
medqa,0.7,ds_onecoin,race,0.8675,0.0,0.8675,0.8025,0.925,1.4824183848018544e-16,80,3.691221778156618e-14,win,main,,
medqa,0.7,aip_gated,race,0.8675,0.8741666666666668,-0.006666666666666665,-0.01833333333333333,0.0033333333333333375,0.714725979514089,80,1.0,tie,main,,
medqa,0.7,aip_soft,race,0.8675,0.8741666666666668,-0.006666666666666665,-0.018333333333333333,0.0033541666666665605,0.714725979514089,80,1.0,tie,main,,
medqa,0.8,self,race,0.8524999999999998,0.78125,0.07125000000000001,0.05249999999999999,0.09128124999999984,2.7853670142142213e-09,80,5.5428803582863e-07,win,main,,
medqa,0.8,majority,race,0.8524999999999998,0.0,0.8524999999999998,0.7950000000000002,0.9075,6.631556426016164e-16,80,1.5716788729658308e-13,win,main,,
medqa,0.8,ds_onecoin,race,0.8524999999999998,0.0,0.8524999999999998,0.7950000000000002,0.905,6.631556426016164e-16,80,1.5716788729658308e-13,win,main,,
medqa,0.8,aip_gated,race,0.8524999999999998,0.8262499999999999,0.026250000000000002,0.009999999999999998,0.0425,6.345567514221002e-05,80,0.010660553423891285,win,main,,
medqa,0.8,aip_soft,race,0.8524999999999998,0.8400000000000001,0.012499999999999997,-0.0075000000000000015,0.03125,0.02241530216444803,80,1.0,tie,main,,
medqa,0.9,self,race,0.8350000000000002,0.8325000000000001,0.0025,0.0,0.0075000000000000015,0.31731050786291415,80,1.0,tie,main,,
medqa,0.9,majority,race,0.8350000000000002,0.0,0.8350000000000002,0.7725,0.8975,3.61282988940877e-16,80,8.851433229051486e-14,win,main,,
medqa,0.9,ds_onecoin,race,0.8350000000000002,0.0,0.8350000000000002,0.7724375,0.8975,3.61282988940877e-16,80,8.851433229051486e-14,win,main,,
medqa,0.9,aip_gated,race,0.8350000000000002,0.0,0.8350000000000002,0.77,0.8975000000000002,3.61282988940877e-16,80,8.851433229051486e-14,win,main,,
medqa,0.9,aip_soft,race,0.8350000000000002,0.0,0.8350000000000002,0.7675000000000001,0.8975000000000002,3.61282988940877e-16,80,8.851433229051486e-14,win,main,,
mmlu,0.0,self,race,0.925,0.82325,0.10175000000000001,0.06749374999999998,0.13649999999999998,3.4248772321102226e-07,80,6.370271651725014e-05,win,main,,
mmlu,0.0,majority,race,0.925,0.9,0.025,0.0,0.0625,0.08328098628159922,80,1.0,tie,main,,
mmlu,0.0,ds_onecoin,race,0.925,0.9049999999999999,0.019999999999999997,0.0,0.0475,0.08328098628159922,80,1.0,tie,main,,
mmlu,0.0,aip_gated,race,0.925,0.9115,0.013500000000000002,-0.0034999999999999996,0.036500000000000005,0.17609222763047716,80,1.0,tie,main,,
mmlu,0.0,aip_soft,race,0.925,0.9094999999999999,0.015500000000000003,-0.002,0.037750000000000006,0.17609222763047716,80,1.0,tie,main,,
mmlu,0.1,self,race,0.9225000000000001,0.8194444444444444,0.10305555555555557,0.07305555555555557,0.13472916666666665,4.739508237461903e-08,80,9.194645980676091e-06,win,main,,
mmlu,0.1,majority,race,0.9225000000000001,0.8949999999999999,0.027500000000000004,0.0025000000000000022,0.0625,0.05690598969811991,80,1.0,tie,main,,
mmlu,0.1,ds_onecoin,race,0.9225000000000001,0.9125,0.009999999999999998,0.0,0.03,0.15730741684009697,80,1.0,tie,main,,
mmlu,0.1,aip_gated,race,0.9225000000000001,0.8972222222222224,0.025277777777777777,0.005833333333333334,0.05166666666666666,0.014328837283834503,80,1.0,tie,main,,
mmlu,0.1,aip_soft,race,0.9225000000000001,0.8988888888888888,0.02361111111111111,0.004986111111111112,0.04945138888888885,0.014329512789809509,80,1.0,tie,main,,
mmlu,0.2,self,race,0.925,0.828125,0.09687500000000002,0.06656250000000001,0.12813281249999994,6.876360109356276e-08,80,1.320261140996405e-05,win,main,,
mmlu,0.2,majority,race,0.925,0.885,0.04,0.0125,0.075,0.00817056706883208,80,1.0,tie,main,,
mmlu,0.2,ds_onecoin,race,0.925,0.9225000000000001,0.002499999999999998,-0.005000000000000003,0.009999999999999998,0.5736315113269761,80,1.0,tie,main,,
mmlu,0.2,aip_gated,race,0.925,0.9246875000000001,0.00031249999999999887,-0.0059375000000000035,0.007499999999999998,0.9929035095959442,80,1.0,tie,main,,
mmlu,0.2,aip_soft,race,0.925,0.925,-1.3877787807814458e-18,-0.007500000000000002,0.007499999999999998,0.9929035095959442,80,1.0,tie,main,,
mmlu,0.3,self,race,0.9225000000000001,0.8317857142857144,0.09071428571428572,0.06321428571428571,0.12216071428571419,8.079548933844341e-08,80,1.5431938463642692e-05,win,main,,
mmlu,0.3,majority,race,0.9225000000000001,0.8375,0.085,0.0475,0.125,1.3702753774736534e-05,80,0.002384279156804157,win,main,,
mmlu,0.3,ds_onecoin,race,0.9225000000000001,0.9225000000000001,-1.3877787807814458e-18,-0.010000000000000002,0.009999999999999998,0.9898367587896493,80,1.0,tie,main,,
mmlu,0.3,aip_gated,race,0.9225000000000001,0.9267857142857142,-0.004285714285714287,-0.011785714285714288,0.0007142857142857145,0.5538940370211425,80,1.0,tie,main,,
mmlu,0.3,aip_soft,race,0.9225000000000001,0.924642857142857,-0.0021428571428571434,-0.007500000000000002,0.0010714285714285717,0.9929035095959442,80,1.0,tie,main,,
mmlu,0.4,self,race,0.9200000000000002,0.8391666666666666,0.08083333333333331,0.05541666666666665,0.10624999999999998,8.086530167060102e-08,80,1.5431938463642692e-05,win,main,,
mmlu,0.4,majority,race,0.9200000000000002,0.7725000000000001,0.14750000000000002,0.09,0.20999999999999996,1.796392350536278e-06,80,0.00032514701544706634,win,main,,
mmlu,0.4,ds_onecoin,race,0.9200000000000002,0.9225,-0.0025000000000000014,-0.015,0.007499999999999998,0.6382937065250688,80,1.0,tie,main,,
mmlu,0.4,aip_gated,race,0.9200000000000002,0.9295833333333332,-0.009583333333333336,-0.02458333333333334,0.002927083333333273,0.2468424224521626,80,1.0,tie,main,,
mmlu,0.4,aip_soft,race,0.9200000000000002,0.9295833333333332,-0.009583333333333336,-0.023333333333333334,0.0008437499999999455,0.24484858460377745,80,1.0,tie,main,,
mmlu,0.5,self,race,0.9185000000000001,0.8295,0.089,0.061499999999999985,0.11751249999999994,1.907325322662466e-07,80,3.5857716066054364e-05,win,main,,
mmlu,0.5,majority,race,0.9185000000000001,0.265,0.6535,0.561975,0.7424999999999999,6.023357074382349e-14,80,1.3191151992897344e-11,win,main,,
mmlu,0.5,ds_onecoin,race,0.9185000000000001,0.0,0.9185000000000001,0.857,0.9685,1.9209981068262828e-17,80,5.148274926294438e-15,win,main,,
mmlu,0.5,aip_gated,race,0.9185000000000001,0.9359999999999999,-0.0175,-0.039512500000000006,-0.0015,0.23697247614427597,80,1.0,tie,main,,
mmlu,0.5,aip_soft,race,0.9185000000000001,0.9365,-0.018000000000000002,-0.0385,-0.0020000000000000005,0.23697247614427597,80,1.0,tie,main,,
mmlu,0.6,self,race,0.9125,0.85,0.062499999999999986,0.04312499999999999,0.08374999999999999,3.383526948969105e-07,80,6.327195394572227e-05,win,main,,
mmlu,0.6,majority,race,0.9125,0.0,0.9125,0.8549374999999999,0.9649999999999999,3.5415049685841465e-17,80,9.349573117062147e-15,win,main,,
mmlu,0.6,ds_onecoin,race,0.9125,0.0,0.9125,0.8550000000000001,0.9625,3.5415049685841465e-17,80,9.349573117062147e-15,win,main,,
mmlu,0.6,aip_gated,race,0.9125,0.93,-0.017499999999999998,-0.035625,-0.003124999999999996,0.2808770802224073,80,1.0,tie,main,,
mmlu,0.6,aip_soft,race,0.9125,0.93125,-0.01875,-0.03625,-0.004374999999999999,0.05503008699885666,80,1.0,tie,main,,
mmlu,0.7,self,race,0.905,0.8408333333333331,0.06416666666666668,0.044166666666666674,0.08585416666666659,2.984459615530632e-08,80,5.879385442595345e-06,win,main,,
mmlu,0.7,majority,race,0.905,0.0,0.905,0.8458333333333332,0.9541666666666668,6.675141744157837e-17,80,1.7422119952251953e-14,win,main,,
mmlu,0.7,ds_onecoin,race,0.905,0.0,0.905,0.8483333333333334,0.9525208333333333,6.675141744157837e-17,80,1.7422119952251953e-14,win,main,,
mmlu,0.7,aip_gated,race,0.905,0.9208333333333334,-0.01583333333333333,-0.0391875,0.005000000000000004,0.9247893248589031,80,1.0,tie,main,,
mmlu,0.7,aip_soft,race,0.905,0.925,-0.02,-0.043333333333333335,4.1980308118636835e-18,0.6695706150689382,80,1.0,tie,main,,
mmlu,0.8,self,race,0.90625,0.8524999999999998,0.053749999999999985,0.03874999999999999,0.06999999999999999,1.9788717357982367e-08,80,3.918166036880509e-06,win,main,,
mmlu,0.8,majority,race,0.90625,0.0,0.90625,0.85125,0.9512499999999999,2.0977960357704173e-16,80,5.1815562083529305e-14,win,main,,
mmlu,0.8,ds_onecoin,race,0.90625,0.0,0.90625,0.8537500000000001,0.9550000000000001,2.0977960357704173e-16,80,5.1815562083529305e-14,win,main,,
mmlu,0.8,aip_gated,race,0.90625,0.88375,0.022499999999999992,0.00624999999999999,0.03749999999999999,0.00022957604830171495,80,0.03581386353506753,win,main,,
mmlu,0.8,aip_soft,race,0.90625,0.88375,0.022499999999999992,0.006249999999999994,0.03749999999999999,0.00022957604830171495,80,0.03581386353506753,win,main,,
mmlu,0.9,self,race,0.8625,0.86,0.002500000000000001,0.0,0.007500000000000002,0.31731050786291415,80,1.0,tie,main,,
mmlu,0.9,majority,race,0.8625,0.0,0.8625,0.8024999999999999,0.9125,6.058535333589637e-16,80,1.4601070153951027e-13,win,main,,
mmlu,0.9,ds_onecoin,race,0.8625,0.0,0.8625,0.805,0.915,6.058535333589637e-16,80,1.4601070153951027e-13,win,main,,
mmlu,0.9,aip_gated,race,0.8625,0.0,0.8625,0.8074999999999999,0.9125,6.058535333589637e-16,80,1.4601070153951027e-13,win,main,,
mmlu,0.9,aip_soft,race,0.8625,0.0,0.8625,0.8075000000000001,0.9175000000000001,6.058535333589637e-16,80,1.4601070153951027e-13,win,main,,
arc,0.3,self,race,0.9875,0.9351190476190476,0.052380952380952396,0.027366071428571434,0.08154761904761906,0.00022983931845714352,80,0.1558310579139433,tie,zoo,attractor,1.0
arc,0.3,majority,race,0.9875,0.9,0.08750000000000001,0.04166666666666667,0.1375,0.0005387471151971827,80,0.3454332106639977,tie,zoo,attractor,1.0
arc,0.3,ds_onecoin,race,0.9875,0.9958333333333333,-0.008333333333333335,-0.020833333333333336,0.0,0.15730741684009697,80,1.0,tie,zoo,attractor,1.0
arc,0.3,aip_gated,race,0.9875,1.0,-0.0125,-0.03333333333333334,0.0,0.15730741684009697,80,1.0,tie,zoo,attractor,1.0
arc,0.3,aip_soft,race,0.9875,1.0,-0.0125,-0.03333333333333334,0.0,0.15730741684009697,80,1.0,tie,zoo,attractor,1.0
arc,0.3,self,race,0.9541666666666666,0.9351190476190476,0.019047619047619056,-0.00654761904761904,0.045238095238095244,0.03626451604138475,80,1.0,tie,zoo,camouflage,0.7
arc,0.3,majority,race,0.9541666666666666,0.9166666666666667,0.0375,0.008333333333333333,0.075,0.02537139393886399,80,1.0,tie,zoo,camouflage,0.7
arc,0.3,ds_onecoin,race,0.9541666666666666,0.9208333333333334,0.03333333333333334,0.004166666666666667,0.075,0.09819375944180565,80,1.0,tie,zoo,camouflage,0.7
arc,0.3,aip_gated,race,0.9541666666666666,0.9238095238095237,0.03035714285714286,-0.0011904761904761897,0.06785714285714285,0.24285759148963215,80,1.0,tie,zoo,camouflage,0.7
arc,0.3,aip_soft,race,0.9541666666666666,0.9238095238095237,0.03035714285714286,0.0017857142857142857,0.06904761904761905,0.24285759148963215,80,1.0,tie,zoo,camouflage,0.7
arc,0.3,self,race,0.9625,0.9351190476190476,0.027380952380952384,0.005342261904761906,0.05059523809523812,0.007614536753627199,80,1.0,tie,zoo,camouflage,0.9
arc,0.3,majority,race,0.9625,0.9,0.0625,0.029166666666666664,0.10416666666666667,0.0009197104430808888,80,0.5549475404803971,tie,zoo,camouflage,0.9
arc,0.3,ds_onecoin,race,0.9625,0.9125,0.05,0.020833333333333336,0.08333333333333334,0.0015750397258758365,80,0.9292734382667436,tie,zoo,camouflage,0.9
arc,0.3,aip_gated,race,0.9625,0.8863095238095238,0.07619047619047618,0.03928571428571429,0.1220238095238095,6.540143983210527e-05,80,0.046305924798761416,win,zoo,camouflage,0.9
arc,0.3,aip_soft,race,0.9625,0.7738095238095237,0.1886904761904762,0.16130952380952382,0.22025297619047612,3.4940999235427825e-17,80,4.0182149120742e-14,win,zoo,camouflage,0.9
arc,0.3,self,race,0.9708333333333334,0.9351190476190476,0.03571428571428572,0.017261904761904763,0.05535714285714286,0.001209144278540288,80,0.7218591342885519,tie,zoo,echo,1.0
arc,0.3,majority,race,0.9708333333333334,0.9708333333333334,0.0,0.0,0.0,1.0,80,1.0,tie,zoo,echo,1.0
arc,0.3,ds_onecoin,race,0.9708333333333334,0.9791666666666667,-0.008333333333333335,-0.020833333333333336,0.0,0.15730741684009697,80,1.0,tie,zoo,echo,1.0
arc,0.3,aip_gated,race,0.9708333333333334,0.975,-0.004166666666666667,-0.0125,0.0,0.31731050786291415,80,1.0,tie,zoo,echo,1.0
arc,0.3,aip_soft,race,0.9708333333333334,0.975,-0.004166666666666667,-0.0125,0.0,0.31731050786291415,80,1.0,tie,zoo,echo,1.0
arc,0.3,self,race,0.9875,0.9351190476190476,0.052380952380952396,0.024404761904761915,0.08394345238095231,0.0003024824029603046,80,0.20175576277452315,tie,zoo,gate_aware,0.0
arc,0.3,majority,race,0.9875,0.95,0.037500000000000006,0.0125,0.07083333333333335,0.008159037404865333,80,1.0,tie,zoo,gate_aware,0.0
arc,0.3,ds_onecoin,race,0.9875,0.9958333333333333,-0.008333333333333333,-0.025,0.0,0.31731050786291415,80,1.0,tie,zoo,gate_aware,0.0
arc,0.3,aip_gated,race,0.9875,0.9517857142857142,0.03571428571428572,0.010714285714285714,0.06904761904761905,0.004691651798093793,80,1.0,tie,zoo,gate_aware,0.0
arc,0.3,aip_soft,race,0.9875,0.9636904761904761,0.023809523809523808,0.002976190476190477,0.05357142857142857,0.09712777838580233,80,1.0,tie,zoo,gate_aware,0.0
arc,0.3,self,race,0.9875,0.9351190476190476,0.052380952380952396,0.02797619047619048,0.08095238095238096,0.00022983931845714352,80,0.1558310579139433,tie,zoo,gate_aware,0.25
arc,0.3,majority,race,0.9875,0.95,0.0375,0.0125,0.07083333333333333,0.008168260470123903,80,1.0,tie,zoo,gate_aware,0.25
arc,0.3,ds_onecoin,race,0.9875,0.9958333333333333,-0.008333333333333335,-0.020833333333333336,0.0,0.15730741684009697,80,1.0,tie,zoo,gate_aware,0.25
arc,0.3,aip_gated,race,0.9875,0.9488095238095238,0.03869047619047619,0.009523809523809525,0.07321428571428572,0.008170951534317935,80,1.0,tie,zoo,gate_aware,0.25
arc,0.3,aip_soft,race,0.9875,0.9678571428571429,0.019642857142857146,0.0047619047619047615,0.039285714285714285,0.014328837283834503,80,1.0,tie,zoo,gate_aware,0.25
arc,0.3,self,race,0.9875,0.9351190476190476,0.052380952380952396,0.027380952380952384,0.08096726190476185,0.00022983931845714352,80,0.1558310579139433,tie,zoo,gate_aware,0.5
arc,0.3,majority,race,0.9875,0.9541666666666666,0.03333333333333334,0.008333333333333335,0.06250000000000001,0.014327486313999917,80,1.0,tie,zoo,gate_aware,0.5
arc,0.3,ds_onecoin,race,0.9875,0.9958333333333333,-0.008333333333333335,-0.020833333333333336,0.0,0.15730741684009697,80,1.0,tie,zoo,gate_aware,0.5
arc,0.3,aip_gated,race,0.9875,0.9625,0.025,0.004166666666666667,0.054166666666666675,0.04551997832170068,80,1.0,tie,zoo,gate_aware,0.5
arc,0.3,aip_soft,race,0.9875,0.9702380952380952,0.017261904761904763,0.0017857142857142863,0.036904761904761905,0.04552216892442034,80,1.0,tie,zoo,gate_aware,0.5
arc,0.3,self,race,0.9833333333333332,0.9351190476190476,0.04821428571428572,0.025580357142857148,0.0750148809523809,0.00022983931845714352,80,0.1558310579139433,tie,zoo,gate_aware,0.75
arc,0.3,majority,race,0.9833333333333332,0.9541666666666666,0.029166666666666667,0.008333333333333335,0.054166666666666675,0.014326135400321151,80,1.0,tie,zoo,gate_aware,0.75
arc,0.3,ds_onecoin,race,0.9833333333333332,0.9916666666666668,-0.008333333333333335,-0.020833333333333336,0.0,0.15730741684009697,80,1.0,tie,zoo,gate_aware,0.75
arc,0.3,aip_gated,race,0.9833333333333332,0.9595238095238094,0.023809523809523808,0.004166666666666667,0.048214285714285716,0.02536898605682532,80,1.0,tie,zoo,gate_aware,0.75
arc,0.3,aip_soft,race,0.9833333333333332,0.9845238095238095,-0.0011904761904761904,-0.0035714285714285713,0.0,0.31731050786291415,80,1.0,tie,zoo,gate_aware,0.75
arc,0.3,self,race,0.9791666666666666,0.9351190476190476,0.04404761904761905,0.018452380952380963,0.07261904761904762,0.0003185595387827561,80,0.210249295596619,tie,zoo,gate_aware,1.0
arc,0.3,majority,race,0.9791666666666666,0.95,0.029166666666666667,0.008333333333333335,0.054166666666666675,0.014326135400321151,80,1.0,tie,zoo,gate_aware,1.0
arc,0.3,ds_onecoin,race,0.9791666666666666,0.9916666666666668,-0.0125,-0.03333333333333333,0.0,0.15730741684009697,80,1.0,tie,zoo,gate_aware,1.0
arc,0.3,aip_gated,race,0.9791666666666666,0.9839285714285715,-0.004761904761904762,-0.014300595238095239,0.0,0.15730741684009697,80,1.0,tie,zoo,gate_aware,1.0
arc,0.3,aip_soft,race,0.9791666666666666,0.9839285714285715,-0.004761904761904762,-0.013690476190476192,0.0,0.15730741684009697,80,1.0,tie,zoo,gate_aware,1.0
arc,0.3,self,race,0.9958333333333333,0.9351190476190476,0.06071428571428572,0.03450892857142857,0.09047619047619049,3.889380576426565e-05,80,0.028275796790621126,win,zoo,independent,1.0
arc,0.3,majority,race,0.9958333333333333,0.95,0.04583333333333334,0.0125,0.0875,0.008168644880121631,80,1.0,tie,zoo,independent,1.0
arc,0.3,ds_onecoin,race,0.9958333333333333,0.9958333333333333,0.0,0.0,0.0,1.0,80,1.0,tie,zoo,independent,1.0
arc,0.3,aip_gated,race,0.9958333333333333,0.9565476190476192,0.03928571428571429,0.01130952380952381,0.07620535714285707,0.004694084116835302,80,1.0,tie,zoo,independent,1.0
arc,0.3,aip_soft,race,0.9958333333333333,0.9660714285714285,0.02976190476190476,0.004761904761904763,0.06430059523809517,0.02537139393886399,80,1.0,tie,zoo,independent,1.0
arc,0.3,self,race,0.9839285714285714,0.9351190476190476,0.048809523809523817,0.02678571428571429,0.0738244047619047,0.00022983931845714352,80,0.1558310579139433,tie,zoo,partial,0.5
arc,0.3,majority,race,0.9839285714285714,0.9833333333333332,0.0005952380952380959,-0.010714285714285714,0.0125,0.9929035095959442,80,1.0,tie,zoo,partial,0.5
arc,0.3,ds_onecoin,race,0.9839285714285714,0.9958333333333333,-0.011904761904761904,-0.027976190476190477,0.0,0.08328098628159922,80,1.0,tie,zoo,partial,0.5
arc,0.3,aip_gated,race,0.9839285714285714,0.9767857142857143,0.007142857142857143,0.001190476190476189,0.014880952380952384,0.02537018998796114,80,1.0,tie,zoo,partial,0.5
arc,0.3,aip_soft,race,0.9839285714285714,0.975595238095238,0.008333333333333335,-0.0005952380952380959,0.02023809523809524,0.3082006241536853,80,1.0,tie,zoo,partial,0.5
arc,0.3,self,race,0.975,0.9351190476190476,0.039880952380952385,0.017247023809523813,0.06428571428571431,0.00032689481639289056,80,0.2154236840029149,tie,zoo,partial,0.8
arc,0.3,majority,race,0.975,0.9625,0.0125,0.0,0.029166666666666667,0.08327686887710241,80,1.0,tie,zoo,partial,0.8
arc,0.3,ds_onecoin,race,0.975,0.9916666666666668,-0.01666666666666667,-0.041666666666666664,0.0,0.08327686887710241,80,1.0,tie,zoo,partial,0.8
arc,0.3,aip_gated,race,0.975,0.9720238095238095,0.002976190476190477,-0.009523809523809523,0.01666666666666667,0.9847561172018832,80,1.0,tie,zoo,partial,0.8
arc,0.3,aip_soft,race,0.975,0.9708333333333332,0.0041666666666666675,-0.008333333333333333,0.01666666666666667,0.5587931134723696,80,1.0,tie,zoo,partial,0.8
arc,0.3,self,race,0.961904761904762,0.9351190476190476,0.02678571428571429,9.575673587391982e-18,0.0517857142857143,0.0022489830574464117,80,1.0,tie,zoo,sleeper,1.0
arc,0.3,majority,race,0.961904761904762,0.95,0.011904761904761908,-0.008348214285714287,0.03273809523809525,0.25696817048507514,80,1.0,tie,zoo,sleeper,1.0
arc,0.3,ds_onecoin,race,0.961904761904762,0.9642857142857142,-0.0023809523809523816,-0.026190476190476188,0.018452380952380953,0.9789920753685305,80,1.0,tie,zoo,sleeper,1.0
arc,0.3,aip_gated,race,0.961904761904762,0.9559523809523809,0.0059523809523809494,-0.013095238095238099,0.0244047619047619,0.14591136249745287,80,1.0,tie,zoo,sleeper,1.0
arc,0.3,aip_soft,race,0.961904761904762,0.9553571428571427,0.0065476190476190434,-0.0125,0.0244047619047619,0.14591136249745287,80,1.0,tie,zoo,sleeper,1.0
arc,0.3,self,race,0.975,0.9351190476190476,0.039880952380952385,0.01605654761904762,0.06726190476190477,0.00032689481639289056,80,0.2154236840029149,tie,zoo,uninformative,1.0
arc,0.3,majority,race,0.975,0.975,0.0,-0.0125,0.0125,1.0,80,1.0,tie,zoo,uninformative,1.0
arc,0.3,ds_onecoin,race,0.975,0.9875,-0.0125,-0.03333333333333333,0.0,0.15730741684009697,80,1.0,tie,zoo,uninformative,1.0
arc,0.3,aip_gated,race,0.975,0.9803571428571427,-0.005357142857142857,-0.014880952380952384,0.0,0.15730741684009697,80,1.0,tie,zoo,uninformative,1.0
arc,0.3,aip_soft,race,0.975,0.9779761904761906,-0.002976190476190477,-0.009523809523809523,0.001190476190476189,0.5538940370211425,80,1.0,tie,zoo,uninformative,1.0
arc,0.5,self,race,0.9799999999999999,0.9175000000000001,0.0625,0.034166666666666665,0.09666666666666665,0.00023293776216307442,80,0.15630123841142293,tie,zoo,attractor,1.0
arc,0.5,majority,race,0.9799999999999999,0.3958333333333333,0.5841666666666667,0.48916666666666675,0.675,1.3231981082936997e-13,80,1.3231981082936997e-10,win,zoo,attractor,1.0
arc,0.5,ds_onecoin,race,0.9799999999999999,0.0,0.9799999999999999,0.9549166666666665,1.0,1.484886448871769e-18,80,1.8226529013356192e-15,win,zoo,attractor,1.0
arc,0.5,aip_gated,race,0.9799999999999999,1.0,-0.02,-0.04504166666666667,0.0,0.08327686887710241,80,1.0,tie,zoo,attractor,1.0
arc,0.5,aip_soft,race,0.9799999999999999,0.9991666666666668,-0.019166666666666665,-0.044166666666666674,0.0,0.08327686887710241,80,1.0,tie,zoo,attractor,1.0
arc,0.5,self,race,0.9416666666666668,0.9175000000000001,0.02416666666666666,0.0016666666666666588,0.04833333333333331,0.0816823836969067,80,1.0,tie,zoo,camouflage,0.7
arc,0.5,majority,race,0.9416666666666668,0.8916666666666666,0.05,0.008333333333333335,0.09583333333333333,0.012022892242480137,80,1.0,tie,zoo,camouflage,0.7
arc,0.5,ds_onecoin,race,0.9416666666666668,0.8916666666666666,0.05,0.008333333333333337,0.09583333333333333,0.012022892242480137,80,1.0,tie,zoo,camouflage,0.7
arc,0.5,aip_gated,race,0.9416666666666668,0.8400000000000001,0.10166666666666677,0.06581250000000008,0.1425000000000001,1.2735567406400813e-15,80,1.3856297338164085e-12,win,zoo,camouflage,0.7
arc,0.5,aip_soft,race,0.9416666666666668,0.8400000000000001,0.10166666666666677,0.06750000000000009,0.1375000000000001,1.2735567406400813e-15,80,1.3856297338164085e-12,win,zoo,camouflage,0.7
arc,0.5,self,race,0.95,0.9175000000000001,0.03249999999999999,0.011666666666666662,0.05418749999999988,0.006956818076714808,80,1.0,tie,zoo,camouflage,0.9
arc,0.5,majority,race,0.95,0.7916666666666667,0.15833333333333333,0.08666666666666667,0.23666666666666666,6.512788297997386e-05,80,0.046305924798761416,win,zoo,camouflage,0.9
arc,0.5,ds_onecoin,race,0.95,0.7916666666666667,0.15833333333333333,0.08833333333333333,0.2375208333333332,6.512788297997386e-05,80,0.046305924798761416,win,zoo,camouflage,0.9
arc,0.5,aip_gated,race,0.95,0.7916666666666667,0.15833333333333333,0.08997916666666667,0.2375208333333332,6.512788297997386e-05,80,0.046305924798761416,win,zoo,camouflage,0.9
arc,0.5,aip_soft,race,0.95,0.7916666666666667,0.15833333333333333,0.08666666666666667,0.23835416666666656,6.512788297997386e-05,80,0.046305924798761416,win,zoo,camouflage,0.9
arc,0.5,self,race,0.95,0.9175000000000001,0.03249999999999999,0.01166666666666666,0.05668749999999988,0.01222909232123709,80,1.0,tie,zoo,echo,1.0
arc,0.5,majority,race,0.95,0.9416666666666667,0.008333333333333333,0.0,0.020833333333333332,0.15729920705028502,80,1.0,tie,zoo,echo,1.0
arc,0.5,ds_onecoin,race,0.95,0.95,0.0,0.0,0.0,1.0,80,1.0,tie,zoo,echo,1.0
arc,0.5,aip_gated,race,0.95,0.9408333333333335,0.009166666666666667,0.0008333333333333332,0.021666666666666667,0.04552216892442034,80,1.0,tie,zoo,echo,1.0
arc,0.5,aip_soft,race,0.95,0.9416666666666668,0.008333333333333335,0.0,0.02,0.08328098628159922,80,1.0,tie,zoo,echo,1.0
arc,0.5,self,race,0.9875,0.9175000000000001,0.06999999999999999,0.03916666666666666,0.10583333333333331,3.890555915625417e-05,80,0.028275796790621126,win,zoo,gate_aware,0.0
arc,0.5,majority,race,0.9875,0.85,0.1375,0.075,0.20833333333333331,3.8735406193494605e-05,80,0.028199375708864074,win,zoo,gate_aware,0.0
arc,0.5,ds_onecoin,race,0.9875,0.9875,0.0,0.0,0.0,1.0,80,1.0,tie,zoo,gate_aware,0.0
arc,0.5,aip_gated,race,0.9875,0.8483333333333334,0.1391666666666667,0.07916666666666668,0.20502083333333324,1.3755056275283988e-05,80,0.01031629220646299,win,zoo,gate_aware,0.0
arc,0.5,aip_soft,race,0.9875,0.8949999999999999,0.09250000000000001,0.044166666666666674,0.15,6.548302577867383e-05,80,0.046305924798761416,win,zoo,gate_aware,0.0
arc,0.5,self,race,0.9833333333333332,0.9175000000000001,0.06583333333333333,0.03666666666666666,0.0975,3.890555915625417e-05,80,0.028275796790621126,win,zoo,gate_aware,0.25
arc,0.5,majority,race,0.9833333333333332,0.8625,0.12083333333333335,0.06666666666666668,0.18333333333333335,6.538839333143106e-05,80,0.046305924798761416,win,zoo,gate_aware,0.25
arc,0.5,ds_onecoin,race,0.9833333333333332,0.9833333333333332,0.0,0.0,0.0,1.0,80,1.0,tie,zoo,gate_aware,0.25
arc,0.5,aip_gated,race,0.9833333333333332,0.845,0.13833333333333334,0.08,0.2041874999999999,2.314616397516661e-05,80,0.017008102735793628,win,zoo,gate_aware,0.25
arc,0.5,aip_soft,race,0.9833333333333332,0.9108333333333334,0.07250000000000001,0.034166666666666665,0.11833333333333332,0.0005392661620424992,80,0.3454332106639977,tie,zoo,gate_aware,0.25
arc,0.5,self,race,0.9791666666666666,0.9175000000000001,0.06166666666666666,0.034166666666666665,0.09166666666666666,3.891143689224593e-05,80,0.028275796790621126,win,zoo,gate_aware,0.5
arc,0.5,majority,race,0.9791666666666666,0.7916666666666666,0.1875,0.12916666666666668,0.25,8.848300939926235e-08,80,7.423724488598111e-05,win,zoo,gate_aware,0.5
arc,0.5,ds_onecoin,race,0.9791666666666666,0.975,0.0041666666666666675,0.0,0.0125,0.31731050786291415,80,1.0,tie,zoo,gate_aware,0.5
arc,0.5,aip_gated,race,0.9791666666666666,0.9083333333333332,0.07083333333333333,0.025,0.12083333333333332,0.002714655105259367,80,1.0,tie,zoo,gate_aware,0.5
arc,0.5,aip_soft,race,0.9791666666666666,0.9275,0.05166666666666667,0.020833333333333336,0.08752083333333323,0.002714911731222906,80,1.0,tie,zoo,gate_aware,0.5
arc,0.5,self,race,0.9791666666666666,0.9175000000000001,0.06166666666666666,0.03583333333333332,0.0925,3.891143689224593e-05,80,0.028275796790621126,win,zoo,gate_aware,0.75
arc,0.5,majority,race,0.9791666666666666,0.6625,0.3166666666666667,0.2416666666666667,0.3917708333333328,7.96970294044486e-11,80,7.332126705209271e-08,win,zoo,gate_aware,0.75
arc,0.5,ds_onecoin,race,0.9791666666666666,0.9708333333333332,0.008333333333333335,0.0,0.020833333333333336,0.15730741684009697,80,1.0,tie,zoo,gate_aware,0.75
arc,0.5,aip_gated,race,0.9791666666666666,0.9166666666666666,0.0625,0.03,0.10085416666666655,0.0005391363676085303,80,0.3454332106639977,tie,zoo,gate_aware,0.75
arc,0.5,aip_soft,race,0.9791666666666666,0.9616666666666667,0.017499999999999998,0.0016666666666666666,0.03918749999999989,0.02537018998796114,80,1.0,tie,zoo,gate_aware,0.75
arc,0.5,self,race,0.9708333333333332,0.9175000000000001,0.05333333333333332,0.029999999999999992,0.07916666666666666,3.8913396291663756e-05,80,0.028275796790621126,win,zoo,gate_aware,1.0
arc,0.5,majority,race,0.9708333333333332,0.3958333333333333,0.575,0.4875,0.6583333333333334,1.5065839833246994e-13,80,1.5050773993413747e-10,win,zoo,gate_aware,1.0
arc,0.5,ds_onecoin,race,0.9708333333333332,0.0,0.9708333333333332,0.9416666666666668,0.9916666666666668,4.8885885988374226e-18,80,5.924969381790956e-15,win,zoo,gate_aware,1.0
arc,0.5,aip_gated,race,0.9708333333333332,0.9633333333333333,0.007499999999999998,-0.0016666666666666692,0.019999999999999997,0.5538887445996896,80,1.0,tie,zoo,gate_aware,1.0
arc,0.5,aip_soft,race,0.9708333333333332,0.9608333333333332,0.009999999999999998,0.0,0.024166666666666663,0.08327686887710241,80,1.0,tie,zoo,gate_aware,1.0
arc,0.5,self,race,0.9833333333333332,0.9175000000000001,0.06583333333333333,0.03583333333333333,0.10002083333333323,0.00022992379871886878,80,0.1558310579139433,tie,zoo,independent,1.0
arc,0.5,majority,race,0.9833333333333332,0.8666666666666668,0.11666666666666665,0.058333333333333334,0.1875,0.00018664644569288034,80,0.12747952240823726,tie,zoo,independent,1.0
arc,0.5,ds_onecoin,race,0.9833333333333332,0.9833333333333332,0.0,0.0,0.0,1.0,80,1.0,tie,zoo,independent,1.0
arc,0.5,aip_gated,race,0.9833333333333332,0.8558333333333333,0.1275,0.06666666666666668,0.18833333333333332,0.00011028531913731775,80,0.07701679605653144,tie,zoo,independent,1.0
arc,0.5,aip_soft,race,0.9833333333333332,0.8908333333333334,0.0925,0.045000000000000005,0.14666666666666667,0.0003169936812307273,80,0.20989159186954567,tie,zoo,independent,1.0
arc,0.5,self,race,0.9733333333333334,0.9175000000000001,0.055833333333333325,0.030812499999999993,0.08252083333333321,3.8913396291663756e-05,80,0.028275796790621126,win,zoo,partial,0.5
arc,0.5,majority,race,0.9733333333333334,0.95,0.023333333333333338,0.0024791666666666677,0.046666666666666676,0.09055799225648434,80,1.0,tie,zoo,partial,0.5
arc,0.5,ds_onecoin,race,0.9733333333333334,0.975,-0.0016666666666666663,-0.004999999999999999,0.0,0.31731050786291415,80,1.0,tie,zoo,partial,0.5
arc,0.5,aip_gated,race,0.9733333333333334,0.89,0.0833333333333334,0.06581250000000005,0.10500000000000005,3.4310415656265993e-15,80,3.678076558351715e-12,win,zoo,partial,0.5
arc,0.5,aip_soft,race,0.9733333333333334,0.8733333333333334,0.10000000000000009,0.07833333333333341,0.12500000000000006,1.487957174282697e-16,80,1.6799036497651648e-13,win,zoo,partial,0.5
arc,0.5,self,race,0.9625,0.9175000000000001,0.04499999999999999,0.020833333333333325,0.06999999999999999,0.0015452833744130062,80,0.9148077576524997,tie,zoo,partial,0.8
arc,0.5,majority,race,0.9625,0.7333333333333332,0.22916666666666669,0.16666666666666669,0.29583333333333334,1.8313601770782634e-09,80,1.620753756714263e-06,win,zoo,partial,0.8
arc,0.5,ds_onecoin,race,0.9625,0.9583333333333334,0.004166666666666667,0.0,0.0125,0.31731050786291415,80,1.0,tie,zoo,partial,0.8
arc,0.5,aip_gated,race,0.9625,0.9233333333333332,0.03916666666666667,0.012500000000000002,0.07083333333333333,0.017842306501130747,80,1.0,tie,zoo,partial,0.8
arc,0.5,aip_soft,race,0.9625,0.9283333333333333,0.034166666666666665,0.008333333333333335,0.06333333333333332,0.017927493498350787,80,1.0,tie,zoo,partial,0.8
arc,0.5,self,race,0.21083333333333334,0.9175000000000001,-0.7066666666666667,-0.7258333333333334,-0.6833333333333333,4.506822548409653e-17,80,5.1693254630258716e-14,loss,zoo,sleeper,1.0
arc,0.5,majority,race,0.21083333333333334,0.3958333333333333,-0.185,-0.27,-0.10166666666666668,0.00021411247172112925,80,0.14559648077036788,tie,zoo,sleeper,1.0
arc,0.5,ds_onecoin,race,0.21083333333333334,0.7916666666666667,-0.5808333333333333,-0.6416666666666668,-0.5133333333333334,1.5442891436208274e-15,80,1.674009431684977e-12,loss,zoo,sleeper,1.0
arc,0.5,aip_gated,race,0.21083333333333334,0.33499999999999996,-0.12416666666666668,-0.13252083333333334,-0.11499999999999996,1.8548951955020253e-16,80,2.0830473045487744e-13,loss,zoo,sleeper,1.0
arc,0.5,aip_soft,race,0.21083333333333334,0.22749999999999998,-0.01666666666666667,-0.027500000000000004,-0.006666666666666668,0.0009187873186761542,80,0.5549475404803971,tie,zoo,sleeper,1.0
arc,0.5,self,race,0.9625,0.9175000000000001,0.04499999999999999,0.02166666666666666,0.07166666666666666,0.0015452833744130062,80,0.9148077576524997,tie,zoo,uninformative,1.0
arc,0.5,majority,race,0.9625,0.9416666666666667,0.020833333333333332,-0.0041666666666666675,0.05,0.24283490080196724,80,1.0,tie,zoo,uninformative,1.0
arc,0.5,ds_onecoin,race,0.9625,0.9583333333333334,0.004166666666666667,0.0,0.0125,0.31731050786291415,80,1.0,tie,zoo,uninformative,1.0
arc,0.5,aip_gated,race,0.9625,0.9525,0.01,-0.004166666666666667,0.025,0.060186100396418224,80,1.0,tie,zoo,uninformative,1.0
arc,0.5,aip_soft,race,0.9625,0.9475000000000001,0.015000000000000003,0.0024999999999999996,0.030000000000000006,0.03496116596619276,80,1.0,tie,zoo,uninformative,1.0
arc,0.7,self,race,0.9625,0.9069444444444443,0.05555555555555556,0.026388888888888896,0.0875,0.0004247800142565505,80,0.2786556893522971,tie,zoo,attractor,1.0
arc,0.7,majority,race,0.9625,0.0,0.9625,0.9263888888888889,0.9930555555555556,3.3533785348409705e-18,80,4.087088165533766e-15,win,zoo,attractor,1.0
arc,0.7,ds_onecoin,race,0.9625,0.0,0.9625,0.923611111111111,0.9916666666666668,3.3533785348409705e-18,80,4.087088165533766e-15,win,zoo,attractor,1.0
arc,0.7,aip_gated,race,0.9625,0.9847222222222223,-0.02222222222222222,-0.05277777777777777,0.0027777777777777805,0.10366455594256074,80,1.0,tie,zoo,attractor,1.0
arc,0.7,aip_soft,race,0.9625,0.9875,-0.025,-0.05555555555555556,-0.002777777777777776,0.02537018998796114,80,1.0,tie,zoo,attractor,1.0
arc,0.7,self,race,0.8708333333333333,0.9069444444444443,-0.03611111111111111,-0.05972222222222221,-0.016666666666666663,0.0003165785699389829,80,0.20989159186954567,tie,zoo,camouflage,0.7
arc,0.7,majority,race,0.8708333333333333,0.8208333333333332,0.05,0.015277777777777776,0.08888888888888888,0.018590238989742627,80,1.0,tie,zoo,camouflage,0.7
arc,0.7,ds_onecoin,race,0.8708333333333333,0.8208333333333332,0.05,0.016666666666666666,0.08888888888888888,0.018590238989742627,80,1.0,tie,zoo,camouflage,0.7
arc,0.7,aip_gated,race,0.8708333333333333,0.5805555555555556,0.29027777777777786,0.2500000000000001,0.32638888888888895,1.1150115979792255e-14,80,1.1696471662802075e-11,win,zoo,camouflage,0.7
arc,0.7,aip_soft,race,0.8708333333333333,0.5805555555555556,0.29027777777777786,0.24861111111111117,0.32638888888888895,1.1150115979792255e-14,80,1.1696471662802075e-11,win,zoo,camouflage,0.7
arc,0.7,self,race,0.8708333333333333,0.9069444444444443,-0.03611111111111111,-0.05972222222222221,-0.018055555555555554,0.0003165785699389829,80,0.20989159186954567,tie,zoo,camouflage,0.9
arc,0.7,majority,race,0.8708333333333333,0.8208333333333332,0.05,0.016666666666666666,0.0875,0.018590238989742627,80,1.0,tie,zoo,camouflage,0.9
arc,0.7,ds_onecoin,race,0.8708333333333333,0.8208333333333332,0.05,0.01666666666666667,0.09027777777777776,0.018590238989742627,80,1.0,tie,zoo,camouflage,0.9
arc,0.7,aip_gated,race,0.8708333333333333,0.5805555555555556,0.29027777777777786,0.24861111111111117,0.32638888888888895,1.1150115979792255e-14,80,1.1696471662802075e-11,win,zoo,camouflage,0.9
arc,0.7,aip_soft,race,0.8708333333333333,0.5805555555555556,0.29027777777777786,0.24861111111111117,0.32500000000000007,1.1150115979792255e-14,80,1.1696471662802075e-11,win,zoo,camouflage,0.9
arc,0.7,self,race,0.9416666666666667,0.9069444444444443,0.03472222222222223,0.012465277777777782,0.05972222222222223,0.015275717637741009,80,1.0,tie,zoo,echo,1.0
arc,0.7,majority,race,0.9416666666666667,0.9291666666666666,0.0125,0.0,0.025,0.08327686887710241,80,1.0,tie,zoo,echo,1.0
arc,0.7,ds_onecoin,race,0.9416666666666667,0.9416666666666667,0.0,0.0,0.0,1.0,80,1.0,tie,zoo,echo,1.0
arc,0.7,aip_gated,race,0.9416666666666667,0.9402777777777779,0.001388888888888891,-0.002777777777777776,0.005555555555555561,0.5538887445996896,80,1.0,tie,zoo,echo,1.0
arc,0.7,aip_soft,race,0.9416666666666667,0.9402777777777779,0.001388888888888891,-0.002777777777777776,0.0069444444444444475,0.5538887445996896,80,1.0,tie,zoo,echo,1.0
arc,0.7,self,race,0.9958333333333333,0.9069444444444443,0.0888888888888889,0.05,0.13611111111111113,3.890555915625417e-05,80,0.028275796790621126,win,zoo,gate_aware,0.0
arc,0.7,majority,race,0.9958333333333333,0.20416666666666666,0.7916666666666667,0.7333333333333334,0.85,1.7318170914626759e-15,80,1.875557910054078e-12,win,zoo,gate_aware,0.0
arc,0.7,ds_onecoin,race,0.9958333333333333,0.0,0.9958333333333333,0.9875,1.0,6.061315252040144e-19,80,7.455417760009376e-16,win,zoo,gate_aware,0.0
arc,0.7,aip_gated,race,0.9958333333333333,0.0,0.9958333333333333,0.9875,1.0,6.061315252040144e-19,80,7.455417760009376e-16,win,zoo,gate_aware,0.0
arc,0.7,aip_soft,race,0.9958333333333333,0.2541666666666667,0.7416666666666666,0.701388888888889,0.7819444444444444,6.087436839438753e-15,80,6.477032797162833e-12,win,zoo,gate_aware,0.0
arc,0.7,self,race,0.9791666666666666,0.9069444444444443,0.07222222222222223,0.04166666666666667,0.10694444444444447,3.891143689224593e-05,80,0.028275796790621126,win,zoo,gate_aware,0.25
arc,0.7,majority,race,0.9791666666666666,0.1125,0.8666666666666668,0.8166666666666668,0.9125,4.626649285608945e-16,80,5.100364993663993e-13,win,zoo,gate_aware,0.25
arc,0.7,ds_onecoin,race,0.9791666666666666,0.0,0.9791666666666666,0.9583333333333334,0.9958333333333332,3.3445893334973532e-18,80,4.087088165533766e-15,win,zoo,gate_aware,0.25
arc,0.7,aip_gated,race,0.9791666666666666,0.0,0.9791666666666666,0.9583333333333333,0.9958333333333332,3.3445893334973532e-18,80,4.087088165533766e-15,win,zoo,gate_aware,0.25
arc,0.7,aip_soft,race,0.9791666666666666,0.20833333333333331,0.7708333333333334,0.7166666666666668,0.8194791666666664,4.577469655295679e-15,80,4.893315061511081e-12,win,zoo,gate_aware,0.25
arc,0.7,self,race,0.9625,0.9069444444444443,0.05555555555555556,0.02777777777777778,0.08611111111111111,0.0003980765112762206,80,0.26153626790847695,tie,zoo,gate_aware,0.5
arc,0.7,majority,race,0.9625,0.03333333333333333,0.9291666666666668,0.8875,0.9666666666666668,3.418924486532002e-17,80,3.938601008484866e-14,win,zoo,gate_aware,0.5
arc,0.7,ds_onecoin,race,0.9625,0.0,0.9625,0.925,0.9916666666666666,4.89653958619419e-18,80,5.928103634698658e-15,win,zoo,gate_aware,0.5
arc,0.7,aip_gated,race,0.9625,0.6055555555555555,0.3569444444444445,0.29861111111111116,0.4180555555555555,1.293111522082388e-13,80,1.2944046336044704e-10,win,zoo,gate_aware,0.5
arc,0.7,aip_soft,race,0.9625,0.8763888888888889,0.08611111111111111,0.047222222222222235,0.13194444444444445,3.8917315321643444e-05,80,0.028275796790621126,win,zoo,gate_aware,0.5
arc,0.7,self,race,0.9625,0.9069444444444443,0.05555555555555556,0.029166666666666674,0.08472222222222223,6.546343802436306e-05,80,0.046305924798761416,win,zoo,gate_aware,0.75
arc,0.7,majority,race,0.9625,0.004166666666666667,0.9583333333333334,0.9291666666666666,0.9833333333333334,9.92548775902881e-18,80,1.159296970254565e-14,win,zoo,gate_aware,0.75
arc,0.7,ds_onecoin,race,0.9625,0.0,0.9625,0.9333333333333332,0.9875,7.022382676812386e-18,80,8.230232497224116e-15,win,zoo,gate_aware,0.75
arc,0.7,aip_gated,race,0.9625,0.6152777777777778,0.3472222222222223,0.32638888888888895,0.3694444444444445,1.2873511706395727e-16,80,1.4559941739933568e-13,win,zoo,gate_aware,0.75
arc,0.7,aip_soft,race,0.9625,0.9486111111111111,0.013888888888888892,-0.0013888888888888853,0.036111111111111115,0.17245372678263393,80,1.0,tie,zoo,gate_aware,0.75
arc,0.7,self,race,0.951388888888889,0.9069444444444443,0.04444444444444445,0.022222222222222227,0.0694791666666665,0.000681649806568217,80,0.42423777488604836,tie,zoo,gate_aware,1.0
arc,0.7,majority,race,0.951388888888889,0.0,0.951388888888889,0.913888888888889,0.9819444444444445,9.934555574326053e-18,80,1.1593626355238503e-14,win,zoo,gate_aware,1.0
arc,0.7,ds_onecoin,race,0.951388888888889,0.0,0.951388888888889,0.913888888888889,0.9819444444444445,9.934555574326053e-18,80,1.1593626355238503e-14,win,zoo,gate_aware,1.0
arc,0.7,aip_gated,race,0.951388888888889,0.9472222222222222,0.004166666666666668,-0.002777777777777776,0.015277777777777779,0.5538940370211425,80,1.0,tie,zoo,gate_aware,1.0
arc,0.7,aip_soft,race,0.951388888888889,0.9472222222222223,0.0041666666666666675,0.0,0.0125,0.31731050786291415,80,1.0,tie,zoo,gate_aware,1.0
arc,0.7,self,race,0.9875,0.9069444444444443,0.08055555555555557,0.044444444444444446,0.12083333333333335,3.891143689224593e-05,80,0.028275796790621126,win,zoo,independent,1.0
arc,0.7,majority,race,0.9875,0.21666666666666665,0.7708333333333334,0.7041666666666667,0.8375,2.344781337916814e-15,80,2.5276742822743256e-12,win,zoo,independent,1.0
arc,0.7,ds_onecoin,race,0.9875,0.004166666666666667,0.9833333333333332,0.9666666666666666,0.9958333333333333,2.252062253911871e-18,80,2.7587762610420424e-15,win,zoo,independent,1.0
arc,0.7,aip_gated,race,0.9875,0.0,0.9875,0.9708333333333332,1.0,1.4842450336609278e-18,80,1.8226529013356192e-15,win,zoo,independent,1.0
arc,0.7,aip_soft,race,0.9875,0.2791666666666667,0.7083333333333334,0.6569444444444446,0.7569791666666665,6.322998746336045e-15,80,6.721347667355215e-12,win,zoo,independent,1.0
arc,0.7,self,race,0.9541666666666668,0.9069444444444443,0.047222222222222235,0.02083333333333334,0.07500000000000001,0.0012976756889995895,80,0.7721170349547557,tie,zoo,partial,0.5
arc,0.7,majority,race,0.9541666666666668,0.8208333333333334,0.13333333333333336,0.08750000000000002,0.1791666666666667,3.7414913309136757e-07,80,0.0003038090960701905,win,zoo,partial,0.5
arc,0.7,ds_onecoin,race,0.9541666666666668,0.9541666666666668,0.0,0.0,0.0,1.0,80,1.0,tie,zoo,partial,0.5
arc,0.7,aip_gated,race,0.9541666666666668,0.7027777777777777,0.25138888888888894,0.20968750000000005,0.2944444444444445,3.320599877031757e-14,80,3.396973674203487e-11,win,zoo,partial,0.5
arc,0.7,aip_soft,race,0.9541666666666668,0.5597222222222221,0.3944444444444445,0.3472222222222223,0.44305555555555565,5.768253683048156e-15,80,6.160494933495431e-12,win,zoo,partial,0.5
arc,0.7,self,race,0.9291666666666668,0.9069444444444443,0.022222222222222233,0.0013888888888888937,0.04444444444444446,0.059827992265854495,80,1.0,tie,zoo,partial,0.8
arc,0.7,majority,race,0.9291666666666668,0.2333333333333333,0.6958333333333334,0.6250000000000001,0.7625,4.468711954198764e-15,80,4.7815217909926775e-12,win,zoo,partial,0.8
arc,0.7,ds_onecoin,race,0.9291666666666668,0.0125,0.9166666666666667,0.8583333333333334,0.9625,2.3687247375066735e-17,80,2.735877071820208e-14,win,zoo,partial,0.8
arc,0.7,aip_gated,race,0.9291666666666668,0.7972222222222223,0.13194444444444448,0.08611111111111111,0.1819791666666665,1.226575697223323e-06,80,0.0009788074063842118,win,zoo,partial,0.8
arc,0.7,aip_soft,race,0.9291666666666668,0.8486111111111111,0.08055555555555556,0.04166666666666667,0.12222222222222223,0.0004392023229694869,80,0.28723831922204446,tie,zoo,partial,0.8
arc,0.7,self,race,0.0,0.9069444444444443,-0.9069444444444443,-0.9486111111111111,-0.8597222222222222,1.2084452499401263e-16,80,1.3679600229322228e-13,loss,zoo,sleeper,1.0
arc,0.7,majority,race,0.0,0.0,0.0,0.0,0.0,1.0,80,1.0,tie,zoo,sleeper,1.0
arc,0.7,ds_onecoin,race,0.0,0.0,0.0,0.0,0.0,1.0,80,1.0,tie,zoo,sleeper,1.0
arc,0.7,aip_gated,race,0.0,0.2180555555555556,-0.2180555555555556,-0.22638888888888892,-0.2083333333333334,3.5949315013379105e-18,80,4.360651911122885e-15,loss,zoo,sleeper,1.0
arc,0.7,aip_soft,race,0.0,0.21527777777777785,-0.21527777777777785,-0.22222222222222227,-0.20694444444444446,1.5943547529518585e-18,80,1.9546789271189784e-15,loss,zoo,sleeper,1.0
arc,0.7,self,race,0.9361111111111111,0.9069444444444443,0.029166666666666674,0.005555555555555561,0.056944444444444464,0.03701502754009456,80,1.0,tie,zoo,uninformative,1.0
arc,0.7,majority,race,0.9361111111111111,0.7791666666666666,0.15694444444444447,0.10690972222222223,0.2125,1.7212989969018725e-07,80,0.00014128348307847931,win,zoo,uninformative,1.0
arc,0.7,ds_onecoin,race,0.9361111111111111,0.9375,-0.0013888888888888896,-0.004166666666666668,0.0,0.31731050786291415,80,1.0,tie,zoo,uninformative,1.0
arc,0.7,aip_gated,race,0.9361111111111111,0.836111111111111,0.10000000000000002,0.05000000000000001,0.1472569444444443,1.0562957700148257e-05,80,0.007975033063611935,win,zoo,uninformative,1.0
arc,0.7,aip_soft,race,0.9361111111111111,0.8958333333333333,0.04027777777777779,0.0027777777777777874,0.08055555555555556,0.003078788551794964,80,1.0,tie,zoo,uninformative,1.0
boolq,0.3,self,race,0.9333333333333332,0.8988095238095237,0.034523809523809526,0.012485119047619049,0.058333333333333334,0.006239434157465591,80,1.0,tie,zoo,attractor,1.0
boolq,0.3,majority,race,0.9333333333333332,0.875,0.058333333333333334,0.020833333333333336,0.10416666666666667,0.004695411136664744,80,1.0,tie,zoo,attractor,1.0
boolq,0.3,ds_onecoin,race,0.9333333333333332,0.95,-0.016666666666666666,-0.041666666666666664,0.0,0.08327686887710241,80,1.0,tie,zoo,attractor,1.0
boolq,0.3,aip_gated,race,0.9333333333333332,0.880952380952381,0.052380952380952375,0.020833333333333336,0.09166666666666667,0.002714655105259367,80,1.0,tie,zoo,attractor,1.0
boolq,0.3,aip_soft,race,0.9333333333333332,0.925,0.008333333333333335,0.0,0.020833333333333336,0.15729920705028502,80,1.0,tie,zoo,attractor,1.0
boolq,0.3,self,race,0.9101190476190476,0.8988095238095237,0.01130952380952381,-0.0071428571428571366,0.03154761904761905,0.11735830068322663,80,1.0,tie,zoo,camouflage,0.7
boolq,0.3,majority,race,0.9101190476190476,0.9083333333333332,0.0017857142857142876,-0.011919642857142856,0.01666666666666667,0.9847561172018832,80,1.0,tie,zoo,camouflage,0.7
boolq,0.3,ds_onecoin,race,0.9101190476190476,0.9083333333333332,0.0017857142857142876,-0.013095238095238094,0.01666666666666667,0.9847561172018832,80,1.0,tie,zoo,camouflage,0.7
boolq,0.3,aip_gated,race,0.9101190476190476,0.9125,-0.0023809523809523807,-0.014285714285714285,0.01011904761904762,0.6547739022603365,80,1.0,tie,zoo,camouflage,0.7
boolq,0.3,aip_soft,race,0.9101190476190476,0.9125,-0.0023809523809523807,-0.014285714285714285,0.009523809523809523,0.6547739022603365,80,1.0,tie,zoo,camouflage,0.7
boolq,0.3,self,race,0.925,0.8988095238095237,0.026190476190476198,0.007142857142857145,0.04583333333333334,0.006862376405636445,80,1.0,tie,zoo,camouflage,0.9
boolq,0.3,majority,race,0.925,0.875,0.05,0.01666666666666667,0.09166666666666665,0.004695189951962086,80,1.0,tie,zoo,camouflage,0.9
boolq,0.3,ds_onecoin,race,0.925,0.9125,0.0125,0.0,0.029166666666666667,0.08327686887710241,80,1.0,tie,zoo,camouflage,0.9
boolq,0.3,aip_gated,race,0.925,0.9,0.025,0.008333333333333335,0.04583333333333334,0.014324109135100276,80,1.0,tie,zoo,camouflage,0.9
boolq,0.3,aip_soft,race,0.925,0.9,0.025,0.008333333333333335,0.04583333333333334,0.014324109135100276,80,1.0,tie,zoo,camouflage,0.9
boolq,0.3,self,race,0.9208333333333332,0.8988095238095237,0.022023809523809525,0.005357142857142859,0.039285714285714285,0.009758403554826383,80,1.0,tie,zoo,echo,1.0
boolq,0.3,majority,race,0.9208333333333332,0.925,-0.0041666666666666675,-0.0125,0.0,0.31731050786291415,80,1.0,tie,zoo,echo,1.0
boolq,0.3,ds_onecoin,race,0.9208333333333332,0.9291666666666668,-0.008333333333333335,-0.020833333333333336,0.0,0.15729920705028502,80,1.0,tie,zoo,echo,1.0
boolq,0.3,aip_gated,race,0.9208333333333332,0.9291666666666668,-0.008333333333333335,-0.020833333333333336,0.0,0.15729920705028502,80,1.0,tie,zoo,echo,1.0
boolq,0.3,aip_soft,race,0.9208333333333332,0.9291666666666668,-0.008333333333333335,-0.020833333333333336,0.0,0.15729920705028502,80,1.0,tie,zoo,echo,1.0
boolq,0.3,self,race,0.9333333333333332,0.8988095238095237,0.034523809523809526,0.011904761904761908,0.059523809523809534,0.006239434157465591,80,1.0,tie,zoo,gate_aware,0.0
boolq,0.3,majority,race,0.9333333333333332,0.875,0.058333333333333334,0.020833333333333336,0.10833333333333335,0.004695411136664744,80,1.0,tie,zoo,gate_aware,0.0
boolq,0.3,ds_onecoin,race,0.9333333333333332,0.95,-0.016666666666666666,-0.0375,0.0,0.08327686887710241,80,1.0,tie,zoo,gate_aware,0.0
boolq,0.3,aip_gated,race,0.9333333333333332,0.880952380952381,0.052380952380952375,0.02023809523809524,0.09166666666666667,0.002714655105259367,80,1.0,tie,zoo,gate_aware,0.0
boolq,0.3,aip_soft,race,0.9333333333333332,0.925,0.008333333333333335,0.0,0.020833333333333336,0.15729920705028502,80,1.0,tie,zoo,gate_aware,0.0
boolq,0.3,self,race,0.9333333333333332,0.8988095238095237,0.034523809523809526,0.013095238095238099,0.06072916666666659,0.006239434157465591,80,1.0,tie,zoo,gate_aware,0.25
boolq,0.3,majority,race,0.9333333333333332,0.875,0.058333333333333334,0.020833333333333336,0.10416666666666667,0.004695411136664744,80,1.0,tie,zoo,gate_aware,0.25
boolq,0.3,ds_onecoin,race,0.9333333333333332,0.95,-0.016666666666666666,-0.03760416666666667,0.0,0.08327686887710241,80,1.0,tie,zoo,gate_aware,0.25
boolq,0.3,aip_gated,race,0.9333333333333332,0.880952380952381,0.052380952380952375,0.02023809523809524,0.09285714285714286,0.002714655105259367,80,1.0,tie,zoo,gate_aware,0.25
boolq,0.3,aip_soft,race,0.9333333333333332,0.925,0.008333333333333335,0.0,0.020833333333333336,0.15729920705028502,80,1.0,tie,zoo,gate_aware,0.25
boolq,0.3,self,race,0.9333333333333332,0.8988095238095237,0.034523809523809526,0.011309523809523813,0.06071428571428572,0.006239434157465591,80,1.0,tie,zoo,gate_aware,0.5
boolq,0.3,majority,race,0.9333333333333332,0.875,0.058333333333333334,0.020833333333333332,0.10833333333333335,0.004695411136664744,80,1.0,tie,zoo,gate_aware,0.5
boolq,0.3,ds_onecoin,race,0.9333333333333332,0.95,-0.016666666666666666,-0.041666666666666664,0.0,0.08327686887710241,80,1.0,tie,zoo,gate_aware,0.5
boolq,0.3,aip_gated,race,0.9333333333333332,0.880952380952381,0.052380952380952375,0.02142857142857143,0.08988095238095237,0.002714655105259367,80,1.0,tie,zoo,gate_aware,0.5
boolq,0.3,aip_soft,race,0.9333333333333332,0.925,0.008333333333333335,0.0,0.020833333333333336,0.15729920705028502,80,1.0,tie,zoo,gate_aware,0.5
boolq,0.3,self,race,0.9333333333333332,0.8988095238095237,0.034523809523809526,0.011904761904761908,0.061309523809523814,0.006239434157465591,80,1.0,tie,zoo,gate_aware,0.75
boolq,0.3,majority,race,0.9333333333333332,0.875,0.058333333333333334,0.020833333333333336,0.10416666666666667,0.004695411136664744,80,1.0,tie,zoo,gate_aware,0.75
boolq,0.3,ds_onecoin,race,0.9333333333333332,0.95,-0.016666666666666666,-0.0375,0.0,0.08327686887710241,80,1.0,tie,zoo,gate_aware,0.75
boolq,0.3,aip_gated,race,0.9333333333333332,0.880952380952381,0.052380952380952375,0.02023809523809524,0.08988095238095238,0.002714655105259367,80,1.0,tie,zoo,gate_aware,0.75
boolq,0.3,aip_soft,race,0.9333333333333332,0.925,0.008333333333333335,0.0,0.020833333333333336,0.15729920705028502,80,1.0,tie,zoo,gate_aware,0.75
boolq,0.3,self,race,0.9333333333333332,0.8988095238095237,0.034523809523809526,0.011904761904761908,0.06011904761904763,0.006239434157465591,80,1.0,tie,zoo,gate_aware,1.0
boolq,0.3,majority,race,0.9333333333333332,0.875,0.058333333333333334,0.020833333333333332,0.1,0.004695411136664744,80,1.0,tie,zoo,gate_aware,1.0
boolq,0.3,ds_onecoin,race,0.9333333333333332,0.95,-0.016666666666666666,-0.0375,0.0,0.08327686887710241,80,1.0,tie,zoo,gate_aware,1.0
boolq,0.3,aip_gated,race,0.9333333333333332,0.880952380952381,0.052380952380952375,0.02023809523809524,0.08930059523809517,0.002714655105259367,80,1.0,tie,zoo,gate_aware,1.0
boolq,0.3,aip_soft,race,0.9333333333333332,0.925,0.008333333333333335,0.0,0.020833333333333336,0.15729920705028502,80,1.0,tie,zoo,gate_aware,1.0
boolq,0.3,self,race,0.9333333333333332,0.8988095238095237,0.034523809523809526,0.012500000000000002,0.06190476190476191,0.006239434157465591,80,1.0,tie,zoo,independent,1.0
boolq,0.3,majority,race,0.9333333333333332,0.875,0.058333333333333334,0.020833333333333332,0.10416666666666667,0.004695411136664744,80,1.0,tie,zoo,independent,1.0
boolq,0.3,ds_onecoin,race,0.9333333333333332,0.95,-0.016666666666666666,-0.0375,0.0,0.08327686887710241,80,1.0,tie,zoo,independent,1.0
boolq,0.3,aip_gated,race,0.9333333333333332,0.880952380952381,0.052380952380952375,0.020833333333333332,0.08991071428571412,0.002714655105259367,80,1.0,tie,zoo,independent,1.0
boolq,0.3,aip_soft,race,0.9333333333333332,0.925,0.008333333333333335,0.0,0.020833333333333336,0.15729920705028502,80,1.0,tie,zoo,independent,1.0
boolq,0.3,self,race,0.925,0.8988095238095237,0.026190476190476198,0.007738095238095241,0.04642857142857143,0.006862376405636445,80,1.0,tie,zoo,partial,0.5
boolq,0.3,majority,race,0.925,0.925,1.3877787807814458e-18,-0.016666666666666666,0.01666666666666667,0.9898367587896493,80,1.0,tie,zoo,partial,0.5
boolq,0.3,ds_onecoin,race,0.925,0.9291666666666668,-0.004166666666666667,-0.0125,0.0,0.31731050786291415,80,1.0,tie,zoo,partial,0.5
boolq,0.3,aip_gated,race,0.925,0.9273809523809524,-0.0023809523809523807,-0.005952380952380952,0.0,0.15729920705028502,80,1.0,tie,zoo,partial,0.5
boolq,0.3,aip_soft,race,0.925,0.925,0.0,0.0,0.0,1.0,80,1.0,tie,zoo,partial,0.5
boolq,0.3,self,race,0.9339285714285716,0.8988095238095237,0.03511904761904762,0.013095238095238099,0.059523809523809534,0.005889412697247031,80,1.0,tie,zoo,partial,0.8
boolq,0.3,majority,race,0.9339285714285716,0.8916666666666668,0.042261904761904764,0.013095238095238096,0.08333333333333334,0.004695189951962086,80,1.0,tie,zoo,partial,0.8
boolq,0.3,ds_onecoin,race,0.9339285714285716,0.9333333333333333,0.0005952380952380959,-0.011904761904761904,0.0125,0.5637236869215428,80,1.0,tie,zoo,partial,0.8
boolq,0.3,aip_gated,race,0.9339285714285716,0.9,0.03392857142857143,0.00892857142857143,0.06666666666666668,0.00817056706883208,80,1.0,tie,zoo,partial,0.8
boolq,0.3,aip_soft,race,0.9339285714285716,0.925,0.00892857142857143,0.0,0.02142857142857143,0.08327686887710241,80,1.0,tie,zoo,partial,0.8
boolq,0.3,self,race,0.9,0.8988095238095237,0.0011904761904761945,-0.023214285714285708,0.024404761904761908,0.27751590077422394,80,1.0,tie,zoo,sleeper,1.0
boolq,0.3,majority,race,0.9,0.875,0.025,-6.938893903907229e-19,0.054166666666666675,0.10143837514296329,80,1.0,tie,zoo,sleeper,1.0
boolq,0.3,ds_onecoin,race,0.9,0.9,6.938893903907229e-19,-0.020833333333333336,0.020833333333333332,1.0,80,1.0,tie,zoo,sleeper,1.0
boolq,0.3,aip_gated,race,0.9,0.8976190476190474,0.002380952380952381,-0.015476190476190477,0.020833333333333336,0.9789917840900837,80,1.0,tie,zoo,sleeper,1.0
boolq,0.3,aip_soft,race,0.9,0.8976190476190474,0.002380952380952381,-0.015476190476190477,0.020833333333333336,0.9789917840900837,80,1.0,tie,zoo,sleeper,1.0
boolq,0.3,self,race,0.925,0.8988095238095237,0.026190476190476198,0.006547619047619047,0.04642857142857143,0.006862376405636445,80,1.0,tie,zoo,uninformative,1.0
boolq,0.3,majority,race,0.925,0.9166666666666667,0.008333333333333335,-0.004270833333333328,0.025,0.31731050786291415,80,1.0,tie,zoo,uninformative,1.0
boolq,0.3,ds_onecoin,race,0.925,0.9208333333333334,0.0041666666666666675,0.0,0.0125,0.31731050786291415,80,1.0,tie,zoo,uninformative,1.0
boolq,0.3,aip_gated,race,0.925,0.925,0.0,0.0,0.0,1.0,80,1.0,tie,zoo,uninformative,1.0
boolq,0.3,aip_soft,race,0.925,0.925,0.0,0.0,0.0,1.0,80,1.0,tie,zoo,uninformative,1.0
boolq,0.5,self,race,0.9333333333333332,0.8866666666666667,0.046666666666666655,0.020833333333333322,0.07666666666666665,0.0006755378580988031,80,0.42423777488604836,tie,zoo,attractor,1.0
boolq,0.5,majority,race,0.9333333333333332,0.3375,0.5958333333333334,0.4916666666666667,0.6916666666666667,3.646548882016285e-12,80,3.548092062201845e-09,win,zoo,attractor,1.0
boolq,0.5,ds_onecoin,race,0.9333333333333332,0.0,0.9333333333333332,0.875,0.9833333333333332,6.8580226839373235e-18,80,8.140472925833603e-15,win,zoo,attractor,1.0
boolq,0.5,aip_gated,race,0.9333333333333332,0.0,0.9333333333333332,0.8791666666666667,0.9791666666666666,6.8580226839373235e-18,80,8.140472925833603e-15,win,zoo,attractor,1.0
boolq,0.5,aip_soft,race,0.9333333333333332,0.9166666666666667,0.016666666666666666,0.0,0.041666666666666664,0.08328098628159922,80,1.0,tie,zoo,attractor,1.0
boolq,0.5,self,race,0.905,0.8866666666666667,0.018333333333333323,-0.005020833333333345,0.042499999999999975,0.10785510548372265,80,1.0,tie,zoo,camouflage,0.7
boolq,0.5,majority,race,0.905,0.9083333333333332,-0.0033333333333333353,-0.057499999999999996,0.046666666666666655,0.41027333934995125,80,1.0,tie,zoo,camouflage,0.7
boolq,0.5,ds_onecoin,race,0.905,0.9208333333333332,-0.015833333333333335,-0.075,0.03749999999999999,0.6367587313056244,80,1.0,tie,zoo,camouflage,0.7
boolq,0.5,aip_gated,race,0.905,0.9208333333333332,-0.015833333333333335,-0.07583333333333334,0.03666666666666667,0.6367587313056244,80,1.0,tie,zoo,camouflage,0.7
boolq,0.5,aip_soft,race,0.905,0.9208333333333332,-0.015833333333333335,-0.07583333333333332,0.03833333333333334,0.6367587313056244,80,1.0,tie,zoo,camouflage,0.7
boolq,0.5,self,race,0.9141666666666666,0.8866666666666667,0.02749999999999999,0.004166666666666663,0.04999999999999998,0.03317584622919609,80,1.0,tie,zoo,camouflage,0.9
boolq,0.5,majority,race,0.9141666666666666,0.7666666666666667,0.14750000000000002,0.06416666666666668,0.2391874999999999,0.0007026291122165177,80,0.435630049574241,tie,zoo,camouflage,0.9
boolq,0.5,ds_onecoin,race,0.9141666666666666,0.7791666666666667,0.135,0.04166666666666667,0.22666666666666666,0.0022389529892846774,80,1.0,tie,zoo,camouflage,0.9
boolq,0.5,aip_gated,race,0.9141666666666666,0.7791666666666667,0.135,0.04581249999999999,0.22916666666666666,0.0022389529892846774,80,1.0,tie,zoo,camouflage,0.9
boolq,0.5,aip_soft,race,0.9141666666666666,0.7791666666666667,0.135,0.05,0.22833333333333333,0.0022389529892846774,80,1.0,tie,zoo,camouflage,0.9
boolq,0.5,self,race,0.9208333333333334,0.8866666666666667,0.03416666666666666,0.017499999999999988,0.05333333333333332,0.00025827630108016594,80,0.17304512172371117,tie,zoo,echo,1.0
boolq,0.5,majority,race,0.9208333333333334,0.925,-0.0041666666666666675,-0.0125,0.0,0.31731050786291415,80,1.0,tie,zoo,echo,1.0
boolq,0.5,ds_onecoin,race,0.9208333333333334,0.9208333333333334,0.0,0.0,0.0,1.0,80,1.0,tie,zoo,echo,1.0
boolq,0.5,aip_gated,race,0.9208333333333334,0.9258333333333333,-0.004999999999999999,-0.01583333333333333,0.0024999999999999996,0.979675578630191,80,1.0,tie,zoo,echo,1.0
boolq,0.5,aip_soft,race,0.9208333333333334,0.9258333333333333,-0.004999999999999999,-0.01583333333333333,0.0033333333333333327,0.979675578630191,80,1.0,tie,zoo,echo,1.0
boolq,0.5,self,race,0.9333333333333332,0.8866666666666667,0.046666666666666655,0.019999999999999997,0.07499999999999998,0.0006755378580988031,80,0.42423777488604836,tie,zoo,gate_aware,0.0
boolq,0.5,majority,race,0.9333333333333332,0.3375,0.5958333333333334,0.4875,0.6958333333333334,3.646548882016285e-12,80,3.548092062201845e-09,win,zoo,gate_aware,0.0
boolq,0.5,ds_onecoin,race,0.9333333333333332,0.0,0.9333333333333332,0.875,0.9791666666666666,6.8580226839373235e-18,80,8.140472925833603e-15,win,zoo,gate_aware,0.0
boolq,0.5,aip_gated,race,0.9333333333333332,0.0,0.9333333333333332,0.875,0.9833333333333332,6.8580226839373235e-18,80,8.140472925833603e-15,win,zoo,gate_aware,0.0
boolq,0.5,aip_soft,race,0.9333333333333332,0.9166666666666667,0.016666666666666666,0.0,0.041666666666666664,0.08328098628159922,80,1.0,tie,zoo,gate_aware,0.0
boolq,0.5,self,race,0.9333333333333332,0.8866666666666667,0.046666666666666655,0.021666666666666657,0.07583333333333331,0.0006755378580988031,80,0.42423777488604836,tie,zoo,gate_aware,0.25
boolq,0.5,majority,race,0.9333333333333332,0.3375,0.5958333333333334,0.4916666666666667,0.6959374999999995,3.646548882016285e-12,80,3.548092062201845e-09,win,zoo,gate_aware,0.25
boolq,0.5,ds_onecoin,race,0.9333333333333332,0.0,0.9333333333333332,0.875,0.9833333333333332,6.8580226839373235e-18,80,8.140472925833603e-15,win,zoo,gate_aware,0.25
boolq,0.5,aip_gated,race,0.9333333333333332,0.0,0.9333333333333332,0.875,0.9833333333333332,6.8580226839373235e-18,80,8.140472925833603e-15,win,zoo,gate_aware,0.25
boolq,0.5,aip_soft,race,0.9333333333333332,0.9166666666666667,0.016666666666666666,0.0,0.041666666666666664,0.08328098628159922,80,1.0,tie,zoo,gate_aware,0.25
boolq,0.5,self,race,0.9333333333333332,0.8866666666666667,0.046666666666666655,0.019999999999999997,0.075,0.0006755378580988031,80,0.42423777488604836,tie,zoo,gate_aware,0.5
boolq,0.5,majority,race,0.9333333333333332,0.3375,0.5958333333333334,0.4875,0.7,3.646548882016285e-12,80,3.548092062201845e-09,win,zoo,gate_aware,0.5
boolq,0.5,ds_onecoin,race,0.9333333333333332,0.0,0.9333333333333332,0.875,0.9833333333333334,6.8580226839373235e-18,80,8.140472925833603e-15,win,zoo,gate_aware,0.5
boolq,0.5,aip_gated,race,0.9333333333333332,0.0,0.9333333333333332,0.875,0.9833333333333332,6.8580226839373235e-18,80,8.140472925833603e-15,win,zoo,gate_aware,0.5
boolq,0.5,aip_soft,race,0.9333333333333332,0.9166666666666667,0.016666666666666666,0.0,0.037500000000000006,0.08328098628159922,80,1.0,tie,zoo,gate_aware,0.5
boolq,0.5,self,race,0.9333333333333332,0.8866666666666667,0.046666666666666655,0.019999999999999993,0.07502083333333322,0.0006755378580988031,80,0.42423777488604836,tie,zoo,gate_aware,0.75
boolq,0.5,majority,race,0.9333333333333332,0.3375,0.5958333333333334,0.4832291666666666,0.7001041666666661,3.646548882016285e-12,80,3.548092062201845e-09,win,zoo,gate_aware,0.75
boolq,0.5,ds_onecoin,race,0.9333333333333332,0.0,0.9333333333333332,0.875,0.9791666666666666,6.8580226839373235e-18,80,8.140472925833603e-15,win,zoo,gate_aware,0.75
boolq,0.5,aip_gated,race,0.9333333333333332,0.0,0.9333333333333332,0.8748958333333333,0.9833333333333332,6.8580226839373235e-18,80,8.140472925833603e-15,win,zoo,gate_aware,0.75
boolq,0.5,aip_soft,race,0.9333333333333332,0.9166666666666667,0.016666666666666666,0.0,0.0375,0.08328098628159922,80,1.0,tie,zoo,gate_aware,0.75
boolq,0.5,self,race,0.9333333333333332,0.8866666666666667,0.046666666666666655,0.02081249999999999,0.07416666666666666,0.0006755378580988031,80,0.42423777488604836,tie,zoo,gate_aware,1.0
boolq,0.5,majority,race,0.9333333333333332,0.3375,0.5958333333333334,0.5,0.6958333333333334,3.646548882016285e-12,80,3.548092062201845e-09,win,zoo,gate_aware,1.0
boolq,0.5,ds_onecoin,race,0.9333333333333332,0.0,0.9333333333333332,0.8791666666666667,0.9833333333333332,6.8580226839373235e-18,80,8.140472925833603e-15,win,zoo,gate_aware,1.0
boolq,0.5,aip_gated,race,0.9333333333333332,0.0,0.9333333333333332,0.875,0.9833333333333332,6.8580226839373235e-18,80,8.140472925833603e-15,win,zoo,gate_aware,1.0
boolq,0.5,aip_soft,race,0.9333333333333332,0.9166666666666667,0.016666666666666666,0.0,0.04166666666666667,0.08328098628159922,80,1.0,tie,zoo,gate_aware,1.0
boolq,0.5,self,race,0.9333333333333332,0.8866666666666667,0.046666666666666655,0.020833333333333325,0.07502083333333322,0.0006755378580988031,80,0.42423777488604836,tie,zoo,independent,1.0
boolq,0.5,majority,race,0.9333333333333332,0.3375,0.5958333333333334,0.4875000000000001,0.7,3.646548882016285e-12,80,3.548092062201845e-09,win,zoo,independent,1.0
boolq,0.5,ds_onecoin,race,0.9333333333333332,0.0,0.9333333333333332,0.875,0.9833333333333332,6.8580226839373235e-18,80,8.140472925833603e-15,win,zoo,independent,1.0
boolq,0.5,aip_gated,race,0.9333333333333332,0.0,0.9333333333333332,0.875,0.9833333333333332,6.8580226839373235e-18,80,8.140472925833603e-15,win,zoo,independent,1.0
boolq,0.5,aip_soft,race,0.9333333333333332,0.9166666666666667,0.016666666666666666,0.0,0.0375,0.08328098628159922,80,1.0,tie,zoo,independent,1.0
boolq,0.5,self,race,0.9166666666666667,0.8866666666666667,0.02999999999999999,0.008333333333333326,0.05333333333333332,0.011209523438903355,80,1.0,tie,zoo,partial,0.5
boolq,0.5,majority,race,0.9166666666666667,0.875,0.041666666666666664,0.0125,0.075,0.010431516978626973,80,1.0,tie,zoo,partial,0.5
boolq,0.5,ds_onecoin,race,0.9166666666666667,0.9166666666666667,0.0,0.0,0.0,1.0,80,1.0,tie,zoo,partial,0.5
boolq,0.5,aip_gated,race,0.9166666666666667,0.9183333333333333,-0.001666666666666667,-0.011666666666666667,0.0075000000000000015,0.9847561172018832,80,1.0,tie,zoo,partial,0.5
boolq,0.5,aip_soft,race,0.9166666666666667,0.9166666666666667,0.0,0.0,0.0,1.0,80,1.0,tie,zoo,partial,0.5
boolq,0.5,self,race,0.9416666666666667,0.8866666666666667,0.05499999999999998,0.02833333333333332,0.08585416666666655,0.00010610453392048467,80,0.07437927827825976,tie,zoo,partial,0.8
boolq,0.5,majority,race,0.9416666666666667,0.6916666666666667,0.25,0.1791666666666667,0.3208333333333334,1.8684382904621547e-09,80,1.6516994487685449e-06,win,zoo,partial,0.8
boolq,0.5,ds_onecoin,race,0.9416666666666667,0.9416666666666667,0.0,0.0,0.0,1.0,80,1.0,tie,zoo,partial,0.8
boolq,0.5,aip_gated,race,0.9416666666666667,0.8583333333333332,0.08333333333333334,0.037500000000000006,0.13333333333333336,0.0005383580590847041,80,0.3454332106639977,tie,zoo,partial,0.8
boolq,0.5,aip_soft,race,0.9416666666666667,0.9166666666666667,0.025,0.004166666666666667,0.054166666666666675,0.04551997832170068,80,1.0,tie,zoo,partial,0.8
boolq,0.5,self,race,0.0,0.8866666666666667,-0.8866666666666667,-0.9350000000000002,-0.8308125000000001,3.7378070205711692e-16,80,4.177529098433283e-13,loss,zoo,sleeper,1.0
boolq,0.5,majority,race,0.0,0.3375,-0.3375,-0.4375,-0.24166666666666664,7.73722440231902e-08,80,6.499268497947977e-05,loss,zoo,sleeper,1.0
boolq,0.5,ds_onecoin,race,0.0,0.7416666666666666,-0.7416666666666666,-0.8333333333333333,-0.6458333333333334,7.114043645205502e-15,80,7.533772220272627e-12,loss,zoo,sleeper,1.0
boolq,0.5,aip_gated,race,0.0,0.34500000000000003,-0.34500000000000003,-0.3883333333333333,-0.30164583333333345,7.114043645205502e-15,80,7.533772220272627e-12,loss,zoo,sleeper,1.0
boolq,0.5,aip_soft,race,0.0,0.34500000000000003,-0.34500000000000003,-0.3883333333333333,-0.29999999999999993,7.114043645205502e-15,80,7.533772220272627e-12,loss,zoo,sleeper,1.0
boolq,0.5,self,race,0.9166666666666667,0.8866666666666667,0.02999999999999999,0.008333333333333328,0.05333333333333332,0.011209523438903355,80,1.0,tie,zoo,uninformative,1.0
boolq,0.5,majority,race,0.9166666666666667,0.875,0.04166666666666667,0.012500000000000002,0.07083333333333335,0.0059107540698296835,80,1.0,tie,zoo,uninformative,1.0
boolq,0.5,ds_onecoin,race,0.9166666666666667,0.9166666666666667,0.0,0.0,0.0,1.0,80,1.0,tie,zoo,uninformative,1.0
boolq,0.5,aip_gated,race,0.9166666666666667,0.9141666666666666,0.002500000000000001,0.0,0.007500000000000002,0.31731050786291415,80,1.0,tie,zoo,uninformative,1.0
boolq,0.5,aip_soft,race,0.9166666666666667,0.9175000000000001,-0.0008333333333333332,-0.0024999999999999996,0.0,0.31731050786291415,80,1.0,tie,zoo,uninformative,1.0
boolq,0.7,self,race,0.9375,0.8875,0.05000000000000001,0.02361111111111112,0.08055555555555557,0.00011176340675900438,80,0.07767556769750804,tie,zoo,attractor,1.0
boolq,0.7,majority,race,0.9375,0.0,0.9375,0.8833333333333334,0.9834374999999995,6.143693823042854e-18,80,7.421582138235768e-15,win,zoo,attractor,1.0
boolq,0.7,ds_onecoin,race,0.9375,0.0,0.9375,0.8832291666666665,0.9833333333333332,6.143693823042854e-18,80,7.421582138235768e-15,win,zoo,attractor,1.0
boolq,0.7,aip_gated,race,0.9375,0.0,0.9375,0.8833333333333332,0.9833333333333332,6.143693823042854e-18,80,7.421582138235768e-15,win,zoo,attractor,1.0
boolq,0.7,aip_soft,race,0.9375,0.9041666666666666,0.03333333333333334,0.008333333333333335,0.06666666666666668,0.025366578253857998,80,1.0,tie,zoo,attractor,1.0
boolq,0.7,self,race,0.8944444444444445,0.8875,0.006944444444444459,-0.013888888888888878,0.02777777777777779,0.31272975437284234,80,1.0,tie,zoo,camouflage,0.7
boolq,0.7,majority,race,0.8944444444444445,0.8416666666666668,0.05277777777777777,-0.015277777777777776,0.11809027777777761,0.010064320988877844,80,1.0,tie,zoo,camouflage,0.7
boolq,0.7,ds_onecoin,race,0.8944444444444445,0.8416666666666668,0.05277777777777777,-0.016701388888888884,0.11944444444444446,0.010064320988877844,80,1.0,tie,zoo,camouflage,0.7
boolq,0.7,aip_gated,race,0.8944444444444445,0.8416666666666668,0.05277777777777777,-0.01111111111111111,0.11527777777777778,0.010064320988877844,80,1.0,tie,zoo,camouflage,0.7
boolq,0.7,aip_soft,race,0.8944444444444445,0.8416666666666668,0.05277777777777777,-0.011111111111111106,0.11666666666666667,0.010064320988877844,80,1.0,tie,zoo,camouflage,0.7
boolq,0.7,self,race,0.8944444444444445,0.8875,0.006944444444444459,-0.01388888888888887,0.02777777777777779,0.31272975437284234,80,1.0,tie,zoo,camouflage,0.9
boolq,0.7,majority,race,0.8944444444444445,0.8416666666666668,0.05277777777777777,-0.01111111111111111,0.11805555555555554,0.010064320988877844,80,1.0,tie,zoo,camouflage,0.9
boolq,0.7,ds_onecoin,race,0.8944444444444445,0.8416666666666668,0.05277777777777777,-0.013888888888888885,0.11531249999999982,0.010064320988877844,80,1.0,tie,zoo,camouflage,0.9
boolq,0.7,aip_gated,race,0.8944444444444445,0.8416666666666668,0.05277777777777777,-0.012534722222222221,0.11805555555555555,0.010064320988877844,80,1.0,tie,zoo,camouflage,0.9
boolq,0.7,aip_soft,race,0.8944444444444445,0.8416666666666668,0.05277777777777777,-0.012499999999999997,0.11944444444444446,0.010064320988877844,80,1.0,tie,zoo,camouflage,0.9
boolq,0.7,self,race,0.9111111111111111,0.8875,0.023611111111111124,1.1102230246251566e-17,0.050000000000000024,0.07908825145702623,80,1.0,tie,zoo,echo,1.0
boolq,0.7,majority,race,0.9111111111111111,0.9083333333333332,0.0027777777777777783,-0.0027777777777777775,0.0125,0.9929035095959442,80,1.0,tie,zoo,echo,1.0
boolq,0.7,ds_onecoin,race,0.9111111111111111,0.9125,-0.0013888888888888887,-0.004166666666666667,0.0,0.31731050786291415,80,1.0,tie,zoo,echo,1.0
boolq,0.7,aip_gated,race,0.9111111111111111,0.9069444444444444,0.004166666666666668,0.0,0.009722222222222226,0.0832645166635504,80,1.0,tie,zoo,echo,1.0
boolq,0.7,aip_soft,race,0.9111111111111111,0.9069444444444444,0.004166666666666668,0.0,0.009722222222222226,0.0832645166635504,80,1.0,tie,zoo,echo,1.0
boolq,0.7,self,race,0.9375,0.8875,0.05000000000000001,0.02361111111111112,0.08194444444444446,0.00011176340675900438,80,0.07767556769750804,tie,zoo,gate_aware,0.0
boolq,0.7,majority,race,0.9375,0.0,0.9375,0.8833333333333332,0.9791666666666667,6.143693823042854e-18,80,7.421582138235768e-15,win,zoo,gate_aware,0.0
boolq,0.7,ds_onecoin,race,0.9375,0.0,0.9375,0.8791666666666668,0.9791666666666667,6.143693823042854e-18,80,7.421582138235768e-15,win,zoo,gate_aware,0.0
boolq,0.7,aip_gated,race,0.9375,0.0,0.9375,0.8832291666666665,0.9833333333333334,6.143693823042854e-18,80,7.421582138235768e-15,win,zoo,gate_aware,0.0
boolq,0.7,aip_soft,race,0.9375,0.9041666666666666,0.03333333333333334,0.008333333333333335,0.06666666666666668,0.025366578253857998,80,1.0,tie,zoo,gate_aware,0.0
boolq,0.7,self,race,0.9375,0.8875,0.05000000000000001,0.022222222222222233,0.07916666666666668,0.00011176340675900438,80,0.07767556769750804,tie,zoo,gate_aware,0.25
boolq,0.7,majority,race,0.9375,0.0,0.9375,0.8833333333333332,0.9833333333333332,6.143693823042854e-18,80,7.421582138235768e-15,win,zoo,gate_aware,0.25
boolq,0.7,ds_onecoin,race,0.9375,0.0,0.9375,0.8833333333333332,0.9833333333333332,6.143693823042854e-18,80,7.421582138235768e-15,win,zoo,gate_aware,0.25
boolq,0.7,aip_gated,race,0.9375,0.0,0.9375,0.8833333333333332,0.9833333333333332,6.143693823042854e-18,80,7.421582138235768e-15,win,zoo,gate_aware,0.25
boolq,0.7,aip_soft,race,0.9375,0.9041666666666666,0.03333333333333334,0.008333333333333335,0.06666666666666668,0.025366578253857998,80,1.0,tie,zoo,gate_aware,0.25
boolq,0.7,self,race,0.9375,0.8875,0.05000000000000001,0.020833333333333346,0.0777777777777778,0.00011176340675900438,80,0.07767556769750804,tie,zoo,gate_aware,0.5
boolq,0.7,majority,race,0.9375,0.0,0.9375,0.8791666666666668,0.9833333333333332,6.143693823042854e-18,80,7.421582138235768e-15,win,zoo,gate_aware,0.5
boolq,0.7,ds_onecoin,race,0.9375,0.0,0.9375,0.8833333333333334,0.9833333333333332,6.143693823042854e-18,80,7.421582138235768e-15,win,zoo,gate_aware,0.5
boolq,0.7,aip_gated,race,0.9375,0.0,0.9375,0.8833333333333334,0.9791666666666667,6.143693823042854e-18,80,7.421582138235768e-15,win,zoo,gate_aware,0.5
boolq,0.7,aip_soft,race,0.9375,0.9041666666666666,0.03333333333333334,0.008333333333333335,0.06666666666666668,0.025366578253857998,80,1.0,tie,zoo,gate_aware,0.5
boolq,0.7,self,race,0.9375,0.8875,0.05000000000000001,0.02361111111111112,0.08055555555555557,0.00011176340675900438,80,0.07767556769750804,tie,zoo,gate_aware,0.75
boolq,0.7,majority,race,0.9375,0.0,0.9375,0.8833333333333332,0.9833333333333332,6.143693823042854e-18,80,7.421582138235768e-15,win,zoo,gate_aware,0.75
boolq,0.7,ds_onecoin,race,0.9375,0.0,0.9375,0.8791666666666667,0.9791666666666667,6.143693823042854e-18,80,7.421582138235768e-15,win,zoo,gate_aware,0.75
boolq,0.7,aip_gated,race,0.9375,0.0,0.9375,0.8833333333333332,0.9833333333333334,6.143693823042854e-18,80,7.421582138235768e-15,win,zoo,gate_aware,0.75
boolq,0.7,aip_soft,race,0.9375,0.9041666666666666,0.03333333333333334,0.008333333333333333,0.06666666666666668,0.025366578253857998,80,1.0,tie,zoo,gate_aware,0.75
boolq,0.7,self,race,0.9375,0.8875,0.05000000000000001,0.02361111111111112,0.08194444444444446,0.00011176340675900438,80,0.07767556769750804,tie,zoo,gate_aware,1.0
boolq,0.7,majority,race,0.9375,0.0,0.9375,0.8791666666666668,0.9833333333333332,6.143693823042854e-18,80,7.421582138235768e-15,win,zoo,gate_aware,1.0
boolq,0.7,ds_onecoin,race,0.9375,0.0,0.9375,0.8791666666666667,0.9833333333333332,6.143693823042854e-18,80,7.421582138235768e-15,win,zoo,gate_aware,1.0
boolq,0.7,aip_gated,race,0.9375,0.0,0.9375,0.8833333333333332,0.9833333333333334,6.143693823042854e-18,80,7.421582138235768e-15,win,zoo,gate_aware,1.0
boolq,0.7,aip_soft,race,0.9375,0.9041666666666666,0.03333333333333334,0.008333333333333335,0.06666666666666668,0.025366578253857998,80,1.0,tie,zoo,gate_aware,1.0
boolq,0.7,self,race,0.9375,0.8875,0.05000000000000001,0.025000000000000005,0.08194444444444446,0.00011176340675900438,80,0.07767556769750804,tie,zoo,independent,1.0
boolq,0.7,majority,race,0.9375,0.0,0.9375,0.8833333333333332,0.9833333333333332,6.143693823042854e-18,80,7.421582138235768e-15,win,zoo,independent,1.0
boolq,0.7,ds_onecoin,race,0.9375,0.0,0.9375,0.8833333333333332,0.9833333333333334,6.143693823042854e-18,80,7.421582138235768e-15,win,zoo,independent,1.0
boolq,0.7,aip_gated,race,0.9375,0.0,0.9375,0.8791666666666668,0.9833333333333332,6.143693823042854e-18,80,7.421582138235768e-15,win,zoo,independent,1.0
boolq,0.7,aip_soft,race,0.9375,0.9041666666666666,0.03333333333333334,0.008333333333333335,0.0625,0.025366578253857998,80,1.0,tie,zoo,independent,1.0
boolq,0.7,self,race,0.9041666666666666,0.8875,0.01666666666666668,-0.00277777777777777,0.03611111111111113,0.03591784094138317,80,1.0,tie,zoo,partial,0.5
boolq,0.7,majority,race,0.9041666666666666,0.7958333333333334,0.10833333333333335,0.054166666666666675,0.15833333333333338,6.598588596187149e-05,80,0.04638807783119566,win,zoo,partial,0.5
boolq,0.7,ds_onecoin,race,0.9041666666666666,0.9041666666666666,0.0,0.0,0.0,1.0,80,1.0,tie,zoo,partial,0.5
boolq,0.7,aip_gated,race,0.9041666666666666,0.888888888888889,0.015277777777777782,-0.011111111111111105,0.04166666666666668,0.16262894903251568,80,1.0,tie,zoo,partial,0.5
boolq,0.7,aip_soft,race,0.9041666666666666,0.9069444444444443,-0.002777777777777777,-0.008333333333333331,0.0027777777777777775,0.32043220102676795,80,1.0,tie,zoo,partial,0.5
boolq,0.7,self,race,0.961111111111111,0.8875,0.07361111111111113,0.04305555555555556,0.10836805555555538,4.966511618620102e-06,80,0.0038192474347188586,win,zoo,partial,0.8
boolq,0.7,majority,race,0.961111111111111,0.2625,0.6986111111111112,0.6291319444444444,0.763888888888889,4.042066421091875e-15,80,4.329053136989398e-12,win,zoo,partial,0.8
boolq,0.7,ds_onecoin,race,0.961111111111111,0.041666666666666664,0.9194444444444445,0.8305555555555555,0.9847222222222222,1.459389746608222e-17,80,1.689973326572321e-14,win,zoo,partial,0.8
boolq,0.7,aip_gated,race,0.961111111111111,0.3708333333333333,0.5902777777777779,0.5263888888888889,0.6555555555555557,6.884715001603201e-15,80,7.304682616700997e-12,win,zoo,partial,0.8
boolq,0.7,aip_soft,race,0.961111111111111,0.9041666666666666,0.05694444444444444,0.020833333333333336,0.09861111111111112,0.0027145267978156955,80,1.0,tie,zoo,partial,0.8
boolq,0.7,self,race,0.0,0.8875,-0.8875,-0.9402777777777779,-0.8291666666666668,3.7366092114787863e-16,80,4.177529098433283e-13,loss,zoo,sleeper,1.0
boolq,0.7,majority,race,0.0,0.0,0.0,0.0,0.0,1.0,80,1.0,tie,zoo,sleeper,1.0
boolq,0.7,ds_onecoin,race,0.0,0.0,0.0,0.0,0.0,1.0,80,1.0,tie,zoo,sleeper,1.0
boolq,0.7,aip_gated,race,0.0,0.0,0.0,0.0,0.0,1.0,80,1.0,tie,zoo,sleeper,1.0
boolq,0.7,aip_soft,race,0.0,0.0,0.0,0.0,0.0,1.0,80,1.0,tie,zoo,sleeper,1.0
boolq,0.7,self,race,0.9041666666666666,0.8875,0.01666666666666668,-0.004166666666666657,0.03611111111111113,0.03591784094138317,80,1.0,tie,zoo,uninformative,1.0
boolq,0.7,majority,race,0.9041666666666666,0.7666666666666667,0.1375,0.07916666666666668,0.19583333333333336,3.295585979457919e-06,80,0.0025408967901620555,win,zoo,uninformative,1.0
boolq,0.7,ds_onecoin,race,0.9041666666666666,0.9041666666666666,0.0,0.0,0.0,1.0,80,1.0,tie,zoo,uninformative,1.0
boolq,0.7,aip_gated,race,0.9041666666666666,0.8791666666666668,0.025000000000000005,0.005555555555555558,0.04583333333333335,0.019386980758774566,80,1.0,tie,zoo,uninformative,1.0
boolq,0.7,aip_soft,race,0.9041666666666666,0.8972222222222221,0.00694444444444445,-0.004166666666666662,0.018055555555555564,0.12192597530021161,80,1.0,tie,zoo,uninformative,1.0
gsm8k,0.3,self,race,0.98,0.9361904761904762,0.04380952380952381,0.03166666666666667,0.05810119047619045,1.2604138206270654e-13,200,1.270497131192082e-10,win,zoo,attractor,1.0
gsm8k,0.3,majority,race,0.98,0.945,0.035,0.016666666666666666,0.05833333333333334,0.0005329228890528495,200,0.3454332106639977,tie,zoo,attractor,1.0
gsm8k,0.3,ds_onecoin,race,0.98,0.9783333333333334,0.0016666666666666668,0.0,0.005,0.31731050786291415,200,1.0,tie,zoo,attractor,1.0
gsm8k,0.3,aip_gated,race,0.98,0.9826190476190476,-0.0026190476190476185,-0.01,0.0021428571428571434,0.9971719968404295,200,1.0,tie,zoo,attractor,1.0
gsm8k,0.3,aip_soft,race,0.98,0.9795238095238095,0.0004761904761904762,0.0,0.0014285714285714286,0.31731050786291415,200,1.0,tie,zoo,attractor,1.0
gsm8k,0.3,self,race,0.9707142857142859,0.9361904761904762,0.034523809523809526,0.026190476190476195,0.04357142857142857,2.124752491452612e-13,200,2.1183782339782544e-10,win,zoo,camouflage,0.7
gsm8k,0.3,majority,race,0.9707142857142859,0.9616666666666666,0.009047619047619047,0.0016666666666666666,0.019047619047619046,0.02535105435650723,200,1.0,tie,zoo,camouflage,0.7
gsm8k,0.3,ds_onecoin,race,0.9707142857142859,0.9616666666666666,0.009047619047619047,0.0016666666666666668,0.019285714285714285,0.02535105435650723,200,1.0,tie,zoo,camouflage,0.7
gsm8k,0.3,aip_gated,race,0.9707142857142859,0.9616666666666666,0.009047619047619047,0.0016666666666666668,0.01880952380952381,0.02535105435650723,200,1.0,tie,zoo,camouflage,0.7
gsm8k,0.3,aip_soft,race,0.9707142857142859,0.9616666666666666,0.009047619047619047,0.0016666666666666666,0.01904761904761905,0.02535105435650723,200,1.0,tie,zoo,camouflage,0.7
gsm8k,0.3,self,race,0.9697619047619048,0.9361904761904762,0.03357142857142858,0.02523809523809524,0.042619047619047626,3.861628900610981e-12,200,3.7264718890895965e-09,win,zoo,camouflage,0.9
gsm8k,0.3,majority,race,0.9697619047619048,0.945,0.024761904761904763,0.011666666666666667,0.04023809523809524,0.0005329455544819939,200,0.3454332106639977,tie,zoo,camouflage,0.9
gsm8k,0.3,ds_onecoin,race,0.9697619047619048,0.9633333333333334,0.00642857142857143,0.0004761904761904778,0.01380952380952381,0.17680992328847756,200,1.0,tie,zoo,camouflage,0.9
gsm8k,0.3,aip_gated,race,0.9697619047619048,0.96,0.009761904761904763,0.0023809523809523825,0.018571428571428572,0.05726996289378382,200,1.0,tie,zoo,camouflage,0.9
gsm8k,0.3,aip_soft,race,0.9697619047619048,0.96,0.009761904761904763,0.0026190476190476202,0.018571428571428572,0.05726996289378382,200,1.0,tie,zoo,camouflage,0.9
gsm8k,0.3,self,race,0.9742857142857143,0.9361904761904762,0.0380952380952381,0.027619047619047626,0.049761904761904764,8.024625831959108e-13,200,7.920246113664089e-10,win,zoo,echo,1.0
gsm8k,0.3,majority,race,0.9742857142857143,0.97,0.004285714285714285,0.0,0.01119047619047619,0.1573005107696258,200,1.0,tie,zoo,echo,1.0
gsm8k,0.3,ds_onecoin,race,0.9742857142857143,0.9716666666666666,0.0026190476190476185,0.0,0.007857142857142856,0.31731050786291415,200,1.0,tie,zoo,echo,1.0
gsm8k,0.3,aip_gated,race,0.9742857142857143,0.9711904761904762,0.003095238095238095,0.0,0.010476190476190474,0.1573005107696258,200,1.0,tie,zoo,echo,1.0
gsm8k,0.3,aip_soft,race,0.9742857142857143,0.9711904761904762,0.003095238095238095,0.0,0.008809523809523809,0.1573005107696258,200,1.0,tie,zoo,echo,1.0
gsm8k,0.3,self,race,0.98,0.9361904761904762,0.04380952380952381,0.03166666666666667,0.057154761904761854,1.2604138206270654e-13,200,1.270497131192082e-10,win,zoo,gate_aware,0.0
gsm8k,0.3,majority,race,0.98,0.9483333333333333,0.03166666666666667,0.013333333333333334,0.05333333333333334,0.0005327529198044745,200,0.3454332106639977,tie,zoo,gate_aware,0.0
gsm8k,0.3,ds_onecoin,race,0.98,0.9783333333333334,0.0016666666666666668,0.0,0.005,0.31731050786291415,200,1.0,tie,zoo,gate_aware,0.0
gsm8k,0.3,aip_gated,race,0.98,0.9771428571428572,0.002857142857142856,-0.0011904761904761919,0.007857142857142854,0.059828154836992775,200,1.0,tie,zoo,gate_aware,0.0
gsm8k,0.3,aip_soft,race,0.98,0.9778571428571428,0.0021428571428571425,0.0,0.005476190476190476,0.1573005107696258,200,1.0,tie,zoo,gate_aware,0.0
gsm8k,0.3,self,race,0.98,0.9361904761904762,0.04380952380952381,0.031666666666666676,0.05785714285714286,1.2604138206270654e-13,200,1.270497131192082e-10,win,zoo,gate_aware,0.25
gsm8k,0.3,majority,race,0.98,0.9483333333333333,0.03166666666666667,0.013333333333333334,0.05333333333333334,0.0005327529198044745,200,0.3454332106639977,tie,zoo,gate_aware,0.25
gsm8k,0.3,ds_onecoin,race,0.98,0.9783333333333334,0.0016666666666666668,0.0,0.005,0.31731050786291415,200,1.0,tie,zoo,gate_aware,0.25
gsm8k,0.3,aip_gated,race,0.98,0.9795238095238095,0.00047619047619047673,-0.004999999999999999,0.004761904761904762,0.3209889890828771,200,1.0,tie,zoo,gate_aware,0.25
gsm8k,0.3,aip_soft,race,0.98,0.9788095238095238,0.0011904761904761906,0.0,0.003571428571428572,0.31731050786291415,200,1.0,tie,zoo,gate_aware,0.25
gsm8k,0.3,self,race,0.98,0.9361904761904762,0.04380952380952381,0.03213690476190477,0.05761904761904762,1.2604138206270654e-13,200,1.270497131192082e-10,win,zoo,gate_aware,0.5
gsm8k,0.3,majority,race,0.98,0.9483333333333333,0.03166666666666667,0.013333333333333334,0.05333333333333334,0.0005327529198044745,200,0.3454332106639977,tie,zoo,gate_aware,0.5
gsm8k,0.3,ds_onecoin,race,0.98,0.9783333333333334,0.0016666666666666668,0.0,0.005,0.31731050786291415,200,1.0,tie,zoo,gate_aware,0.5
gsm8k,0.3,aip_gated,race,0.98,0.9828571428571428,-0.002857142857142857,-0.01,0.0014285714285714286,0.9971719968404295,200,1.0,tie,zoo,gate_aware,0.5
gsm8k,0.3,aip_soft,race,0.98,0.9778571428571428,0.0021428571428571425,0.0,0.005476190476190476,0.1573005107696258,200,1.0,tie,zoo,gate_aware,0.5
gsm8k,0.3,self,race,0.98,0.9361904761904762,0.04380952380952381,0.031184523809523815,0.057857142857142864,1.2604138206270654e-13,200,1.270497131192082e-10,win,zoo,gate_aware,0.75
gsm8k,0.3,majority,race,0.98,0.9483333333333333,0.03166666666666667,0.013333333333333334,0.05333333333333334,0.0005327529198044745,200,0.3454332106639977,tie,zoo,gate_aware,0.75
gsm8k,0.3,ds_onecoin,race,0.98,0.9766666666666667,0.0033333333333333335,0.0,0.008333333333333335,0.15729920705028516,200,1.0,tie,zoo,gate_aware,0.75
gsm8k,0.3,aip_gated,race,0.98,0.9790476190476189,0.0009523809523809531,-0.005476190476190475,0.006666666666666667,0.5676308445158026,200,1.0,tie,zoo,gate_aware,0.75
gsm8k,0.3,aip_soft,race,0.98,0.9761904761904762,0.0038095238095238095,0.0,0.00976190476190476,0.1573005107696258,200,1.0,tie,zoo,gate_aware,0.75
gsm8k,0.3,self,race,0.98,0.9361904761904762,0.04380952380952381,0.031422619047619046,0.05738690476190474,1.2604138206270654e-13,200,1.270497131192082e-10,win,zoo,gate_aware,1.0
gsm8k,0.3,majority,race,0.98,0.9466666666666665,0.03333333333333333,0.015,0.055,0.0005328548968069539,200,0.3454332106639977,tie,zoo,gate_aware,1.0
gsm8k,0.3,ds_onecoin,race,0.98,0.975,0.005,0.0,0.013333333333333334,0.1573005107696258,200,1.0,tie,zoo,gate_aware,1.0
gsm8k,0.3,aip_gated,race,0.98,0.9783333333333334,0.0016666666666666674,-0.008333333333333333,0.011666666666666667,0.5637061438484885,200,1.0,tie,zoo,gate_aware,1.0
gsm8k,0.3,aip_soft,race,0.98,0.975,0.005,0.0,0.013333333333333334,0.1573005107696258,200,1.0,tie,zoo,gate_aware,1.0
gsm8k,0.3,self,race,0.98,0.9361904761904762,0.04380952380952381,0.03142857142857143,0.057380952380952394,1.260423960307368e-13,200,1.270497131192082e-10,win,zoo,independent,1.0
gsm8k,0.3,majority,race,0.98,0.9483333333333333,0.03166666666666667,0.011666666666666669,0.055,0.0009122828805161664,200,0.5519311427122807,tie,zoo,independent,1.0
gsm8k,0.3,ds_onecoin,race,0.98,0.98,0.0,0.0,0.0,1.0,200,1.0,tie,zoo,independent,1.0
gsm8k,0.3,aip_gated,race,0.98,0.9804761904761904,-0.0004761904761904762,-0.0047619047619047615,0.002857142857142857,0.3209859188180345,200,1.0,tie,zoo,independent,1.0
gsm8k,0.3,aip_soft,race,0.98,0.9783333333333334,0.0016666666666666668,0.0,0.005,0.31731050786291415,200,1.0,tie,zoo,independent,1.0
gsm8k,0.3,self,race,0.975,0.9361904761904762,0.038809523809523815,0.028095238095238093,0.05167261904761903,8.024625831959108e-13,200,7.920246113664089e-10,win,zoo,partial,0.5
gsm8k,0.3,majority,race,0.975,0.97,0.005,-0.0016666666666666663,0.013333333333333332,0.17753267172139664,200,1.0,tie,zoo,partial,0.5
gsm8k,0.3,ds_onecoin,race,0.975,0.97,0.005,0.0,0.013333333333333334,0.1573005107696258,200,1.0,tie,zoo,partial,0.5
gsm8k,0.3,aip_gated,race,0.975,0.9688095238095238,0.006190476190476191,0.0,0.016666666666666666,0.08326711222645355,200,1.0,tie,zoo,partial,0.5
gsm8k,0.3,aip_soft,race,0.975,0.9690476190476189,0.005952380952380954,0.0,0.016190476190476193,0.1573005107696258,200,1.0,tie,zoo,partial,0.5
gsm8k,0.3,self,race,0.9766666666666667,0.9361904761904762,0.040476190476190485,0.02904761904761905,0.05214285714285715,7.848759344845251e-13,200,7.754574232707107e-10,win,zoo,partial,0.8
gsm8k,0.3,majority,race,0.9766666666666667,0.955,0.02166666666666667,0.006666666666666667,0.03833333333333334,0.004679842773982604,200,1.0,tie,zoo,partial,0.8
gsm8k,0.3,ds_onecoin,race,0.9766666666666667,0.97,0.006666666666666667,0.0,0.015000000000000003,0.08326646333572782,200,1.0,tie,zoo,partial,0.8
gsm8k,0.3,aip_gated,race,0.9766666666666667,0.970952380952381,0.005714285714285714,0.0002380952380952378,0.014285714285714289,0.0455036895506482,200,1.0,tie,zoo,partial,0.8
gsm8k,0.3,aip_soft,race,0.9766666666666667,0.9716666666666666,0.005,0.0,0.013333333333333334,0.1573005107696258,200,1.0,tie,zoo,partial,0.8
gsm8k,0.3,self,race,0.9621428571428572,0.9361904761904762,0.02595238095238096,0.017142857142857147,0.03452380952380953,2.2931745545809174e-10,200,2.0753229718957304e-07,win,zoo,sleeper,1.0
gsm8k,0.3,majority,race,0.9621428571428572,0.9466666666666665,0.015476190476190478,0.004523809523809527,0.02833333333333334,0.06551228172302488,200,1.0,tie,zoo,sleeper,1.0
gsm8k,0.3,ds_onecoin,race,0.9621428571428572,0.945,0.017142857142857147,0.005714285714285717,0.03023809523809524,0.01904068247641675,200,1.0,tie,zoo,sleeper,1.0
gsm8k,0.3,aip_gated,race,0.9621428571428572,0.9438095238095238,0.01833333333333334,0.00666666666666667,0.03214285714285715,0.01168614545860348,200,1.0,tie,zoo,sleeper,1.0
gsm8k,0.3,aip_soft,race,0.9621428571428572,0.9438095238095238,0.01833333333333334,0.006428571428571431,0.03190476190476191,0.01168614545860348,200,1.0,tie,zoo,sleeper,1.0
gsm8k,0.3,self,race,0.9723809523809525,0.9361904761904762,0.036190476190476197,0.02595238095238096,0.04571428571428572,8.024565464705258e-13,200,7.920246113664089e-10,win,zoo,uninformative,1.0
gsm8k,0.3,majority,race,0.9723809523809525,0.9666666666666666,0.005714285714285714,0.0,0.012392857142857079,0.08326711222645355,200,1.0,tie,zoo,uninformative,1.0
gsm8k,0.3,ds_onecoin,race,0.9723809523809525,0.97,0.002380952380952381,0.0,0.00642857142857143,0.1573005107696258,200,1.0,tie,zoo,uninformative,1.0
gsm8k,0.3,aip_gated,race,0.9723809523809525,0.9690476190476189,0.0033333333333333335,0.0,0.008333333333333335,0.15729920705028516,200,1.0,tie,zoo,uninformative,1.0
gsm8k,0.3,aip_soft,race,0.9723809523809525,0.9692857142857143,0.0030952380952380953,0.0,0.007857142857142858,0.1573005107696258,200,1.0,tie,zoo,uninformative,1.0
gsm8k,0.5,self,race,0.975,0.941,0.03400000000000002,0.02400000000000002,0.04534166666666665,1.0334668698772229e-13,200,1.0500023397952585e-10,win,zoo,attractor,1.0
gsm8k,0.5,majority,race,0.975,0.8383333333333333,0.1366666666666667,0.105,0.1716666666666667,3.193109771762655e-14,200,3.288903064915535e-11,win,zoo,attractor,1.0
gsm8k,0.5,ds_onecoin,race,0.975,0.0,0.975,0.9516666666666667,0.9916666666666667,5.944561806954183e-44,200,7.490147876762271e-41,win,zoo,attractor,1.0
gsm8k,0.5,aip_gated,race,0.975,0.9813333333333334,-0.006333333333333333,-0.013000000000000001,-0.001333333333333333,0.045503346982774265,200,1.0,tie,zoo,attractor,1.0
gsm8k,0.5,aip_soft,race,0.975,0.9810000000000001,-0.005999999999999998,-0.012999999999999998,-0.0006666666666666655,0.17680992328847756,200,1.0,tie,zoo,attractor,1.0
gsm8k,0.5,self,race,0.9680000000000001,0.941,0.02700000000000002,0.01900000000000002,0.035000000000000024,9.756842266739431e-13,200,9.590975948204862e-10,win,zoo,camouflage,0.7
gsm8k,0.5,majority,race,0.9680000000000001,0.9583333333333333,0.00966666666666667,-0.010666666666666666,0.028341666666666626,0.030323613204862897,200,1.0,tie,zoo,camouflage,0.7
gsm8k,0.5,ds_onecoin,race,0.9680000000000001,0.9633333333333333,0.00466666666666667,-0.018000000000000002,0.024333333333333335,0.06387442273406367,200,1.0,tie,zoo,camouflage,0.7
gsm8k,0.5,aip_gated,race,0.9680000000000001,0.9633333333333333,0.00466666666666667,-0.01768333333333333,0.025008333333333292,0.06387442273406367,200,1.0,tie,zoo,camouflage,0.7
gsm8k,0.5,aip_soft,race,0.9680000000000001,0.9633333333333333,0.00466666666666667,-0.017675,0.025674999999999962,0.06387442273406367,200,1.0,tie,zoo,camouflage,0.7
gsm8k,0.5,self,race,0.9666666666666666,0.941,0.025666666666666674,0.019000000000000013,0.03234166666666664,1.7233290629518524e-13,200,1.7198824048259486e-10,win,zoo,camouflage,0.9
gsm8k,0.5,majority,race,0.9666666666666666,0.8466666666666666,0.12,0.08732500000000001,0.15600000000000003,1.0232764255466624e-12,200,1.0038341734612759e-09,win,zoo,camouflage,0.9
gsm8k,0.5,ds_onecoin,race,0.9666666666666666,0.8516666666666666,0.115,0.08033333333333335,0.14966666666666667,5.3243544769206574e-12,200,5.122029006797672e-09,win,zoo,camouflage,0.9
gsm8k,0.5,aip_gated,race,0.9666666666666666,0.8516666666666666,0.115,0.08266666666666668,0.14933333333333335,5.3243544769206574e-12,200,5.122029006797672e-09,win,zoo,camouflage,0.9
gsm8k,0.5,aip_soft,race,0.9666666666666666,0.8516666666666666,0.115,0.08066666666666666,0.1490083333333333,5.3243544769206574e-12,200,5.122029006797672e-09,win,zoo,camouflage,0.9
gsm8k,0.5,self,race,0.9693333333333334,0.941,0.02833333333333334,0.019666666666666676,0.037674999999999965,7.04810404401573e-12,200,6.695698841814944e-09,win,zoo,echo,1.0
gsm8k,0.5,majority,race,0.9693333333333334,0.965,0.004333333333333333,-0.0026666666666666683,0.011666666666666665,0.4118721149452226,200,1.0,tie,zoo,echo,1.0
gsm8k,0.5,ds_onecoin,race,0.9693333333333334,0.9666666666666666,0.002666666666666666,-0.0033333333333333335,0.009333333333333334,0.6530988770494659,200,1.0,tie,zoo,echo,1.0
gsm8k,0.5,aip_gated,race,0.9693333333333334,0.9646666666666667,0.004666666666666665,-0.002000000000000001,0.011999999999999997,0.2552557227852843,200,1.0,tie,zoo,echo,1.0
gsm8k,0.5,aip_soft,race,0.9693333333333334,0.9646666666666667,0.004666666666666665,-0.0016666666666666679,0.011999999999999997,0.2552557227852843,200,1.0,tie,zoo,echo,1.0
gsm8k,0.5,self,race,0.9733333333333334,0.941,0.032333333333333346,0.02366666666666668,0.0420083333333333,1.0334668698772229e-13,200,1.0500023397952585e-10,win,zoo,gate_aware,0.0
gsm8k,0.5,majority,race,0.9733333333333334,0.8383333333333333,0.135,0.105,0.16833333333333336,3.193109771762655e-14,200,3.288903064915535e-11,win,zoo,gate_aware,0.0
gsm8k,0.5,ds_onecoin,race,0.9733333333333334,0.0,0.9733333333333334,0.9516249999999998,0.9916666666666666,9.130433680304544e-44,200,1.1495216003503421e-40,win,zoo,gate_aware,0.0
gsm8k,0.5,aip_gated,race,0.9733333333333334,0.9793333333333334,-0.006000000000000001,-0.012000000000000002,-0.0010000000000000002,0.045503346982774265,200,1.0,tie,zoo,gate_aware,0.0
gsm8k,0.5,aip_soft,race,0.9733333333333334,0.9793333333333334,-0.006000000000000001,-0.012666666666666668,-0.0010000000000000002,0.045503346982774265,200,1.0,tie,zoo,gate_aware,0.0
gsm8k,0.5,self,race,0.9733333333333334,0.941,0.032333333333333346,0.02333333333333335,0.04200000000000001,1.0334668698772229e-13,200,1.0500023397952585e-10,win,zoo,gate_aware,0.25
gsm8k,0.5,majority,race,0.9733333333333334,0.8383333333333333,0.135,0.10333333333333333,0.16833333333333336,3.193109771762655e-14,200,3.288903064915535e-11,win,zoo,gate_aware,0.25
gsm8k,0.5,ds_onecoin,race,0.9733333333333334,0.0,0.9733333333333334,0.95,0.9916666666666666,9.130433680304544e-44,200,1.1495216003503421e-40,win,zoo,gate_aware,0.25
gsm8k,0.5,aip_gated,race,0.9733333333333334,0.9810000000000001,-0.007666666666666668,-0.015000000000000003,-0.0016666666666666668,0.025350307205454864,200,1.0,tie,zoo,gate_aware,0.25
gsm8k,0.5,aip_soft,race,0.9733333333333334,0.9810000000000001,-0.007666666666666668,-0.015333333333333332,-0.0016666666666666668,0.025350307205454864,200,1.0,tie,zoo,gate_aware,0.25
gsm8k,0.5,self,race,0.9733333333333334,0.941,0.03233333333333335,0.023666666666666683,0.041666666666666685,1.0334668698772229e-13,200,1.0500023397952585e-10,win,zoo,gate_aware,0.5
gsm8k,0.5,majority,race,0.9733333333333334,0.8383333333333333,0.135,0.10333333333333333,0.16833333333333336,3.193109771762655e-14,200,3.288903064915535e-11,win,zoo,gate_aware,0.5
gsm8k,0.5,ds_onecoin,race,0.9733333333333334,0.0,0.9733333333333334,0.9516666666666665,0.9916666666666666,9.130433680304544e-44,200,1.1495216003503421e-40,win,zoo,gate_aware,0.5
gsm8k,0.5,aip_gated,race,0.9733333333333334,0.98,-0.006666666666666666,-0.013333333333333334,0.0,0.04550231928241228,200,1.0,tie,zoo,gate_aware,0.5
gsm8k,0.5,aip_soft,race,0.9733333333333334,0.9793333333333334,-0.006000000000000001,-0.013333333333333334,-0.00033333333333333354,0.17680826716161402,200,1.0,tie,zoo,gate_aware,0.5
gsm8k,0.5,self,race,0.9733333333333334,0.941,0.032333333333333346,0.02366666666666668,0.04233333333333334,1.0334668698772229e-13,200,1.0500023397952585e-10,win,zoo,gate_aware,0.75
gsm8k,0.5,majority,race,0.9733333333333334,0.8383333333333333,0.135,0.10333333333333336,0.16666666666666669,3.193109771762655e-14,200,3.288903064915535e-11,win,zoo,gate_aware,0.75
gsm8k,0.5,ds_onecoin,race,0.9733333333333334,0.0,0.9733333333333334,0.9516666666666665,0.9916666666666666,9.130433680304544e-44,200,1.1495216003503421e-40,win,zoo,gate_aware,0.75
gsm8k,0.5,aip_gated,race,0.9733333333333334,0.978,-0.004666666666666667,-0.011333333333333332,0.00033333333333333327,0.3136742449644492,200,1.0,tie,zoo,gate_aware,0.75
gsm8k,0.5,aip_soft,race,0.9733333333333334,0.9776666666666667,-0.004333333333333333,-0.011000000000000001,0.0006666666666666665,0.3136742449644492,200,1.0,tie,zoo,gate_aware,0.75
gsm8k,0.5,self,race,0.9733333333333334,0.941,0.032333333333333346,0.024000000000000007,0.04167499999999997,1.0334668698772229e-13,200,1.0500023397952585e-10,win,zoo,gate_aware,1.0
gsm8k,0.5,majority,race,0.9733333333333334,0.8383333333333333,0.135,0.10166666666666668,0.17,3.193109771762655e-14,200,3.288903064915535e-11,win,zoo,gate_aware,1.0
gsm8k,0.5,ds_onecoin,race,0.9733333333333334,0.0,0.9733333333333334,0.9516666666666665,0.9916666666666666,9.130433680304544e-44,200,1.1495216003503421e-40,win,zoo,gate_aware,1.0
gsm8k,0.5,aip_gated,race,0.9733333333333334,0.9783333333333334,-0.005,-0.011666666666666667,0.0,0.08326646333572782,200,1.0,tie,zoo,gate_aware,1.0
gsm8k,0.5,aip_soft,race,0.9733333333333334,0.9776666666666667,-0.004333333333333333,-0.011000000000000001,0.0006666666666666665,0.3136742449644492,200,1.0,tie,zoo,gate_aware,1.0
gsm8k,0.5,self,race,0.9733333333333334,0.941,0.032333333333333346,0.02366666666666669,0.04200000000000001,1.0334668698772229e-13,200,1.0500023397952585e-10,win,zoo,independent,1.0
gsm8k,0.5,majority,race,0.9733333333333334,0.8383333333333333,0.135,0.10329166666666667,0.16833333333333336,3.193109771762655e-14,200,3.288903064915535e-11,win,zoo,independent,1.0
gsm8k,0.5,ds_onecoin,race,0.9733333333333334,0.0,0.9733333333333334,0.95,0.9916666666666666,9.130433680304544e-44,200,1.1495216003503421e-40,win,zoo,independent,1.0
gsm8k,0.5,aip_gated,race,0.9733333333333334,0.9793333333333334,-0.006,-0.012333333333333333,-0.0010000000000000002,0.1003273138819039,200,1.0,tie,zoo,independent,1.0
gsm8k,0.5,aip_soft,race,0.9733333333333334,0.9810000000000001,-0.007666666666666666,-0.015008333333333335,-0.0016666666666666666,0.025350680780028306,200,1.0,tie,zoo,independent,1.0
gsm8k,0.5,self,race,0.9703333333333333,0.941,0.029333333333333354,0.02133333333333335,0.03866666666666669,2.8107455967611564e-13,200,2.7995026143741116e-10,win,zoo,partial,0.5
gsm8k,0.5,majority,race,0.9703333333333333,0.955,0.015333333333333336,0.003658333333333334,0.028666666666666667,0.011779902202239635,200,1.0,tie,zoo,partial,0.5
gsm8k,0.5,ds_onecoin,race,0.9703333333333333,0.97,0.00033333333333333327,0.0,0.0009999999999999998,0.31731050786291415,200,1.0,tie,zoo,partial,0.5
gsm8k,0.5,aip_gated,race,0.9703333333333333,0.9633333333333334,0.007000000000000003,0.0023333333333333344,0.01266666666666667,0.004680177393700009,200,1.0,tie,zoo,partial,0.5
gsm8k,0.5,aip_soft,race,0.9703333333333333,0.9646666666666667,0.005666666666666669,0.0016666666666666668,0.010333333333333337,0.014307437587573432,200,1.0,tie,zoo,partial,0.5
gsm8k,0.5,self,race,0.9733333333333334,0.941,0.03233333333333335,0.02366666666666668,0.04134166666666665,1.0334668698772229e-13,200,1.0500023397952585e-10,win,zoo,partial,0.8
gsm8k,0.5,majority,race,0.9733333333333334,0.885,0.08833333333333332,0.06333333333333334,0.11666666666666665,1.6179450006424162e-10,200,1.4674761155826714e-07,win,zoo,partial,0.8
gsm8k,0.5,ds_onecoin,race,0.9733333333333334,0.9733333333333334,0.0,0.0,0.0,1.0,200,1.0,tie,zoo,partial,0.8
gsm8k,0.5,aip_gated,race,0.9733333333333334,0.9706666666666667,0.002666666666666666,-0.004000000000000001,0.00900833333333329,0.09904083964423444,200,1.0,tie,zoo,partial,0.8
gsm8k,0.5,aip_soft,race,0.9733333333333334,0.9733333333333334,2.7755575615628914e-19,-0.005,0.005,0.9971719968404295,200,1.0,tie,zoo,partial,0.8
gsm8k,0.5,self,race,0.6893333333333334,0.941,-0.25166666666666676,-0.27000000000000013,-0.23432500000000012,1.6208166227028296e-37,200,2.0049501622834e-34,loss,zoo,sleeper,1.0
gsm8k,0.5,majority,race,0.6893333333333334,0.8383333333333333,-0.1490000000000001,-0.1610000000000001,-0.13700000000000007,1.655108044669845e-33,200,2.040748219077919e-30,loss,zoo,sleeper,1.0
gsm8k,0.5,ds_onecoin,race,0.6893333333333334,0.8383333333333333,-0.1490000000000001,-0.1610000000000001,-0.13700000000000007,1.655108044669845e-33,200,2.040748219077919e-30,loss,zoo,sleeper,1.0
gsm8k,0.5,aip_gated,race,0.6893333333333334,0.2856666666666667,0.4036666666666667,0.38366666666666666,0.42100000000000004,2.6067726568732394e-37,200,3.221971003895324e-34,win,zoo,sleeper,1.0
gsm8k,0.5,aip_soft,race,0.6893333333333334,0.2856666666666667,0.4036666666666667,0.38433333333333336,0.42233333333333334,2.6067726568732394e-37,200,3.221971003895324e-34,win,zoo,sleeper,1.0
gsm8k,0.5,self,race,0.9716666666666667,0.941,0.03066666666666668,0.022333333333333347,0.039666666666666676,5.243455741307294e-13,200,5.201508095376835e-10,win,zoo,uninformative,1.0
gsm8k,0.5,majority,race,0.9716666666666667,0.9533333333333335,0.018333333333333333,0.006666666666666667,0.03333333333333333,0.006386418226587413,200,1.0,tie,zoo,uninformative,1.0
gsm8k,0.5,ds_onecoin,race,0.9716666666666667,0.97,0.0016666666666666666,0.0,0.005,0.31731050786291415,200,1.0,tie,zoo,uninformative,1.0
gsm8k,0.5,aip_gated,race,0.9716666666666667,0.9683333333333334,0.003333333333333335,0.0003333333333333338,0.007666666666666668,0.045503346982774265,200,1.0,tie,zoo,uninformative,1.0
gsm8k,0.5,aip_soft,race,0.9716666666666667,0.9680000000000001,0.0036666666666666675,0.0006666666666666665,0.007666666666666668,0.04550231928241228,200,1.0,tie,zoo,uninformative,1.0
gsm8k,0.7,self,race,0.9727777777777777,0.95,0.022777777777777786,0.013888888888888895,0.032222222222222235,2.7567069007907534e-06,200,0.0021693084131103454,win,zoo,attractor,1.0
gsm8k,0.7,majority,race,0.9727777777777777,0.0,0.9727777777777777,0.9516666666666665,0.9911249999999999,1.3911725038748156e-43,200,1.7264450773086462e-40,win,zoo,attractor,1.0
gsm8k,0.7,ds_onecoin,race,0.9727777777777777,0.0,0.9727777777777777,0.9499861111111111,0.9911111111111112,1.3911725038748156e-43,200,1.7264450773086462e-40,win,zoo,attractor,1.0
gsm8k,0.7,aip_gated,race,0.9727777777777777,0.9727777777777777,0.0,0.0,0.0,1.0,200,1.0,tie,zoo,attractor,1.0
gsm8k,0.7,aip_soft,race,0.9727777777777777,0.9727777777777777,0.0,0.0,0.0,1.0,200,1.0,tie,zoo,attractor,1.0
gsm8k,0.7,self,race,0.9366666666666665,0.95,-0.013333333333333332,-0.02111111111111111,-0.006666666666666666,0.0005322545618859748,200,0.3454332106639977,tie,zoo,camouflage,0.7
gsm8k,0.7,majority,race,0.9366666666666665,0.9266666666666665,0.009999999999999995,-0.011666666666666669,0.02888888888888888,0.0008055412082434209,200,0.49621338427794726,tie,zoo,camouflage,0.7
gsm8k,0.7,ds_onecoin,race,0.9366666666666665,0.9266666666666665,0.009999999999999995,-0.011680555555555562,0.029444444444444436,0.0008055412082434209,200,0.49621338427794726,tie,zoo,camouflage,0.7
gsm8k,0.7,aip_gated,race,0.9366666666666665,0.9266666666666665,0.009999999999999995,-0.012222222222222223,0.028347222222222145,0.0008055412082434209,200,0.49621338427794726,tie,zoo,camouflage,0.7
gsm8k,0.7,aip_soft,race,0.9366666666666665,0.9266666666666665,0.009999999999999995,-0.011111111111111118,0.028333333333333332,0.0008055412082434209,200,0.49621338427794726,tie,zoo,camouflage,0.7
gsm8k,0.7,self,race,0.9366666666666665,0.95,-0.013333333333333332,-0.02111111111111111,-0.006666666666666666,0.0005322545618859748,200,0.3454332106639977,tie,zoo,camouflage,0.9
gsm8k,0.7,majority,race,0.9366666666666665,0.9266666666666665,0.009999999999999995,-0.012222222222222225,0.028333333333333325,0.0008055412082434209,200,0.49621338427794726,tie,zoo,camouflage,0.9
gsm8k,0.7,ds_onecoin,race,0.9366666666666665,0.9266666666666665,0.009999999999999995,-0.011666666666666672,0.028888888888888884,0.0008055412082434209,200,0.49621338427794726,tie,zoo,camouflage,0.9
gsm8k,0.7,aip_gated,race,0.9366666666666665,0.9266666666666665,0.009999999999999995,-0.011666666666666672,0.028888888888888884,0.0008055412082434209,200,0.49621338427794726,tie,zoo,camouflage,0.9
gsm8k,0.7,aip_soft,race,0.9366666666666665,0.9266666666666665,0.009999999999999995,-0.012222222222222225,0.028333333333333325,0.0008055412082434209,200,0.49621338427794726,tie,zoo,camouflage,0.9
gsm8k,0.7,self,race,0.9561111111111111,0.95,0.006111111111111116,-0.002236111111111109,0.015000000000000006,0.3336540488039481,200,1.0,tie,zoo,echo,1.0
gsm8k,0.7,majority,race,0.9561111111111111,0.96,-0.00388888888888889,-0.009444444444444445,0.0011111111111111102,0.10204850095978621,200,1.0,tie,zoo,echo,1.0
gsm8k,0.7,ds_onecoin,race,0.9561111111111111,0.9616666666666667,-0.005555555555555557,-0.012222222222222225,0.0011111111111111094,0.15314431491918806,200,1.0,tie,zoo,echo,1.0
gsm8k,0.7,aip_gated,race,0.9561111111111111,0.9616666666666667,-0.005555555555555557,-0.012777777777777779,0.0005555555555555541,0.15314431491918806,200,1.0,tie,zoo,echo,1.0
gsm8k,0.7,aip_soft,race,0.9561111111111111,0.9616666666666667,-0.005555555555555557,-0.012777777777777779,0.0005555555555555541,0.15314431491918806,200,1.0,tie,zoo,echo,1.0
gsm8k,0.7,self,race,0.9733333333333334,0.95,0.023333333333333338,0.014444444444444449,0.03334722222222216,2.7567268615557423e-06,200,0.0021693084131103454,win,zoo,gate_aware,0.0
gsm8k,0.7,majority,race,0.9733333333333334,0.0,0.9733333333333334,0.9516666666666665,0.99,9.130433680304544e-44,200,1.1495216003503421e-40,win,zoo,gate_aware,0.0
gsm8k,0.7,ds_onecoin,race,0.9733333333333334,0.0,0.9733333333333334,0.9516666666666665,0.9916666666666666,9.130433680304544e-44,200,1.1495216003503421e-40,win,zoo,gate_aware,0.0
gsm8k,0.7,aip_gated,race,0.9733333333333334,0.9733333333333334,0.0,0.0,0.0,1.0,200,1.0,tie,zoo,gate_aware,0.0
gsm8k,0.7,aip_soft,race,0.9733333333333334,0.9733333333333334,0.0,0.0,0.0,1.0,200,1.0,tie,zoo,gate_aware,0.0
gsm8k,0.7,self,race,0.9733333333333334,0.95,0.023333333333333338,0.013888888888888893,0.0338888888888889,2.7567268615557423e-06,200,0.0021693084131103454,win,zoo,gate_aware,0.25
gsm8k,0.7,majority,race,0.9733333333333334,0.0,0.9733333333333334,0.9516249999999998,0.9916666666666666,9.130433680304544e-44,200,1.1495216003503421e-40,win,zoo,gate_aware,0.25
gsm8k,0.7,ds_onecoin,race,0.9733333333333334,0.0,0.9733333333333334,0.9516666666666667,0.9916666666666666,9.130433680304544e-44,200,1.1495216003503421e-40,win,zoo,gate_aware,0.25
gsm8k,0.7,aip_gated,race,0.9733333333333334,0.9733333333333334,0.0,0.0,0.0,1.0,200,1.0,tie,zoo,gate_aware,0.25
gsm8k,0.7,aip_soft,race,0.9733333333333334,0.9733333333333334,0.0,0.0,0.0,1.0,200,1.0,tie,zoo,gate_aware,0.25
gsm8k,0.7,self,race,0.9733333333333334,0.95,0.023333333333333338,0.01443055555555556,0.0338888888888889,2.7567268615557423e-06,200,0.0021693084131103454,win,zoo,gate_aware,0.5
gsm8k,0.7,majority,race,0.9733333333333334,0.0,0.9733333333333334,0.9516666666666667,0.9916666666666666,9.130433680304544e-44,200,1.1495216003503421e-40,win,zoo,gate_aware,0.5
gsm8k,0.7,ds_onecoin,race,0.9733333333333334,0.0,0.9733333333333334,0.9516666666666665,0.9916666666666666,9.130433680304544e-44,200,1.1495216003503421e-40,win,zoo,gate_aware,0.5
gsm8k,0.7,aip_gated,race,0.9733333333333334,0.9733333333333334,0.0,0.0,0.0,1.0,200,1.0,tie,zoo,gate_aware,0.5
gsm8k,0.7,aip_soft,race,0.9733333333333334,0.9733333333333334,0.0,0.0,0.0,1.0,200,1.0,tie,zoo,gate_aware,0.5
gsm8k,0.7,self,race,0.9733333333333334,0.95,0.023333333333333338,0.01444444444444445,0.03333333333333335,2.7567268615557423e-06,200,0.0021693084131103454,win,zoo,gate_aware,0.75
gsm8k,0.7,majority,race,0.9733333333333334,0.0,0.9733333333333334,0.95,0.99,9.130433680304544e-44,200,1.1495216003503421e-40,win,zoo,gate_aware,0.75
gsm8k,0.7,ds_onecoin,race,0.9733333333333334,0.0,0.9733333333333334,0.9516249999999998,0.9916666666666666,9.130433680304544e-44,200,1.1495216003503421e-40,win,zoo,gate_aware,0.75
gsm8k,0.7,aip_gated,race,0.9733333333333334,0.9727777777777777,0.0005555555555555558,0.0,0.0016666666666666674,0.31731050786291415,200,1.0,tie,zoo,gate_aware,0.75
gsm8k,0.7,aip_soft,race,0.9733333333333334,0.9727777777777777,0.0005555555555555558,0.0,0.0016666666666666674,0.31731050786291415,200,1.0,tie,zoo,gate_aware,0.75
gsm8k,0.7,self,race,0.9733333333333334,0.95,0.023333333333333338,0.013888888888888893,0.0338888888888889,2.7567268615557423e-06,200,0.0021693084131103454,win,zoo,gate_aware,1.0
gsm8k,0.7,majority,race,0.9733333333333334,0.0,0.9733333333333334,0.9516666666666665,0.9916666666666666,9.130433680304544e-44,200,1.1495216003503421e-40,win,zoo,gate_aware,1.0
gsm8k,0.7,ds_onecoin,race,0.9733333333333334,0.0,0.9733333333333334,0.9516666666666665,0.9916666666666666,9.130433680304544e-44,200,1.1495216003503421e-40,win,zoo,gate_aware,1.0
gsm8k,0.7,aip_gated,race,0.9733333333333334,0.9727777777777777,0.0005555555555555558,0.0,0.0016666666666666674,0.31731050786291415,200,1.0,tie,zoo,gate_aware,1.0
gsm8k,0.7,aip_soft,race,0.9733333333333334,0.9727777777777777,0.0005555555555555558,0.0,0.0016666666666666674,0.31731050786291415,200,1.0,tie,zoo,gate_aware,1.0
gsm8k,0.7,self,race,0.9733333333333334,0.95,0.023333333333333338,0.01443055555555556,0.03333333333333335,2.7567268615557423e-06,200,0.0021693084131103454,win,zoo,independent,1.0
gsm8k,0.7,majority,race,0.9733333333333334,0.0,0.9733333333333334,0.9516666666666665,0.9916666666666666,9.130433680304544e-44,200,1.1495216003503421e-40,win,zoo,independent,1.0
gsm8k,0.7,ds_onecoin,race,0.9733333333333334,0.0,0.9733333333333334,0.9516666666666665,0.99,9.130433680304544e-44,200,1.1495216003503421e-40,win,zoo,independent,1.0
gsm8k,0.7,aip_gated,race,0.9733333333333334,0.9733333333333334,0.0,0.0,0.0,1.0,200,1.0,tie,zoo,independent,1.0
gsm8k,0.7,aip_soft,race,0.9733333333333334,0.9733333333333334,0.0,0.0,0.0,1.0,200,1.0,tie,zoo,independent,1.0
gsm8k,0.7,self,race,0.9716666666666667,0.95,0.021666666666666674,0.01333333333333334,0.031111111111111124,2.7564274626560934e-06,200,0.0021693084131103454,win,zoo,partial,0.5
gsm8k,0.7,majority,race,0.9716666666666667,0.8766666666666666,0.09500000000000001,0.07166666666666668,0.12000000000000002,1.623957919814882e-12,200,1.5898548034987696e-09,win,zoo,partial,0.5
gsm8k,0.7,ds_onecoin,race,0.9716666666666667,0.9716666666666667,0.0,0.0,0.0,1.0,200,1.0,tie,zoo,partial,0.5
gsm8k,0.7,aip_gated,race,0.9716666666666667,0.8538888888888888,0.1177777777777778,0.09611111111111115,0.1416666666666667,3.142805061015928e-19,200,3.8687930301106074e-16,win,zoo,partial,0.5
gsm8k,0.7,aip_soft,race,0.9716666666666667,0.9261111111111111,0.045555555555555564,0.030000000000000006,0.062222222222222234,9.980528013747515e-08,200,8.31377983545168e-05,win,zoo,partial,0.5
gsm8k,0.7,self,race,0.9672222222222223,0.95,0.01722222222222223,0.008888888888888892,0.02611111111111112,0.0005135201721093113,200,0.3337881118710524,tie,zoo,partial,0.8
gsm8k,0.7,majority,race,0.9672222222222223,0.39166666666666666,0.5755555555555556,0.533888888888889,0.6166666666666667,6.837793993416258e-35,200,8.437837787875663e-32,win,zoo,partial,0.8
gsm8k,0.7,ds_onecoin,race,0.9672222222222223,0.016666666666666666,0.9505555555555557,0.9161111111111111,0.98,3.2331448139038068e-43,200,4.005866424426817e-40,win,zoo,partial,0.8
gsm8k,0.7,aip_gated,race,0.9672222222222223,0.9766666666666666,-0.009444444444444443,-0.02333333333333333,0.002222222222222223,0.5124465866277788,200,1.0,tie,zoo,partial,0.8
gsm8k,0.7,aip_soft,race,0.9672222222222223,0.9777777777777777,-0.010555555555555556,-0.022222222222222223,-0.0016666666666666668,0.025350867568029588,200,1.0,tie,zoo,partial,0.8
gsm8k,0.7,self,race,0.0,0.95,-0.95,-0.9711111111111111,-0.9244444444444446,5.996915214731009e-41,200,7.424181035836989e-38,loss,zoo,sleeper,1.0
gsm8k,0.7,majority,race,0.0,0.0,0.0,0.0,0.0,1.0,200,1.0,tie,zoo,sleeper,1.0
gsm8k,0.7,ds_onecoin,race,0.0,0.0,0.0,0.0,0.0,1.0,200,1.0,tie,zoo,sleeper,1.0
gsm8k,0.7,aip_gated,race,0.0,0.0,0.0,0.0,0.0,1.0,200,1.0,tie,zoo,sleeper,1.0
gsm8k,0.7,aip_soft,race,0.0,0.0,0.0,0.0,0.0,1.0,200,1.0,tie,zoo,sleeper,1.0
gsm8k,0.7,self,race,0.9633333333333334,0.95,0.01333333333333334,0.006111111111111114,0.02112499999999994,0.0009003655013508287,200,0.5456214938186021,tie,zoo,uninformative,1.0
gsm8k,0.7,majority,race,0.9633333333333334,0.885,0.07833333333333332,0.05722222222222223,0.10111111111111111,3.5056128296856743e-11,200,3.24970309311862e-08,win,zoo,uninformative,1.0
gsm8k,0.7,ds_onecoin,race,0.9633333333333334,0.9716666666666667,-0.008333333333333333,-0.015555555555555555,-0.002777777777777778,0.014308996814659027,200,1.0,tie,zoo,uninformative,1.0
gsm8k,0.7,aip_gated,race,0.9633333333333334,0.885,0.07833333333333335,0.05722222222222223,0.09944444444444446,4.581245996464544e-12,200,4.416321140591821e-09,win,zoo,uninformative,1.0
gsm8k,0.7,aip_soft,race,0.9633333333333334,0.9516666666666665,0.011666666666666672,0.0011111111111111152,0.023333333333333338,0.0443020204624422,200,1.0,tie,zoo,uninformative,1.0
math500,0.3,self,race,0.849404761904762,0.7494047619047619,0.1,0.050000000000000024,0.14763392857142849,0.01894115882151467,80,1.0,tie,zoo,attractor,1.0
math500,0.3,majority,race,0.849404761904762,0.6708333333333334,0.17857142857142855,0.10892857142857144,0.2523809523809524,0.000935451510569371,80,0.5594000033204839,tie,zoo,attractor,1.0
math500,0.3,ds_onecoin,race,0.849404761904762,0.8958333333333333,-0.046428571428571416,-0.07142857142857142,-0.02023809523809523,4.4196130523944444e-05,80,0.03164442945514422,loss,zoo,attractor,1.0
math500,0.3,aip_gated,race,0.849404761904762,0.8458333333333334,0.0035714285714285796,-0.02202380952380952,0.03095238095238096,0.20394262611087588,80,1.0,tie,zoo,attractor,1.0
math500,0.3,aip_soft,race,0.849404761904762,0.8458333333333334,0.0035714285714285796,-0.02202380952380951,0.030357142857142867,0.20394262611087588,80,1.0,tie,zoo,attractor,1.0
math500,0.3,self,race,0.8416666666666666,0.7494047619047619,0.09226190476190478,0.06190476190476191,0.1232291666666666,3.896469760413055e-08,80,3.300309887069858e-05,win,zoo,camouflage,0.7
math500,0.3,majority,race,0.8416666666666666,0.725,0.11666666666666667,0.075,0.1625,2.9640428333200715e-06,80,0.0023000972386563756,win,zoo,camouflage,0.7
math500,0.3,ds_onecoin,race,0.8416666666666666,0.7375,0.10416666666666667,0.0625,0.15,3.61602763325053e-05,80,0.026360841446396364,win,zoo,camouflage,0.7
math500,0.3,aip_gated,race,0.8416666666666666,0.75,0.09166666666666666,0.05476190476190477,0.13035714285714284,1.0667932336612698e-05,80,0.008043620981805975,win,zoo,camouflage,0.7
math500,0.3,aip_soft,race,0.8416666666666666,0.75,0.09166666666666666,0.054166666666666675,0.13334821428571422,1.0667932336612698e-05,80,0.008043620981805975,win,zoo,camouflage,0.7
math500,0.3,self,race,0.8386904761904763,0.7494047619047619,0.0892857142857143,0.0517857142857143,0.12976190476190477,3.2447619659421427e-06,80,0.0025049562377073343,win,zoo,camouflage,0.9
math500,0.3,majority,race,0.8386904761904763,0.6708333333333334,0.16785714285714287,0.11129464285714287,0.22799107142857133,1.8036227963815415e-05,80,0.013328772465259592,win,zoo,camouflage,0.9
math500,0.3,ds_onecoin,race,0.8386904761904763,0.6125,0.2261904761904762,0.17081845238095236,0.28154761904761905,2.900507684063968e-10,80,2.619158438709763e-07,win,zoo,camouflage,0.9
math500,0.3,aip_gated,race,0.8386904761904763,0.7196428571428573,0.11904761904761904,0.07559523809523809,0.16428571428571428,1.0293284692082657e-05,80,0.0077920165119065715,win,zoo,camouflage,0.9
math500,0.3,aip_soft,race,0.8386904761904763,0.7196428571428573,0.11904761904761904,0.07619047619047618,0.16488095238095238,1.0293284692082657e-05,80,0.0077920165119065715,win,zoo,camouflage,0.9
math500,0.3,self,race,0.850595238095238,0.7494047619047619,0.10119047619047619,0.07083333333333333,0.1357291666666666,2.7156612207595555e-08,80,2.3110276988663818e-05,win,zoo,echo,1.0
math500,0.3,majority,race,0.850595238095238,0.8416666666666666,0.00892857142857143,-0.0071428571428571435,0.02619047619047619,0.4053212165905816,80,1.0,tie,zoo,echo,1.0
math500,0.3,ds_onecoin,race,0.850595238095238,0.8375,0.013095238095238096,-0.009523809523809523,0.037500000000000006,0.33902320542850106,80,1.0,tie,zoo,echo,1.0
math500,0.3,aip_gated,race,0.850595238095238,0.8345238095238094,0.016071428571428573,0.0005952380952380945,0.03392857142857143,0.0906354781381523,80,1.0,tie,zoo,echo,1.0
math500,0.3,aip_soft,race,0.850595238095238,0.8345238095238094,0.016071428571428573,0.0005952380952380952,0.03333333333333334,0.0906354781381523,80,1.0,tie,zoo,echo,1.0
math500,0.3,self,race,0.9416666666666668,0.7494047619047619,0.1922619047619048,0.14226190476190478,0.24404761904761907,7.066440709297271e-12,80,6.70605223312311e-09,win,zoo,gate_aware,0.0
math500,0.3,majority,race,0.9416666666666668,0.7583333333333334,0.18333333333333335,0.13333333333333336,0.2375,2.5090431913657416e-09,80,2.2004308788277555e-06,win,zoo,gate_aware,0.0
math500,0.3,ds_onecoin,race,0.9416666666666668,0.8833333333333332,0.058333333333333334,0.029166666666666667,0.08750000000000001,0.00047352012561638893,80,0.30873512190188557,tie,zoo,gate_aware,0.0
math500,0.3,aip_gated,race,0.9416666666666668,0.8708333333333333,0.07083333333333333,0.04880952380952381,0.09345238095238095,9.491527015607277e-10,80,8.437967516874869e-07,win,zoo,gate_aware,0.0
math500,0.3,aip_soft,race,0.9416666666666668,0.8708333333333333,0.07083333333333333,0.04880952380952381,0.09406249999999994,9.491527015607277e-10,80,8.437967516874869e-07,win,zoo,gate_aware,0.0
math500,0.3,self,race,0.9416666666666667,0.7494047619047619,0.1922619047619048,0.14345238095238097,0.24345238095238098,7.067992855004328e-12,80,6.70605223312311e-09,win,zoo,gate_aware,0.25
math500,0.3,majority,race,0.9416666666666667,0.7291666666666667,0.2125,0.15000000000000002,0.2791666666666667,4.609076370298379e-09,80,4.014505518529888e-06,win,zoo,gate_aware,0.25
math500,0.3,ds_onecoin,race,0.9416666666666667,0.8833333333333334,0.058333333333333334,0.03333333333333334,0.0875,0.00018363087074852634,80,0.12597077733348908,tie,zoo,gate_aware,0.25
math500,0.3,aip_gated,race,0.9416666666666667,0.8577380952380953,0.08392857142857144,0.061309523809523814,0.10892857142857144,9.449148608190852e-11,80,8.664869273711011e-08,win,zoo,gate_aware,0.25
math500,0.3,aip_soft,race,0.9416666666666667,0.8577380952380953,0.08392857142857144,0.05952380952380952,0.10714285714285716,9.449148608190852e-11,80,8.664869273711011e-08,win,zoo,gate_aware,0.25
math500,0.3,self,race,0.9375,0.7494047619047619,0.1880952380952381,0.1392857142857143,0.2404761904761905,7.0773122994027845e-12,80,6.70605223312311e-09,win,zoo,gate_aware,0.5
math500,0.3,majority,race,0.9375,0.725,0.2125,0.15416666666666667,0.275,2.8797747214941556e-09,80,2.52268265602888e-06,win,zoo,gate_aware,0.5
math500,0.3,ds_onecoin,race,0.9375,0.8833333333333334,0.054166666666666675,0.029166666666666667,0.08333333333333333,0.00031267734668540654,80,0.20793043554579535,tie,zoo,gate_aware,0.5
math500,0.3,aip_gated,race,0.9375,0.8547619047619047,0.08273809523809525,0.06071428571428572,0.10833333333333335,1.5183975433829202e-10,80,1.3802233669350745e-07,win,zoo,gate_aware,0.5
math500,0.3,aip_soft,race,0.9375,0.8547619047619047,0.08273809523809525,0.05952380952380952,0.10714285714285716,1.5183975433829202e-10,80,1.3802233669350745e-07,win,zoo,gate_aware,0.5
math500,0.3,self,race,0.9375,0.7494047619047619,0.1880952380952381,0.14285714285714285,0.23928571428571432,7.0773122994027845e-12,80,6.70605223312311e-09,win,zoo,gate_aware,0.75
math500,0.3,majority,race,0.9375,0.7083333333333334,0.22916666666666669,0.16666666666666669,0.2916666666666667,2.9655192872930046e-09,80,2.594829376381379e-06,win,zoo,gate_aware,0.75
math500,0.3,ds_onecoin,race,0.9375,0.8833333333333334,0.054166666666666675,0.029166666666666667,0.08333333333333334,0.00031267734668540654,80,0.20793043554579535,tie,zoo,gate_aware,0.75
math500,0.3,aip_gated,race,0.9375,0.8476190476190476,0.08988095238095238,0.06547619047619048,0.11607142857142856,1.0018610448159977e-10,80,9.16702856006638e-08,win,zoo,gate_aware,0.75
math500,0.3,aip_soft,race,0.9375,0.8476190476190476,0.08988095238095238,0.06607142857142857,0.11607142857142858,1.0018610448159977e-10,80,9.16702856006638e-08,win,zoo,gate_aware,0.75
math500,0.3,self,race,0.8422619047619048,0.7494047619047619,0.09285714285714287,0.04702380952380954,0.14226190476190476,0.03723671475547021,80,1.0,tie,zoo,gate_aware,1.0
math500,0.3,majority,race,0.8422619047619048,0.6916666666666667,0.1505952380952381,0.08331845238095238,0.22023809523809526,0.0038302451399300067,80,1.0,tie,zoo,gate_aware,1.0
math500,0.3,ds_onecoin,race,0.8422619047619048,0.8833333333333334,-0.041071428571428564,-0.06666666666666667,-0.012499999999999987,0.0002165742507109113,80,0.14705391623270878,tie,zoo,gate_aware,1.0
math500,0.3,aip_gated,race,0.8422619047619048,0.8446428571428573,-0.0023809523809523725,-0.02678571428571428,0.02380952380952382,0.06416414881387149,80,1.0,tie,zoo,gate_aware,1.0
math500,0.3,aip_soft,race,0.8422619047619048,0.8446428571428573,-0.0023809523809523725,-0.02678571428571428,0.023214285714285722,0.06416414881387149,80,1.0,tie,zoo,gate_aware,1.0
math500,0.3,self,race,0.9333333333333332,0.7494047619047619,0.18392857142857144,0.13690476190476192,0.23334821428571426,7.0773122994027845e-12,80,6.70605223312311e-09,win,zoo,independent,1.0
math500,0.3,majority,race,0.9333333333333332,0.7416666666666666,0.1916666666666667,0.1375,0.25,4.546248974900713e-09,80,3.964329106113422e-06,win,zoo,independent,1.0
math500,0.3,ds_onecoin,race,0.9333333333333332,0.875,0.058333333333333334,0.029166666666666667,0.08750000000000002,0.00047352012561638893,80,0.30873512190188557,tie,zoo,independent,1.0
math500,0.3,aip_gated,race,0.9333333333333332,0.855952380952381,0.0773809523809524,0.05178571428571428,0.10297619047619049,2.358085560309373e-09,80,2.072757207511939e-06,win,zoo,independent,1.0
math500,0.3,aip_soft,race,0.9333333333333332,0.855952380952381,0.0773809523809524,0.052380952380952375,0.10358630952380946,2.358085560309373e-09,80,2.072757207511939e-06,win,zoo,independent,1.0
math500,0.3,self,race,0.855952380952381,0.7494047619047619,0.10654761904761907,0.06011904761904763,0.15476190476190477,0.0025355567398773456,80,1.0,tie,zoo,partial,0.5
math500,0.3,majority,race,0.855952380952381,0.8541666666666667,0.001785714285714296,-0.03394345238095237,0.044642857142857144,0.09398443650659746,80,1.0,tie,zoo,partial,0.5
math500,0.3,ds_onecoin,race,0.855952380952381,0.85,0.005952380952380963,-0.025610119047619038,0.04166666666666668,0.3217556401254712,80,1.0,tie,zoo,partial,0.5
math500,0.3,aip_gated,race,0.855952380952381,0.8238095238095238,0.032142857142857154,-0.00715773809523809,0.0744196428571428,0.8168354715414727,80,1.0,tie,zoo,partial,0.5
math500,0.3,aip_soft,race,0.855952380952381,0.8178571428571427,0.0380952380952381,-0.002991071428571423,0.08453869047619039,0.8168354715414727,80,1.0,tie,zoo,partial,0.5
math500,0.3,self,race,0.8380952380952383,0.7494047619047619,0.0886904761904762,0.04404761904761906,0.1351339285714285,0.02059907132263758,80,1.0,tie,zoo,partial,0.8
math500,0.3,majority,race,0.8380952380952383,0.7666666666666667,0.07142857142857142,0.01665178571428572,0.13154761904761905,0.6446561772937999,80,1.0,tie,zoo,partial,0.8
math500,0.3,ds_onecoin,race,0.8380952380952383,0.8541666666666667,-0.01607142857142856,-0.044047619047619044,0.011309523809523825,0.046294960471177815,80,1.0,tie,zoo,partial,0.8
math500,0.3,aip_gated,race,0.8380952380952383,0.8470238095238095,-0.008928571428571425,-0.03930059523809524,0.025595238095238095,0.016226553814012896,80,1.0,tie,zoo,partial,0.8
math500,0.3,aip_soft,race,0.8380952380952383,0.8470238095238095,-0.008928571428571425,-0.039285714285714285,0.026190476190476188,0.016226553814012896,80,1.0,tie,zoo,partial,0.8
math500,0.3,self,race,0.8083333333333332,0.7494047619047619,0.05892857142857143,0.03273809523809525,0.08691964285714278,1.636552585363069e-05,80,0.012159585709247602,win,zoo,sleeper,1.0
math500,0.3,majority,race,0.8083333333333332,0.6916666666666667,0.11666666666666667,0.075,0.1625,1.753130310077883e-06,80,0.0013902323358917612,win,zoo,sleeper,1.0
math500,0.3,ds_onecoin,race,0.8083333333333332,0.7166666666666666,0.09166666666666665,0.05833333333333333,0.1291666666666667,1.3722525106693264e-05,80,0.010305616355126642,win,zoo,sleeper,1.0
math500,0.3,aip_gated,race,0.8083333333333332,0.7113095238095238,0.09702380952380953,0.05476190476190477,0.1392857142857143,8.29007686516292e-06,80,0.006325328648119308,win,zoo,sleeper,1.0
math500,0.3,aip_soft,race,0.8083333333333332,0.7113095238095238,0.09702380952380953,0.058318452380952374,0.13988095238095238,8.29007686516292e-06,80,0.006325328648119308,win,zoo,sleeper,1.0
math500,0.3,self,race,0.8113095238095239,0.7494047619047619,0.06190476190476191,0.025595238095238098,0.10238095238095238,0.047358281980358616,80,1.0,tie,zoo,uninformative,1.0
math500,0.3,majority,race,0.8113095238095239,0.85,-0.038690476190476185,-0.06608630952380952,-0.00892857142857142,0.00010258837299748559,80,0.07201703784423488,tie,zoo,uninformative,1.0
math500,0.3,ds_onecoin,race,0.8113095238095239,0.85,-0.03869047619047618,-0.07023809523809524,-0.0059523809523809425,0.0004378187471447158,80,0.28677127937978886,tie,zoo,uninformative,1.0
math500,0.3,aip_gated,race,0.8113095238095239,0.8410714285714285,-0.02976190476190475,-0.05654761904761905,0.001785714285714292,0.0017661381776206007,80,1.0,tie,zoo,uninformative,1.0
math500,0.3,aip_soft,race,0.8113095238095239,0.8410714285714285,-0.02976190476190475,-0.057738095238095234,0.001205357142857074,0.0017661381776206007,80,1.0,tie,zoo,uninformative,1.0
math500,0.5,self,race,0.8591666666666666,0.7291666666666667,0.12999999999999992,0.08166666666666658,0.1874999999999999,0.007993110317924252,80,1.0,tie,zoo,attractor,1.0
math500,0.5,majority,race,0.8591666666666666,0.4833333333333333,0.37583333333333324,0.28747916666666656,0.46335416666666646,2.0110614245990517e-08,80,1.71744645660759e-05,win,zoo,attractor,1.0
math500,0.5,ds_onecoin,race,0.8591666666666666,0.0,0.8591666666666666,0.805,0.9025000000000001,2.3592491778494263e-17,80,2.7272920495939368e-14,win,zoo,attractor,1.0
math500,0.5,aip_gated,race,0.8591666666666666,0.8483333333333334,0.01083333333333333,-0.0008333333333333332,0.023333333333333324,0.049760494692222865,80,1.0,tie,zoo,attractor,1.0
math500,0.5,aip_soft,race,0.8591666666666666,0.8483333333333334,0.01083333333333333,-0.0008333333333333346,0.022499999999999992,0.049760494692222865,80,1.0,tie,zoo,attractor,1.0
math500,0.5,self,race,0.7,0.7291666666666667,-0.029166666666666664,-0.05333333333333332,-0.008333333333333309,0.2677813967199979,80,1.0,tie,zoo,camouflage,0.7
math500,0.5,majority,race,0.7,0.6625,0.0375,0.016666666666666666,0.0625,0.0026997960632601866,80,1.0,tie,zoo,camouflage,0.7
math500,0.5,ds_onecoin,race,0.7,0.675,0.024999999999999998,-0.012500000000000002,0.05833333333333333,0.012715684774661182,80,1.0,tie,zoo,camouflage,0.7
math500,0.5,aip_gated,race,0.7,0.675,0.024999999999999998,-0.0084375,0.05833333333333333,0.012715684774661182,80,1.0,tie,zoo,camouflage,0.7
math500,0.5,aip_soft,race,0.7,0.675,0.024999999999999998,-0.012500000000000002,0.05416666666666666,0.012715684774661182,80,1.0,tie,zoo,camouflage,0.7
math500,0.5,self,race,0.6783333333333333,0.7291666666666667,-0.05083333333333333,-0.07250000000000001,-0.03000000000000001,1.4158889117660743e-05,80,0.010548372392657253,loss,zoo,camouflage,0.9
math500,0.5,majority,race,0.6783333333333333,0.4916666666666666,0.18666666666666668,0.1408333333333333,0.23585416666666656,3.102519286131771e-10,80,2.792267357518594e-07,win,zoo,camouflage,0.9
math500,0.5,ds_onecoin,race,0.6783333333333333,0.5041666666666667,0.17416666666666666,0.12249999999999998,0.23168749999999985,3.999124170958148e-09,80,3.491235401246463e-06,win,zoo,camouflage,0.9
math500,0.5,aip_gated,race,0.6783333333333333,0.5666666666666667,0.11166666666666666,0.06749999999999999,0.15752083333333322,9.400073794374373e-07,80,0.0007529459109293873,win,zoo,camouflage,0.9
math500,0.5,aip_soft,race,0.6783333333333333,0.5666666666666667,0.11166666666666666,0.06666666666666665,0.1583333333333333,9.400073794374373e-07,80,0.0007529459109293873,win,zoo,camouflage,0.9
math500,0.5,self,race,0.8158333333333333,0.7291666666666667,0.08666666666666667,0.059145833333333335,0.11583333333333334,6.767473830758099e-09,80,5.853864863605756e-06,win,zoo,echo,1.0
math500,0.5,majority,race,0.8158333333333333,0.8125,0.003333333333333332,-0.014166666666666671,0.020833333333333336,0.9957977158118276,80,1.0,tie,zoo,echo,1.0
math500,0.5,ds_onecoin,race,0.8158333333333333,0.75,0.06583333333333333,0.032499999999999994,0.09916666666666667,0.0007554508238507496,80,0.4661131583159125,tie,zoo,echo,1.0
math500,0.5,aip_gated,race,0.8158333333333333,0.7866666666666666,0.029166666666666664,0.009166666666666665,0.05249999999999999,0.018357174884950613,80,1.0,tie,zoo,echo,1.0
math500,0.5,aip_soft,race,0.8158333333333333,0.7866666666666666,0.029166666666666664,0.009166666666666667,0.05416666666666666,0.018357174884950613,80,1.0,tie,zoo,echo,1.0
math500,0.5,self,race,0.9333333333333332,0.7291666666666667,0.2041666666666667,0.1516666666666667,0.26002083333333326,7.154890584237607e-12,80,6.7532288492983485e-09,win,zoo,gate_aware,0.0
math500,0.5,majority,race,0.9333333333333332,0.4833333333333333,0.45,0.3583333333333334,0.55,5.865026757420662e-12,80,5.618695633608995e-09,win,zoo,gate_aware,0.0
math500,0.5,ds_onecoin,race,0.9333333333333332,0.0,0.9333333333333332,0.8791666666666667,0.9791666666666667,8.806785641736779e-18,80,1.0295132415190295e-14,win,zoo,gate_aware,0.0
math500,0.5,aip_gated,race,0.9333333333333332,0.8583333333333334,0.0750000000000001,0.06250000000000008,0.09000000000000008,3.542810851714108e-17,80,4.0706896686195096e-14,win,zoo,gate_aware,0.0
math500,0.5,aip_soft,race,0.9333333333333332,0.8583333333333334,0.0750000000000001,0.06250000000000008,0.0900000000000001,3.542810851714108e-17,80,4.0706896686195096e-14,win,zoo,gate_aware,0.0
math500,0.5,self,race,0.9291666666666666,0.7291666666666667,0.20000000000000004,0.1491666666666667,0.2575,7.155413869005982e-12,80,6.7532288492983485e-09,win,zoo,gate_aware,0.25
math500,0.5,majority,race,0.9291666666666666,0.4833333333333333,0.4458333333333334,0.3541666666666667,0.5416666666666666,6.006974404317799e-12,80,5.7486745049321334e-09,win,zoo,gate_aware,0.25
math500,0.5,ds_onecoin,race,0.9291666666666666,0.0,0.9291666666666666,0.875,0.975,1.2417758349808211e-17,80,1.4429435202477142e-14,win,zoo,gate_aware,0.25
math500,0.5,aip_gated,race,0.9291666666666666,0.8433333333333334,0.0858333333333334,0.07083333333333341,0.10250000000000008,1.6477692507946615e-16,80,1.8570359456455834e-13,win,zoo,gate_aware,0.25
math500,0.5,aip_soft,race,0.9291666666666666,0.8433333333333334,0.0858333333333334,0.0708333333333334,0.10333333333333342,1.6477692507946615e-16,80,1.8570359456455834e-13,win,zoo,gate_aware,0.25
math500,0.5,self,race,0.9291666666666666,0.7291666666666667,0.20000000000000004,0.14664583333333334,0.25250000000000006,7.1538441200194366e-12,80,6.7532288492983485e-09,win,zoo,gate_aware,0.5
math500,0.5,majority,race,0.9291666666666666,0.4833333333333333,0.4458333333333334,0.35,0.5333333333333334,6.006974404317799e-12,80,5.7486745049321334e-09,win,zoo,gate_aware,0.5
math500,0.5,ds_onecoin,race,0.9291666666666666,0.0,0.9291666666666666,0.875,0.975,1.2417758349808211e-17,80,1.4429435202477142e-14,win,zoo,gate_aware,0.5
math500,0.5,aip_gated,race,0.9291666666666666,0.8291666666666666,0.10000000000000009,0.07916666666666675,0.12750000000000009,1.185629182989203e-16,80,1.3445034935097563e-13,win,zoo,gate_aware,0.5
math500,0.5,aip_soft,race,0.9291666666666666,0.8291666666666666,0.10000000000000009,0.07833333333333341,0.12750000000000009,1.185629182989203e-16,80,1.3445034935097563e-13,win,zoo,gate_aware,0.5
math500,0.5,self,race,0.9258333333333333,0.7291666666666667,0.1966666666666667,0.14333333333333337,0.25,7.169555835963208e-12,80,6.7532288492983485e-09,win,zoo,gate_aware,0.75
math500,0.5,majority,race,0.9258333333333333,0.4833333333333333,0.44250000000000006,0.35250000000000004,0.5325,6.386587200805756e-12,80,6.092804189568691e-09,win,zoo,gate_aware,0.75
math500,0.5,ds_onecoin,race,0.9258333333333333,0.0,0.9258333333333333,0.8733333333333334,0.9733541666666666,3.186797092568518e-17,80,3.674377047731501e-14,win,zoo,gate_aware,0.75
math500,0.5,aip_gated,race,0.9258333333333333,0.8008333333333333,0.12500000000000008,0.09666666666666675,0.1583333333333334,4.478449428204396e-16,80,4.957643517022267e-13,win,zoo,gate_aware,0.75
math500,0.5,aip_soft,race,0.9258333333333333,0.8008333333333333,0.12500000000000008,0.09500000000000008,0.15583333333333343,4.478449428204396e-16,80,4.957643517022267e-13,win,zoo,gate_aware,0.75
math500,0.5,self,race,0.8416666666666666,0.7291666666666667,0.11249999999999993,0.06666666666666661,0.1591666666666666,0.016008607718822804,80,1.0,tie,zoo,gate_aware,1.0
math500,0.5,majority,race,0.8416666666666666,0.4833333333333333,0.3583333333333333,0.2733333333333332,0.4491874999999998,4.5351984277468495e-08,80,3.8322426714460875e-05,win,zoo,gate_aware,1.0
math500,0.5,ds_onecoin,race,0.8416666666666666,0.0,0.8416666666666666,0.7833333333333334,0.8891666666666665,6.138695355750065e-17,80,7.004251400910824e-14,win,zoo,gate_aware,1.0
math500,0.5,aip_gated,race,0.8416666666666666,0.7691666666666668,0.07249999999999998,0.042499999999999996,0.10335416666666654,1.3848750306785115e-05,80,0.010345016479168481,win,zoo,gate_aware,1.0
math500,0.5,aip_soft,race,0.8416666666666666,0.7691666666666668,0.07249999999999998,0.04247916666666665,0.10499999999999998,1.3848750306785115e-05,80,0.010345016479168481,win,zoo,gate_aware,1.0
math500,0.5,self,race,0.925,0.7291666666666667,0.19583333333333336,0.14333333333333337,0.25250000000000006,7.155937188883408e-12,80,6.7532288492983485e-09,win,zoo,independent,1.0
math500,0.5,majority,race,0.925,0.4833333333333333,0.4416666666666667,0.3541666666666667,0.5375,6.139325947343561e-12,80,5.863056279713101e-09,win,zoo,independent,1.0
math500,0.5,ds_onecoin,race,0.925,0.0,0.925,0.8666666666666668,0.9708333333333332,1.7235250850394693e-17,80,1.994118523390666e-14,win,zoo,independent,1.0
math500,0.5,aip_gated,race,0.925,0.8533333333333333,0.07166666666666674,0.05333333333333341,0.09085416666666664,2.5372261416405388e-14,80,2.6311035088812386e-11,win,zoo,independent,1.0
math500,0.5,aip_soft,race,0.925,0.8533333333333333,0.07166666666666674,0.05250000000000008,0.09085416666666665,2.5372261416405388e-14,80,2.6311035088812386e-11,win,zoo,independent,1.0
math500,0.5,self,race,0.8133333333333332,0.7291666666666667,0.08416666666666661,0.040833333333333284,0.13083333333333327,0.10069059112070301,80,1.0,tie,zoo,partial,0.5
math500,0.5,majority,race,0.8133333333333332,0.825,-0.011666666666666731,-0.045020833333333406,0.021666666666666598,0.00020469401263266174,80,0.13939662260284263,tie,zoo,partial,0.5
math500,0.5,ds_onecoin,race,0.8133333333333332,0.7416666666666666,0.07166666666666661,0.02249999999999993,0.12418749999999984,0.8695924044442397,80,1.0,tie,zoo,partial,0.5
math500,0.5,aip_gated,race,0.8133333333333332,0.7191666666666666,0.09416666666666659,0.03914583333333325,0.15252083333333316,0.4928652658150594,80,1.0,tie,zoo,partial,0.5
math500,0.5,aip_soft,race,0.8133333333333332,0.7191666666666666,0.09416666666666659,0.03833333333333326,0.15416666666666662,0.4928652658150594,80,1.0,tie,zoo,partial,0.5
math500,0.5,self,race,0.7958333333333332,0.7291666666666667,0.06666666666666661,0.027499999999999948,0.10752083333333318,0.1780494797546851,80,1.0,tie,zoo,partial,0.8
math500,0.5,majority,race,0.7958333333333332,0.6,0.19583333333333325,0.12583333333333324,0.27333333333333326,0.0019051156685126352,80,1.0,tie,zoo,partial,0.8
math500,0.5,ds_onecoin,race,0.7958333333333332,0.5458333333333334,0.24999999999999992,0.20916666666666664,0.2866666666666666,3.828225307711324e-12,80,3.6980656472491386e-09,win,zoo,partial,0.8
math500,0.5,aip_gated,race,0.7958333333333332,0.7666666666666666,0.029166666666666598,-0.006666666666666736,0.07083333333333326,0.03209507706869022,80,1.0,tie,zoo,partial,0.8
math500,0.5,aip_soft,race,0.7958333333333332,0.7666666666666666,0.029166666666666598,-0.006666666666666735,0.06833333333333327,0.03209507706869022,80,1.0,tie,zoo,partial,0.8
math500,0.5,self,race,0.2866666666666667,0.7291666666666667,-0.44250000000000006,-0.47666666666666674,-0.40666666666666673,6.417738687912024e-15,80,6.8156384865625695e-12,loss,zoo,sleeper,1.0
math500,0.5,majority,race,0.2866666666666667,0.4833333333333333,-0.19666666666666668,-0.24500000000000002,-0.15083333333333332,8.11325899950435e-11,80,7.456085020544497e-08,loss,zoo,sleeper,1.0
math500,0.5,ds_onecoin,race,0.2866666666666667,0.5708333333333334,-0.2841666666666667,-0.3366666666666667,-0.2325,8.62561120857397e-12,80,8.099448924850957e-09,loss,zoo,sleeper,1.0
math500,0.5,aip_gated,race,0.2866666666666667,0.34249999999999997,-0.05583333333333333,-0.07583333333333334,-0.03666666666666667,2.8459613117178883e-06,80,0.0022141579005165173,loss,zoo,sleeper,1.0
math500,0.5,aip_soft,race,0.2866666666666667,0.34249999999999997,-0.05583333333333333,-0.07583333333333334,-0.03666666666666667,2.8459613117178883e-06,80,0.0022141579005165173,loss,zoo,sleeper,1.0
math500,0.5,self,race,0.7949999999999999,0.7291666666666667,0.06583333333333327,0.026666666666666623,0.10752083333333318,0.3199993217200524,80,1.0,tie,zoo,uninformative,1.0
math500,0.5,majority,race,0.7949999999999999,0.7875,0.007499999999999932,-0.025833333333333403,0.04333333333333326,0.0008313709877359075,80,0.5054735605434317,tie,zoo,uninformative,1.0
math500,0.5,ds_onecoin,race,0.7949999999999999,0.7416666666666666,0.05333333333333327,0.008333333333333266,0.10083333333333329,0.8020412580985736,80,1.0,tie,zoo,uninformative,1.0
math500,0.5,aip_gated,race,0.7949999999999999,0.7716666666666667,0.02333333333333327,-0.020000000000000066,0.07083333333333328,0.08258880102816063,80,1.0,tie,zoo,uninformative,1.0
math500,0.5,aip_soft,race,0.7949999999999999,0.7716666666666667,0.02333333333333327,-0.022500000000000065,0.07333333333333328,0.08258880102816063,80,1.0,tie,zoo,uninformative,1.0
math500,0.7,self,race,0.85,0.7041666666666667,0.14583333333333334,0.11111111111111112,0.18472222222222223,9.571461171991559e-12,80,8.96845911815609e-09,win,zoo,attractor,1.0
math500,0.7,majority,race,0.85,0.0,0.85,0.7875,0.9042708333333329,4.615714926392753e-16,80,5.100364993663993e-13,win,zoo,attractor,1.0
math500,0.7,ds_onecoin,race,0.85,0.0,0.85,0.7833333333333334,0.9041666666666668,4.615714926392753e-16,80,5.100364993663993e-13,win,zoo,attractor,1.0
math500,0.7,aip_gated,race,0.85,0.7319444444444445,0.11805555555555561,0.1055555555555556,0.1305555555555556,6.776385814682172e-16,80,7.420142467076979e-13,win,zoo,attractor,1.0
math500,0.7,aip_soft,race,0.85,0.7319444444444445,0.11805555555555561,0.10555555555555558,0.1305555555555556,6.776385814682172e-16,80,7.420142467076979e-13,win,zoo,attractor,1.0
math500,0.7,self,race,0.5541666666666666,0.7041666666666667,-0.15,-0.1833333333333333,-0.11805555555555555,5.702338149147532e-11,80,5.26896044981232e-08,loss,zoo,camouflage,0.7
math500,0.7,majority,race,0.5541666666666666,0.55,0.004166666666666664,-0.018055555555555557,0.020833333333333332,0.06291392180917067,80,1.0,tie,zoo,camouflage,0.7
math500,0.7,ds_onecoin,race,0.5541666666666666,0.55,0.004166666666666664,-0.01666666666666667,0.020833333333333332,0.06291392180917067,80,1.0,tie,zoo,camouflage,0.7
math500,0.7,aip_gated,race,0.5541666666666666,0.55,0.004166666666666664,-0.018055555555555557,0.020833333333333332,0.06291392180917067,80,1.0,tie,zoo,camouflage,0.7
math500,0.7,aip_soft,race,0.5541666666666666,0.55,0.004166666666666664,-0.018055555555555557,0.020833333333333332,0.06291392180917067,80,1.0,tie,zoo,camouflage,0.7
math500,0.7,self,race,0.5541666666666666,0.7041666666666667,-0.15,-0.1833333333333333,-0.11527777777777778,5.702338149147532e-11,80,5.26896044981232e-08,loss,zoo,camouflage,0.9
math500,0.7,majority,race,0.5541666666666666,0.55,0.004166666666666664,-0.019444444444444445,0.020833333333333332,0.06291392180917067,80,1.0,tie,zoo,camouflage,0.9
math500,0.7,ds_onecoin,race,0.5541666666666666,0.55,0.004166666666666664,-0.018055555555555557,0.02222222222222222,0.06291392180917067,80,1.0,tie,zoo,camouflage,0.9
math500,0.7,aip_gated,race,0.5541666666666666,0.55,0.004166666666666664,-0.018090277777777785,0.020833333333333332,0.06291392180917067,80,1.0,tie,zoo,camouflage,0.9
math500,0.7,aip_soft,race,0.5541666666666666,0.55,0.004166666666666664,-0.018055555555555557,0.022222222222222216,0.06291392180917067,80,1.0,tie,zoo,camouflage,0.9
math500,0.7,self,race,0.7611111111111111,0.7041666666666667,0.056944444444444464,0.03055555555555557,0.08194444444444446,7.5274297400093055e-06,80,0.00575095632136711,win,zoo,echo,1.0
math500,0.7,majority,race,0.7611111111111111,0.7625,-0.0013888888888888896,-0.02222222222222222,0.022222222222222216,0.269560205608841,80,1.0,tie,zoo,echo,1.0
math500,0.7,ds_onecoin,race,0.7611111111111111,0.7708333333333333,-0.009722222222222224,-0.023611111111111117,0.0013888888888888887,0.10366216074319592,80,1.0,tie,zoo,echo,1.0
math500,0.7,aip_gated,race,0.7611111111111111,0.7625,-0.0013888888888888896,-0.009722222222222224,0.006944444444444445,0.6547685977346787,80,1.0,tie,zoo,echo,1.0
math500,0.7,aip_soft,race,0.7611111111111111,0.7625,-0.0013888888888888896,-0.01111111111111111,0.008333333333333333,0.6547685977346787,80,1.0,tie,zoo,echo,1.0
math500,0.7,self,race,0.8541666666666666,0.7041666666666667,0.15000000000000002,0.11250000000000002,0.18614583333333318,9.765408973494874e-12,80,9.120891981244212e-09,win,zoo,gate_aware,0.0
math500,0.7,majority,race,0.8541666666666666,0.0,0.8541666666666666,0.7916666666666667,0.9125,3.909609449487045e-16,80,4.3592145361780553e-13,win,zoo,gate_aware,0.0
math500,0.7,ds_onecoin,race,0.8541666666666666,0.0,0.8541666666666666,0.7875,0.9083333333333334,3.909609449487045e-16,80,4.3592145361780553e-13,win,zoo,gate_aware,0.0
math500,0.7,aip_gated,race,0.8541666666666666,0.7736111111111111,0.08055555555555559,0.06944444444444448,0.09027777777777782,2.6211778256716308e-14,80,2.7129190495701377e-11,win,zoo,gate_aware,0.0
math500,0.7,aip_soft,race,0.8541666666666666,0.7736111111111111,0.08055555555555559,0.06805555555555558,0.0916666666666667,2.6211778256716308e-14,80,2.7129190495701377e-11,win,zoo,gate_aware,0.0
math500,0.7,self,race,0.8541666666666666,0.7041666666666667,0.15000000000000002,0.11385416666666667,0.18750000000000003,9.765408973494874e-12,80,9.120891981244212e-09,win,zoo,gate_aware,0.25
math500,0.7,majority,race,0.8541666666666666,0.0,0.8541666666666666,0.7916666666666666,0.9083333333333332,3.909609449487045e-16,80,4.3592145361780553e-13,win,zoo,gate_aware,0.25
math500,0.7,ds_onecoin,race,0.8541666666666666,0.0,0.8541666666666666,0.7916666666666666,0.9125,3.909609449487045e-16,80,4.3592145361780553e-13,win,zoo,gate_aware,0.25
math500,0.7,aip_gated,race,0.8541666666666666,0.7722222222222223,0.08194444444444449,0.07083333333333337,0.0916666666666667,1.576719665672809e-14,80,1.6413651719653943e-11,win,zoo,gate_aware,0.25
math500,0.7,aip_soft,race,0.8541666666666666,0.7722222222222223,0.08194444444444449,0.07083333333333337,0.09305555555555559,1.576719665672809e-14,80,1.6413651719653943e-11,win,zoo,gate_aware,0.25
math500,0.7,self,race,0.8541666666666666,0.7041666666666667,0.15000000000000002,0.11666666666666667,0.19027777777777777,9.765408973494874e-12,80,9.120891981244212e-09,win,zoo,gate_aware,0.5
math500,0.7,majority,race,0.8541666666666666,0.0,0.8541666666666666,0.7875,0.9125,3.909609449487045e-16,80,4.3592145361780553e-13,win,zoo,gate_aware,0.5
math500,0.7,ds_onecoin,race,0.8541666666666666,0.0,0.8541666666666666,0.7916666666666666,0.9125,3.909609449487045e-16,80,4.3592145361780553e-13,win,zoo,gate_aware,0.5
math500,0.7,aip_gated,race,0.8541666666666666,0.7708333333333334,0.08333333333333337,0.07222222222222226,0.0930555555555556,9.485737571073851e-15,80,9.99796739991184e-12,win,zoo,gate_aware,0.5
math500,0.7,aip_soft,race,0.8541666666666666,0.7708333333333334,0.08333333333333337,0.07361111111111114,0.0930555555555556,9.485737571073851e-15,80,9.99796739991184e-12,win,zoo,gate_aware,0.5
math500,0.7,self,race,0.85,0.7041666666666667,0.14583333333333334,0.10972222222222223,0.18333333333333335,9.571461171991559e-12,80,8.96845911815609e-09,win,zoo,gate_aware,0.75
math500,0.7,majority,race,0.85,0.0,0.85,0.7875,0.9083333333333332,4.615714926392753e-16,80,5.100364993663993e-13,win,zoo,gate_aware,0.75
math500,0.7,ds_onecoin,race,0.85,0.0,0.85,0.7875,0.9083333333333332,4.615714926392753e-16,80,5.100364993663993e-13,win,zoo,gate_aware,0.75
math500,0.7,aip_gated,race,0.85,0.7569444444444444,0.0930555555555556,0.08194444444444449,0.10277777777777782,1.7556729126676275e-15,80,1.899638091506373e-12,win,zoo,gate_aware,0.75
math500,0.7,aip_soft,race,0.85,0.7569444444444444,0.0930555555555556,0.08333333333333337,0.10277777777777782,1.7556729126676275e-15,80,1.899638091506373e-12,win,zoo,gate_aware,0.75
math500,0.7,self,race,0.8388888888888889,0.7041666666666667,0.13472222222222224,0.10416666666666667,0.16944444444444445,9.615578496262346e-12,80,8.990565894005293e-09,win,zoo,gate_aware,1.0
math500,0.7,majority,race,0.8388888888888889,0.0,0.8388888888888889,0.7763541666666666,0.898611111111111,5.648762244713996e-16,80,6.202340944695968e-13,win,zoo,gate_aware,1.0
math500,0.7,ds_onecoin,race,0.8388888888888889,0.0,0.8388888888888889,0.773611111111111,0.898611111111111,5.648762244713996e-16,80,6.202340944695968e-13,win,zoo,gate_aware,1.0
math500,0.7,aip_gated,race,0.8388888888888889,0.7291666666666667,0.10972222222222225,0.09861111111111115,0.12083333333333335,9.372547377290451e-16,80,1.0225449188623881e-12,win,zoo,gate_aware,1.0
math500,0.7,aip_soft,race,0.8388888888888889,0.7291666666666667,0.10972222222222225,0.09861111111111116,0.12083333333333338,9.372547377290451e-16,80,1.0225449188623881e-12,win,zoo,gate_aware,1.0
math500,0.7,self,race,0.8541666666666666,0.7041666666666667,0.15000000000000002,0.11527777777777778,0.18614583333333318,9.765408973494874e-12,80,9.120891981244212e-09,win,zoo,independent,1.0
math500,0.7,majority,race,0.8541666666666666,0.0,0.8541666666666666,0.7916666666666667,0.9125,3.909609449487045e-16,80,4.3592145361780553e-13,win,zoo,independent,1.0
math500,0.7,ds_onecoin,race,0.8541666666666666,0.0,0.8541666666666666,0.7916666666666666,0.9125,3.909609449487045e-16,80,4.3592145361780553e-13,win,zoo,independent,1.0
math500,0.7,aip_gated,race,0.8541666666666666,0.7736111111111111,0.08055555555555559,0.06944444444444448,0.09027777777777782,2.6211778256716308e-14,80,2.7129190495701377e-11,win,zoo,independent,1.0
math500,0.7,aip_soft,race,0.8541666666666666,0.7736111111111111,0.08055555555555559,0.06944444444444448,0.0916666666666667,2.6211778256716308e-14,80,2.7129190495701377e-11,win,zoo,independent,1.0
math500,0.7,self,race,0.6513888888888889,0.7041666666666667,-0.05277777777777779,-0.11111111111111113,0.006944444444444436,0.02686940857841501,80,1.0,tie,zoo,partial,0.5
math500,0.7,majority,race,0.6513888888888889,0.7208333333333334,-0.06944444444444446,-0.12361111111111112,-0.015277777777777793,0.0009240610819927937,80,0.5549475404803971,tie,zoo,partial,0.5
math500,0.7,ds_onecoin,race,0.6513888888888889,0.45,0.2013888888888889,0.12916666666666668,0.27225694444444426,5.044558277162603e-06,80,0.003869176198583717,win,zoo,partial,0.5
math500,0.7,aip_gated,race,0.6513888888888889,0.6194444444444445,0.03194444444444442,-0.041666666666666685,0.10694444444444443,0.8789363444282456,80,1.0,tie,zoo,partial,0.5
math500,0.7,aip_soft,race,0.6513888888888889,0.6194444444444445,0.03194444444444442,-0.04027777777777779,0.10138888888888889,0.8789363444282456,80,1.0,tie,zoo,partial,0.5
math500,0.7,self,race,0.7666666666666666,0.7041666666666667,0.06250000000000003,0.03055555555555557,0.09444444444444447,4.71495110569068e-05,80,0.03366475089463145,win,zoo,partial,0.8
math500,0.7,majority,race,0.7666666666666666,0.2541666666666666,0.5125,0.4416666666666667,0.5833333333333334,3.687110394167271e-14,80,3.7682268228389514e-11,win,zoo,partial,0.8
math500,0.7,ds_onecoin,race,0.7666666666666666,0.0125,0.7541666666666667,0.6708333333333333,0.8375,2.5069334889722946e-15,80,2.6999673676231612e-12,win,zoo,partial,0.8
math500,0.7,aip_gated,race,0.7666666666666666,0.7208333333333334,0.04583333333333336,0.026388888888888913,0.06388888888888891,5.751592449262712e-07,80,0.00046530382914535337,win,zoo,partial,0.8
math500,0.7,aip_soft,race,0.7666666666666666,0.7208333333333334,0.04583333333333336,0.027777777777777797,0.06388888888888891,5.751592449262712e-07,80,0.00046530382914535337,win,zoo,partial,0.8
math500,0.7,self,race,0.0,0.7041666666666667,-0.7041666666666667,-0.775,-0.6263888888888889,5.804774472445133e-15,80,6.193694362098958e-12,loss,zoo,sleeper,1.0
math500,0.7,majority,race,0.0,0.0,0.0,0.0,0.0,1.0,80,1.0,tie,zoo,sleeper,1.0
math500,0.7,ds_onecoin,race,0.0,0.0,0.0,0.0,0.0,1.0,80,1.0,tie,zoo,sleeper,1.0
math500,0.7,aip_gated,race,0.0,0.0,0.0,0.0,0.0,1.0,80,1.0,tie,zoo,sleeper,1.0
math500,0.7,aip_soft,race,0.0,0.0,0.0,0.0,0.0,1.0,80,1.0,tie,zoo,sleeper,1.0
math500,0.7,self,race,0.5944444444444444,0.7041666666666667,-0.10972222222222223,-0.15833333333333335,-0.061111111111111116,5.35722981510369e-05,80,0.03814347628353827,loss,zoo,uninformative,1.0
math500,0.7,majority,race,0.5944444444444444,0.6916666666666667,-0.09722222222222224,-0.14444444444444446,-0.04583333333333334,0.00018558509494856723,80,0.12712579003976857,tie,zoo,uninformative,1.0
math500,0.7,ds_onecoin,race,0.5944444444444444,0.7666666666666667,-0.17222222222222225,-0.20972222222222228,-0.1346875000000002,3.237510679682391e-10,80,2.904047079675105e-07,loss,zoo,uninformative,1.0
math500,0.7,aip_gated,race,0.5944444444444444,0.6555555555555556,-0.06111111111111113,-0.1263888888888889,0.005555555555555547,0.017480149966527903,80,1.0,tie,zoo,uninformative,1.0
math500,0.7,aip_soft,race,0.5944444444444444,0.6555555555555556,-0.06111111111111113,-0.1291666666666667,0.006944444444444438,0.017480149966527903,80,1.0,tie,zoo,uninformative,1.0
medqa,0.3,self,race,0.8833333333333332,0.75,0.13333333333333336,0.10238095238095242,0.16726190476190478,1.0509408612091162e-10,80,9.574071245615048e-08,win,zoo,attractor,1.0
medqa,0.3,majority,race,0.8833333333333332,0.6916666666666667,0.1916666666666667,0.13333333333333336,0.2583333333333333,9.038431524542532e-08,80,7.574205617566642e-05,win,zoo,attractor,1.0
medqa,0.3,ds_onecoin,race,0.8833333333333332,0.9208333333333332,-0.0375,-0.06666666666666667,-0.016666666666666666,0.004691651798093793,80,1.0,tie,zoo,attractor,1.0
medqa,0.3,aip_gated,race,0.8833333333333332,0.8726190476190476,0.0107142857142857,-0.03037202380952383,0.049404761904761896,0.0007275403756563649,80,0.45034749253128986,tie,zoo,attractor,1.0
medqa,0.3,aip_soft,race,0.8833333333333332,0.8672619047619048,0.016071428571428556,-0.023809523809523822,0.04940476190476189,0.000727553624429193,80,0.45034749253128986,tie,zoo,attractor,1.0
medqa,0.3,self,race,0.8083333333333332,0.75,0.05833333333333336,0.015461309523809535,0.09761904761904763,0.0012654074784622475,80,0.7541828571634995,tie,zoo,camouflage,0.7
medqa,0.3,majority,race,0.8083333333333332,0.7625,0.04583333333333334,0.004166666666666671,0.08750000000000001,0.01238507942268369,80,1.0,tie,zoo,camouflage,0.7
medqa,0.3,ds_onecoin,race,0.8083333333333332,0.8166666666666667,-0.008333333333333328,-0.07083333333333333,0.05000000000000001,0.6882651320612454,80,1.0,tie,zoo,camouflage,0.7
medqa,0.3,aip_gated,race,0.8083333333333332,0.7773809523809524,0.030952380952380953,-0.012514880952380953,0.0732291666666666,0.11102071523480911,80,1.0,tie,zoo,camouflage,0.7
medqa,0.3,aip_soft,race,0.8083333333333332,0.7797619047619047,0.028571428571428574,-0.013690476190476189,0.0726339285714285,0.18095116509723586,80,1.0,tie,zoo,camouflage,0.7
medqa,0.3,self,race,0.8458333333333334,0.75,0.09583333333333335,0.06367559523809525,0.1285714285714286,1.7161854338256172e-07,80,0.00014107044266046574,win,zoo,camouflage,0.9
medqa,0.3,majority,race,0.8458333333333334,0.6916666666666667,0.15416666666666667,0.10416666666666667,0.20833333333333334,1.4665495009900821e-07,80,0.00012069702393148376,win,zoo,camouflage,0.9
medqa,0.3,ds_onecoin,race,0.8458333333333334,0.7916666666666666,0.054166666666666675,0.016666666666666673,0.09166666666666666,0.003055512399190505,80,1.0,tie,zoo,camouflage,0.9
medqa,0.3,aip_gated,race,0.8458333333333334,0.7660714285714286,0.07976190476190473,0.04226190476190474,0.11666666666666661,4.0312078087611164e-07,80,0.0003265278325096504,win,zoo,camouflage,0.9
medqa,0.3,aip_soft,race,0.8458333333333334,0.761904761904762,0.08392857142857138,0.0458333333333333,0.1214285714285714,2.2028533742059188e-07,80,0.00018019340601004415,win,zoo,camouflage,0.9
medqa,0.3,self,race,0.8416666666666666,0.75,0.09166666666666667,0.056547619047619055,0.1244047619047619,1.3398246542380422e-06,80,0.0010665004247734815,win,zoo,echo,1.0
medqa,0.3,majority,race,0.8416666666666666,0.8458333333333334,-0.0041666666666666675,-0.029166666666666667,0.016666666666666666,0.9949184309227166,80,1.0,tie,zoo,echo,1.0
medqa,0.3,ds_onecoin,race,0.8416666666666666,0.8375,0.0041666666666666675,-0.016666666666666666,0.025,0.6837653508569054,80,1.0,tie,zoo,echo,1.0
medqa,0.3,aip_gated,race,0.8416666666666666,0.8392857142857142,0.0023809523809523803,-0.016666666666666666,0.022619047619047615,0.5720337301729673,80,1.0,tie,zoo,echo,1.0
medqa,0.3,aip_soft,race,0.8416666666666666,0.8375,0.004166666666666665,-0.013690476190476194,0.0244047619047619,0.7857915248224436,80,1.0,tie,zoo,echo,1.0
medqa,0.3,self,race,0.9005952380952381,0.75,0.15059523809523812,0.11785714285714288,0.1857291666666666,9.172115658428024e-12,80,8.603444487605486e-09,win,zoo,gate_aware,0.0
medqa,0.3,majority,race,0.9005952380952381,0.8,0.1005952380952381,0.0547470238095238,0.1505952380952381,5.2459227928271946e-05,80,0.0374034295128579,win,zoo,gate_aware,0.0
medqa,0.3,ds_onecoin,race,0.9005952380952381,0.8875,0.013095238095238099,-0.002976190476190475,0.03333333333333334,0.17244314823048168,80,1.0,tie,zoo,gate_aware,0.0
medqa,0.3,aip_gated,race,0.9005952380952381,0.7666666666666667,0.13392857142857142,0.0833184523809524,0.19285714285714287,2.113066117797967e-06,80,0.0016672091669425958,win,zoo,gate_aware,0.0
medqa,0.3,aip_soft,race,0.9005952380952381,0.7904761904761904,0.11011904761904763,0.06547619047619047,0.1625,2.5108248020894566e-06,80,0.0019785299440464917,win,zoo,gate_aware,0.0
medqa,0.3,self,race,0.9083333333333332,0.75,0.15833333333333335,0.12500000000000003,0.19406249999999994,2.8568734463723147e-12,80,2.7825947367666346e-09,win,zoo,gate_aware,0.25
medqa,0.3,majority,race,0.9083333333333332,0.7958333333333334,0.1125,0.0630952380952381,0.16666666666666666,1.3796871595312898e-05,80,0.01033385682488936,win,zoo,gate_aware,0.25
medqa,0.3,ds_onecoin,race,0.9083333333333332,0.875,0.03333333333333334,0.012485119047619049,0.061309523809523814,0.004695189951962086,80,1.0,tie,zoo,gate_aware,0.25
medqa,0.3,aip_gated,race,0.9083333333333332,0.761904761904762,0.1464285714285714,0.09285714285714285,0.20239583333333325,2.442678679477186e-07,80,0.00019927568611154475,win,zoo,gate_aware,0.25
medqa,0.3,aip_soft,race,0.9083333333333332,0.7904761904761904,0.11785714285714285,0.07142857142857144,0.16904761904761906,1.0903794435144781e-06,80,0.000871213175368068,win,zoo,gate_aware,0.25
medqa,0.3,self,race,0.9125,0.75,0.16250000000000003,0.1285714285714286,0.1988244047619047,2.757806031275298e-12,80,2.689639443034022e-09,win,zoo,gate_aware,0.5
medqa,0.3,majority,race,0.9125,0.8,0.1125,0.0625,0.17083333333333334,2.3140275831011737e-05,80,0.017008102735793628,win,zoo,gate_aware,0.5
medqa,0.3,ds_onecoin,race,0.9125,0.875,0.0375,0.01666666666666667,0.0625,0.002711320311592149,80,1.0,tie,zoo,gate_aware,0.5
medqa,0.3,aip_gated,race,0.9125,0.7708333333333333,0.14166666666666666,0.08452380952380951,0.2077529761904761,4.9706863125091795e-06,80,0.0038192474347188586,win,zoo,gate_aware,0.5
medqa,0.3,aip_soft,race,0.9125,0.8351190476190476,0.07738095238095237,0.04285714285714286,0.11904761904761904,2.3195671260799648e-05,80,0.017008102735793628,win,zoo,gate_aware,0.5
medqa,0.3,self,race,0.9083333333333332,0.75,0.15833333333333335,0.12498511904761905,0.19226190476190477,2.7557781178627277e-12,80,2.689639443034022e-09,win,zoo,gate_aware,0.75
medqa,0.3,majority,race,0.9083333333333332,0.7958333333333334,0.1125,0.0625,0.16260416666666613,2.3142630946257897e-05,80,0.017008102735793628,win,zoo,gate_aware,0.75
medqa,0.3,ds_onecoin,race,0.9083333333333332,0.8875,0.020833333333333336,-6.938893903907229e-19,0.04166666666666667,0.060844707390427986,80,1.0,tie,zoo,gate_aware,0.75
medqa,0.3,aip_gated,race,0.9083333333333332,0.730952380952381,0.17738095238095236,0.11726190476190476,0.24047619047619045,5.6079579136591446e-08,80,4.721900563301e-05,win,zoo,gate_aware,0.75
medqa,0.3,aip_soft,race,0.9083333333333332,0.881547619047619,0.02678571428571428,0.005952380952380953,0.0488095238095238,0.018790711686594394,80,1.0,tie,zoo,gate_aware,0.75
medqa,0.3,self,race,0.8785714285714287,0.75,0.1285714285714286,0.09523809523809526,0.1607291666666666,4.02126262312965e-10,80,3.5990300477010365e-07,win,zoo,gate_aware,1.0
medqa,0.3,majority,race,0.8785714285714287,0.7791666666666666,0.09940476190476191,0.052976190476190475,0.15357142857142858,0.00026339934908659876,80,0.17621416453893457,tie,zoo,gate_aware,1.0
medqa,0.3,ds_onecoin,race,0.8785714285714287,0.8791666666666668,-0.0005952380952380945,-0.017261904761904763,0.01607142857142857,0.6630673692729105,80,1.0,tie,zoo,gate_aware,1.0
medqa,0.3,aip_gated,race,0.8785714285714287,0.8875,-0.008928571428571428,-0.024404761904761905,0.003571428571428574,0.6766031582203342,80,1.0,tie,zoo,gate_aware,1.0
medqa,0.3,aip_soft,race,0.8785714285714287,0.8886904761904763,-0.010119047619047618,-0.026190476190476188,0.002380952380952382,0.17609222763047716,80,1.0,tie,zoo,gate_aware,1.0
medqa,0.3,self,race,0.9166666666666666,0.75,0.16666666666666669,0.1297619047619048,0.20596726190476183,5.256509359544915e-12,80,5.062018513241753e-09,win,zoo,independent,1.0
medqa,0.3,majority,race,0.9166666666666666,0.8041666666666668,0.1125,0.05833333333333333,0.175,0.0004415854265328597,80,0.28835528352595735,tie,zoo,independent,1.0
medqa,0.3,ds_onecoin,race,0.9166666666666666,0.8875,0.029166666666666667,0.004166666666666667,0.05833333333333333,0.03514635009962473,80,1.0,tie,zoo,independent,1.0
medqa,0.3,aip_gated,race,0.9166666666666666,0.7708333333333333,0.14583333333333334,0.09047619047619049,0.20476190476190476,1.2476373076511338e-06,80,0.0009943669341979536,win,zoo,independent,1.0
medqa,0.3,aip_soft,race,0.9166666666666666,0.8035714285714285,0.1130952380952381,0.0630952380952381,0.1702529761904761,8.33547983180824e-06,80,0.006343300152006071,win,zoo,independent,1.0
medqa,0.3,self,race,0.8791666666666668,0.75,0.12916666666666668,0.09523809523809526,0.16190476190476194,5.92734357271076e-10,80,5.287190466857998e-07,win,zoo,partial,0.5
medqa,0.3,majority,race,0.8791666666666668,0.8625,0.01666666666666667,-0.004166666666666664,0.037500000000000006,0.09817044873541222,80,1.0,tie,zoo,partial,0.5
medqa,0.3,ds_onecoin,race,0.8791666666666668,0.8708333333333333,0.008333333333333335,-0.012499999999999997,0.029166666666666667,0.3906189594253716,80,1.0,tie,zoo,partial,0.5
medqa,0.3,aip_gated,race,0.8791666666666668,0.8654761904761905,0.013690476190476189,-0.006547619047619047,0.03275297619047612,0.06252755270323851,80,1.0,tie,zoo,partial,0.5
medqa,0.3,aip_soft,race,0.8791666666666668,0.8583333333333332,0.020833333333333332,-0.0017857142857142828,0.04583333333333333,0.008661419666782952,80,1.0,tie,zoo,partial,0.5
medqa,0.3,self,race,0.85,0.75,0.10000000000000002,0.06904761904761907,0.13154761904761905,5.269019773775647e-08,80,4.447052689066646e-05,win,zoo,partial,0.8
medqa,0.3,majority,race,0.85,0.8166666666666668,0.03333333333333334,0.004166666666666666,0.06666666666666668,0.04976770018149594,80,1.0,tie,zoo,partial,0.8
medqa,0.3,ds_onecoin,race,0.85,0.8541666666666666,-0.0041666666666666675,-0.020833333333333336,0.0125,0.6589048582877649,80,1.0,tie,zoo,partial,0.8
medqa,0.3,aip_gated,race,0.85,0.8238095238095238,0.026190476190476188,0.00178571428571428,0.050610119047618966,0.003657661353336785,80,1.0,tie,zoo,partial,0.8
medqa,0.3,aip_soft,race,0.85,0.825,0.024999999999999998,0.001175595238095234,0.05,0.009013162663733577,80,1.0,tie,zoo,partial,0.8
medqa,0.3,self,race,0.8333333333333333,0.75,0.08333333333333334,0.0505952380952381,0.1130952380952381,1.8027496383595123e-06,80,0.0014277777135807336,win,zoo,sleeper,1.0
medqa,0.3,majority,race,0.8333333333333333,0.7791666666666666,0.054166666666666675,0.020833333333333336,0.09166666666666666,0.003944364164802266,80,1.0,tie,zoo,sleeper,1.0
medqa,0.3,ds_onecoin,race,0.8333333333333333,0.8166666666666668,0.01666666666666667,-0.008333333333333335,0.04166666666666667,0.19437812603659987,80,1.0,tie,zoo,sleeper,1.0
medqa,0.3,aip_gated,race,0.8333333333333333,0.8130952380952381,0.020238095238095232,-0.0029761904761904856,0.04523809523809523,0.0503548869328745,80,1.0,tie,zoo,sleeper,1.0
medqa,0.3,aip_soft,race,0.8333333333333333,0.8101190476190474,0.023214285714285708,-0.001785714285714287,0.05,0.046633019037883396,80,1.0,tie,zoo,sleeper,1.0
medqa,0.3,self,race,0.8577380952380953,0.75,0.10773809523809526,0.07736607142857145,0.1386904761904762,7.66212301532855e-09,80,6.612412162228539e-06,win,zoo,uninformative,1.0
medqa,0.3,majority,race,0.8577380952380953,0.85,0.007738095238095241,-0.020833333333333332,0.03630952380952381,0.5692832877187952,80,1.0,tie,zoo,uninformative,1.0
medqa,0.3,ds_onecoin,race,0.8577380952380953,0.85,0.007738095238095241,-0.0125,0.02857142857142857,0.691010523370587,80,1.0,tie,zoo,uninformative,1.0
medqa,0.3,aip_gated,race,0.8577380952380953,0.8375,0.02023809523809524,-0.005357142857142861,0.05,0.6805123028993574,80,1.0,tie,zoo,uninformative,1.0
medqa,0.3,aip_soft,race,0.8577380952380953,0.8380952380952381,0.019642857142857146,-0.0059523809523809494,0.0488095238095238,0.3370347444981634,80,1.0,tie,zoo,uninformative,1.0
medqa,0.5,self,race,0.875,0.7533333333333333,0.12166666666666667,0.095,0.14916666666666667,2.154451429555313e-11,80,2.001485378056886e-08,win,zoo,attractor,1.0
medqa,0.5,majority,race,0.875,0.20416666666666666,0.6708333333333334,0.5916666666666667,0.75,1.2587866178638646e-14,80,1.3154320156677385e-11,win,zoo,attractor,1.0
medqa,0.5,ds_onecoin,race,0.875,0.0,0.875,0.8166666666666667,0.9291666666666666,1.0790722770966751e-16,80,1.2279842513360163e-13,win,zoo,attractor,1.0
medqa,0.5,aip_gated,race,0.875,0.7616666666666665,0.11333333333333342,0.06997916666666673,0.15083333333333343,3.0782388522620092e-06,80,0.0023856351105030573,win,zoo,attractor,1.0
medqa,0.5,aip_soft,race,0.875,0.7616666666666665,0.11333333333333342,0.07000000000000006,0.15250000000000008,3.0782388522620092e-06,80,0.0023856351105030573,win,zoo,attractor,1.0
medqa,0.5,self,race,0.7875,0.7533333333333333,0.034166666666666665,-0.0033333333333333375,0.07166666666666666,0.010250519365673985,80,1.0,tie,zoo,camouflage,0.7
medqa,0.5,majority,race,0.7875,0.7333333333333334,0.054166666666666675,5.516420653606249e-18,0.10833333333333335,0.0028627467618287344,80,1.0,tie,zoo,camouflage,0.7
medqa,0.5,ds_onecoin,race,0.7875,0.7333333333333334,0.054166666666666675,6.9041994343876945e-18,0.10833333333333335,0.0028627467618287344,80,1.0,tie,zoo,camouflage,0.7
medqa,0.5,aip_gated,race,0.7875,0.7333333333333334,0.054166666666666675,1.3166551182663966e-17,0.10833333333333335,0.0028627467618287344,80,1.0,tie,zoo,camouflage,0.7
medqa,0.5,aip_soft,race,0.7875,0.7333333333333334,0.054166666666666675,-0.004166666666666652,0.1042708333333328,0.0028627467618287344,80,1.0,tie,zoo,camouflage,0.7
medqa,0.5,self,race,0.825,0.7533333333333333,0.07166666666666667,0.038333333333333344,0.10250000000000001,7.510463789441578e-06,80,0.0057455047989228075,win,zoo,camouflage,0.9
medqa,0.5,majority,race,0.825,0.41666666666666663,0.4083333333333334,0.32500000000000007,0.4875,6.511695077535689e-12,80,6.205645408891511e-09,win,zoo,camouflage,0.9
medqa,0.5,ds_onecoin,race,0.825,0.41666666666666663,0.4083333333333334,0.3291666666666667,0.4875,6.511695077535689e-12,80,6.205645408891511e-09,win,zoo,camouflage,0.9
medqa,0.5,aip_gated,race,0.825,0.4925,0.3324999999999999,0.26916666666666667,0.39249999999999996,2.573038494955989e-10,80,2.3260267994402138e-07,win,zoo,camouflage,0.9
medqa,0.5,aip_soft,race,0.825,0.4991666666666667,0.3258333333333333,0.2608124999999999,0.39083333333333325,4.22543347346397e-10,80,3.7775375252767893e-07,win,zoo,camouflage,0.9
medqa,0.5,self,race,0.8191666666666666,0.7533333333333333,0.06583333333333334,0.034166666666666665,0.09583333333333331,1.8914217402322658e-05,80,0.013958692442914122,win,zoo,echo,1.0
medqa,0.5,majority,race,0.8191666666666666,0.8166666666666667,0.0025000000000000014,-0.014166666666666666,0.019166666666666672,0.6547632929649556,80,1.0,tie,zoo,echo,1.0
medqa,0.5,ds_onecoin,race,0.8191666666666666,0.8083333333333332,0.010833333333333335,0.0,0.025,0.08328098628159922,80,1.0,tie,zoo,echo,1.0
medqa,0.5,aip_gated,race,0.8191666666666666,0.8158333333333333,0.0033333333333333327,-0.004187500000000003,0.014166666666666666,0.6630699666707404,80,1.0,tie,zoo,echo,1.0
medqa,0.5,aip_soft,race,0.8191666666666666,0.8158333333333333,0.0033333333333333327,-0.0041666666666666675,0.014166666666666666,0.6630699666707404,80,1.0,tie,zoo,echo,1.0
medqa,0.5,self,race,0.9208333333333332,0.7533333333333333,0.1675,0.135,0.2041666666666667,5.782375126811908e-13,80,5.724551375543789e-10,win,zoo,gate_aware,0.0
medqa,0.5,majority,race,0.9208333333333332,0.6416666666666666,0.2791666666666667,0.20833333333333334,0.35,3.1320935987008517e-10,80,2.8157521452320655e-07,win,zoo,gate_aware,0.0
medqa,0.5,ds_onecoin,race,0.9208333333333332,0.8875,0.03333333333333334,0.0125,0.05833333333333333,0.004688336148854765,80,1.0,tie,zoo,gate_aware,0.0
medqa,0.5,aip_gated,race,0.9208333333333332,0.4408333333333333,0.48,0.42250000000000004,0.5358541666666666,1.0992259775420504e-14,80,1.1541872764191529e-11,win,zoo,gate_aware,0.0
medqa,0.5,aip_soft,race,0.9208333333333332,0.5825,0.3383333333333334,0.2791666666666667,0.4016874999999999,1.8737834897505116e-14,80,1.9449872623610312e-11,win,zoo,gate_aware,0.0
medqa,0.5,self,race,0.9166666666666666,0.7533333333333333,0.16333333333333333,0.12916666666666668,0.19833333333333333,5.782375126811908e-13,80,5.724551375543789e-10,win,zoo,gate_aware,0.25
medqa,0.5,majority,race,0.9166666666666666,0.6291666666666667,0.2875,0.22083333333333335,0.3541666666666667,1.2843786596499847e-10,80,1.168784580281486e-07,win,zoo,gate_aware,0.25
medqa,0.5,ds_onecoin,race,0.9166666666666666,0.8791666666666668,0.0375,0.016666666666666666,0.0625,0.0027078598979681785,80,1.0,tie,zoo,gate_aware,0.25
medqa,0.5,aip_gated,race,0.9166666666666666,0.42499999999999993,0.4916666666666666,0.42833333333333334,0.5558333333333334,1.4486714534763073e-14,80,1.5124129974292646e-11,win,zoo,gate_aware,0.25
medqa,0.5,aip_soft,race,0.9166666666666666,0.5725,0.34416666666666673,0.2816666666666667,0.41083333333333344,6.781373238387161e-14,80,6.910219329916516e-11,win,zoo,gate_aware,0.25
medqa,0.5,self,race,0.925,0.7533333333333333,0.1716666666666667,0.1375,0.21000000000000002,4.164431862541785e-13,80,4.143609703229076e-10,win,zoo,gate_aware,0.5
medqa,0.5,majority,race,0.925,0.575,0.35,0.275,0.425,6.82008311028814e-12,80,6.485899037884021e-09,win,zoo,gate_aware,0.5
medqa,0.5,ds_onecoin,race,0.925,0.9083333333333332,0.01666666666666667,0.004166666666666667,0.03333333333333334,0.045513406646735394,80,1.0,tie,zoo,gate_aware,0.5
medqa,0.5,aip_gated,race,0.925,0.6224999999999999,0.30250000000000005,0.22833333333333336,0.3783333333333333,3.2244809233459783e-10,80,2.8955838691646887e-07,win,zoo,gate_aware,0.5
medqa,0.5,aip_soft,race,0.925,0.7891666666666668,0.13583333333333333,0.08166666666666667,0.195,1.8036401724236903e-06,80,0.0014277777135807336,win,zoo,gate_aware,0.5
medqa,0.5,self,race,0.9,0.7533333333333333,0.14666666666666667,0.11416666666666668,0.17833333333333337,1.3736672031595379e-12,80,1.346193859096347e-09,win,zoo,gate_aware,0.75
medqa,0.5,majority,race,0.9,0.425,0.475,0.40406249999999994,0.5501041666666662,4.3941686553957104e-14,80,4.4820520285036244e-11,win,zoo,gate_aware,0.75
medqa,0.5,ds_onecoin,race,0.9,0.2791666666666667,0.6208333333333335,0.5833333333333334,0.6583333333333334,8.500379851909974e-17,80,9.681932651325461e-14,win,zoo,gate_aware,0.75
medqa,0.5,aip_gated,race,0.9,0.5091666666666667,0.3908333333333333,0.3358333333333333,0.4491874999999999,1.0171059835145772e-14,80,1.0699954946573352e-11,win,zoo,gate_aware,0.75
medqa,0.5,aip_soft,race,0.9,0.8533333333333333,0.04666666666666667,0.020833333333333336,0.07666666666666666,0.0005393440491754183,80,0.3454332106639977,tie,zoo,gate_aware,0.75
medqa,0.5,self,race,0.8666666666666666,0.7533333333333333,0.11333333333333333,0.08664583333333332,0.14168749999999988,6.026041402297872e-10,80,5.369202889447403e-07,win,zoo,gate_aware,1.0
medqa,0.5,majority,race,0.8666666666666666,0.20416666666666666,0.6625,0.5875,0.7375,1.5426795033542523e-14,80,1.607472042495131e-11,win,zoo,gate_aware,1.0
medqa,0.5,ds_onecoin,race,0.8666666666666666,0.0,0.8666666666666666,0.8,0.925,1.173338383230996e-16,80,1.3340857417336424e-13,win,zoo,gate_aware,1.0
medqa,0.5,aip_gated,race,0.8666666666666666,0.8583333333333332,0.008333333333333335,-0.009166666666666665,0.026687499999999892,0.10020032146674542,80,1.0,tie,zoo,gate_aware,1.0
medqa,0.5,aip_soft,race,0.8666666666666666,0.8583333333333332,0.008333333333333335,-0.010020833333333333,0.026687499999999892,0.10020032146674542,80,1.0,tie,zoo,gate_aware,1.0
medqa,0.5,self,race,0.9208333333333332,0.7533333333333333,0.1675,0.13247916666666668,0.2041666666666667,9.440765476344684e-13,80,9.289713228723169e-10,win,zoo,independent,1.0
medqa,0.5,majority,race,0.9208333333333332,0.6666666666666666,0.2541666666666667,0.1916666666666667,0.31666666666666676,3.067689052577629e-10,80,2.7639878363724437e-07,win,zoo,independent,1.0
medqa,0.5,ds_onecoin,race,0.9208333333333332,0.9041666666666666,0.016666666666666666,0.004166666666666667,0.03333333333333334,0.04551778774117866,80,1.0,tie,zoo,independent,1.0
medqa,0.5,aip_gated,race,0.9208333333333332,0.4416666666666666,0.4791666666666667,0.4208333333333334,0.54,1.5228467935306236e-14,80,1.5883292056524403e-11,win,zoo,independent,1.0
medqa,0.5,aip_soft,race,0.9208333333333332,0.585,0.3358333333333334,0.27747916666666667,0.39585416666666656,4.203946914298837e-14,80,4.2922297994991125e-11,win,zoo,independent,1.0
medqa,0.5,self,race,0.8833333333333332,0.7533333333333333,0.13,0.0975,0.16499999999999998,9.253806682973177e-11,80,8.494994534969377e-08,win,zoo,partial,0.5
medqa,0.5,majority,race,0.8833333333333332,0.85,0.03333333333333334,-1.7347234759767087e-20,0.06666666666666668,0.021042622974662743,80,1.0,tie,zoo,partial,0.5
medqa,0.5,ds_onecoin,race,0.8833333333333332,0.8458333333333332,0.0375,0.01666666666666667,0.0625,0.002711320311592149,80,1.0,tie,zoo,partial,0.5
medqa,0.5,aip_gated,race,0.8833333333333332,0.8041666666666666,0.07916666666666668,0.05250000000000001,0.11000000000000001,1.0389172324998632e-08,80,8.913909854848826e-06,win,zoo,partial,0.5
medqa,0.5,aip_soft,race,0.8833333333333332,0.7691666666666668,0.11416666666666668,0.08166666666666669,0.15000000000000002,7.424280540747813e-11,80,6.845186658569484e-08,win,zoo,partial,0.5
medqa,0.5,self,race,0.8458333333333332,0.7533333333333333,0.0925,0.0608125,0.12335416666666656,1.3415745061290827e-07,80,0.00011081405420626223,win,zoo,partial,0.8
medqa,0.5,majority,race,0.8458333333333332,0.5541666666666667,0.2916666666666667,0.22500000000000003,0.36250000000000004,7.543205916338496e-11,80,6.947292648947755e-08,win,zoo,partial,0.8
medqa,0.5,ds_onecoin,race,0.8458333333333332,0.5791666666666667,0.2666666666666667,0.22916666666666669,0.30416666666666675,9.191226347336312e-15,80,9.696743796439808e-12,win,zoo,partial,0.8
medqa,0.5,aip_gated,race,0.8458333333333332,0.7758333333333333,0.06999999999999999,0.0383125,0.10416666666666666,4.584244100159811e-05,80,0.03277734531614265,win,zoo,partial,0.8
medqa,0.5,aip_soft,race,0.8458333333333332,0.7858333333333334,0.06,0.03166666666666666,0.09166666666666665,0.00012105997432592286,80,0.083168202361909,tie,zoo,partial,0.8
medqa,0.5,self,race,0.36,0.7533333333333333,-0.39333333333333337,-0.44000000000000006,-0.34664583333333343,6.943663817001408e-15,80,7.360283646021492e-12,loss,zoo,sleeper,1.0
medqa,0.5,majority,race,0.36,0.20416666666666666,0.15583333333333335,0.09164583333333333,0.2158541666666666,0.0002748870315937303,80,0.18362453710461185,tie,zoo,sleeper,1.0
medqa,0.5,ds_onecoin,race,0.36,0.41666666666666663,-0.05666666666666666,-0.07166666666666666,-0.04166666666666666,6.599163396739426e-09,80,5.714875501576343e-06,loss,zoo,sleeper,1.0
medqa,0.5,aip_gated,race,0.36,0.3283333333333333,0.031666666666666676,-0.017499999999999988,0.07916666666666668,0.10664434844973611,80,1.0,tie,zoo,sleeper,1.0
medqa,0.5,aip_soft,race,0.36,0.29583333333333334,0.06416666666666668,0.010812500000000013,0.11583333333333337,0.041489664658000955,80,1.0,tie,zoo,sleeper,1.0
medqa,0.5,self,race,0.8666666666666666,0.7533333333333333,0.11333333333333333,0.085,0.14083333333333334,5.417433487098108e-10,80,4.83776810397861e-07,win,zoo,uninformative,1.0
medqa,0.5,majority,race,0.8666666666666666,0.7916666666666666,0.075,0.03333333333333334,0.11666666666666667,0.00023065572474487004,80,0.1558310579139433,tie,zoo,uninformative,1.0
medqa,0.5,ds_onecoin,race,0.8666666666666666,0.8416666666666668,0.024999999999999998,0.008333333333333333,0.04583333333333334,0.014324109135100276,80,1.0,tie,zoo,uninformative,1.0
medqa,0.5,aip_gated,race,0.8666666666666666,0.7566666666666666,0.11000000000000001,0.06833333333333336,0.14750000000000002,1.2724036547495768e-07,80,0.00010522778224779,win,zoo,uninformative,1.0
medqa,0.5,aip_soft,race,0.8666666666666666,0.7699999999999999,0.09666666666666666,0.06083333333333333,0.13166666666666668,7.465722848132887e-07,80,0.000600244116989884,win,zoo,uninformative,1.0
medqa,0.7,self,race,0.8708333333333332,0.7944444444444445,0.07638888888888891,0.04444444444444447,0.10694444444444447,2.1357461043097795e-05,80,0.015719091327719977,win,zoo,attractor,1.0
medqa,0.7,majority,race,0.8708333333333332,0.0,0.8708333333333332,0.8041666666666668,0.9291666666666666,1.1757599577909677e-16,80,1.3356633120505392e-13,win,zoo,attractor,1.0
medqa,0.7,ds_onecoin,race,0.8708333333333332,0.0,0.8708333333333332,0.8041666666666668,0.9291666666666666,1.1757599577909677e-16,80,1.3356633120505392e-13,win,zoo,attractor,1.0
medqa,0.7,aip_gated,race,0.8708333333333332,0.9444444444444444,-0.0736111111111111,-0.125,-0.029166666666666664,0.05002088442484619,80,1.0,tie,zoo,attractor,1.0
medqa,0.7,aip_soft,race,0.8708333333333332,0.9486111111111111,-0.07777777777777777,-0.1277777777777778,-0.03611111111111111,0.0034282598377692983,80,1.0,tie,zoo,attractor,1.0
medqa,0.7,self,race,0.6333333333333333,0.7944444444444445,-0.1611111111111111,-0.20833333333333331,-0.11388888888888889,1.291636052671768e-08,80,1.1069320971397051e-05,loss,zoo,camouflage,0.7
medqa,0.7,majority,race,0.6333333333333333,0.65,-0.016666666666666666,-0.041666666666666664,0.004166666666666667,0.15729920705028516,80,1.0,tie,zoo,camouflage,0.7
medqa,0.7,ds_onecoin,race,0.6333333333333333,0.65,-0.016666666666666666,-0.041666666666666664,0.008333333333333333,0.15729920705028516,80,1.0,tie,zoo,camouflage,0.7
medqa,0.7,aip_gated,race,0.6333333333333333,0.65,-0.016666666666666666,-0.041666666666666664,0.004166666666666667,0.15729920705028516,80,1.0,tie,zoo,camouflage,0.7
medqa,0.7,aip_soft,race,0.6333333333333333,0.65,-0.016666666666666666,-0.041666666666666664,0.0041666666666666675,0.15729920705028516,80,1.0,tie,zoo,camouflage,0.7
medqa,0.7,self,race,0.6333333333333333,0.7944444444444445,-0.1611111111111111,-0.20694444444444443,-0.11388888888888889,1.291636052671768e-08,80,1.1069320971397051e-05,loss,zoo,camouflage,0.9
medqa,0.7,majority,race,0.6333333333333333,0.65,-0.016666666666666666,-0.041666666666666664,0.004166666666666667,0.15729920705028516,80,1.0,tie,zoo,camouflage,0.9
medqa,0.7,ds_onecoin,race,0.6333333333333333,0.65,-0.016666666666666666,-0.041666666666666664,0.004270833333332766,0.15729920705028516,80,1.0,tie,zoo,camouflage,0.9
medqa,0.7,aip_gated,race,0.6333333333333333,0.65,-0.016666666666666666,-0.0375,0.004166666666666667,0.15729920705028516,80,1.0,tie,zoo,camouflage,0.9
medqa,0.7,aip_soft,race,0.6333333333333333,0.65,-0.016666666666666666,-0.0375,0.0041666666666666675,0.15729920705028516,80,1.0,tie,zoo,camouflage,0.9
medqa,0.7,self,race,0.8291666666666668,0.7944444444444445,0.034722222222222245,0.004166666666666682,0.06666666666666668,0.047125846961172134,80,1.0,tie,zoo,echo,1.0
medqa,0.7,majority,race,0.8291666666666668,0.8208333333333332,0.008333333333333335,-0.008333333333333331,0.025,0.3142673418314176,80,1.0,tie,zoo,echo,1.0
medqa,0.7,ds_onecoin,race,0.8291666666666668,0.8291666666666668,0.0,0.0,0.0,1.0,80,1.0,tie,zoo,echo,1.0
medqa,0.7,aip_gated,race,0.8291666666666668,0.826388888888889,0.0027777777777777796,-0.002777777777777777,0.008333333333333337,0.3081810010894789,80,1.0,tie,zoo,echo,1.0
medqa,0.7,aip_soft,race,0.8291666666666668,0.826388888888889,0.0027777777777777796,-0.002777777777777777,0.008333333333333337,0.3081810010894789,80,1.0,tie,zoo,echo,1.0
medqa,0.7,self,race,0.975,0.7944444444444445,0.18055555555555558,0.1277777777777778,0.2375,4.981216794274721e-09,80,4.333658611019008e-06,win,zoo,gate_aware,0.0
medqa,0.7,majority,race,0.975,0.09583333333333333,0.8791666666666668,0.825,0.925,2.8710212674714974e-16,80,3.2184148408355486e-13,win,zoo,gate_aware,0.0
medqa,0.7,ds_onecoin,race,0.975,0.004166666666666667,0.9708333333333332,0.9416666666666667,0.9958333333333332,3.351526358765476e-18,80,4.087088165533766e-15,win,zoo,gate_aware,0.0
medqa,0.7,aip_gated,race,0.975,0.0,0.975,0.95,0.9916666666666668,3.3492125026562e-18,80,4.087088165533766e-15,win,zoo,gate_aware,0.0
medqa,0.7,aip_soft,race,0.975,0.05694444444444444,0.9180555555555557,0.8847222222222223,0.9486111111111111,3.903269710577434e-16,80,4.356048997004416e-13,win,zoo,gate_aware,0.0
medqa,0.7,self,race,0.9486111111111111,0.7944444444444445,0.1541666666666667,0.10829861111111114,0.20555555555555557,2.1309574348425428e-08,80,1.817706691920689e-05,win,zoo,gate_aware,0.25
medqa,0.7,majority,race,0.9486111111111111,0.08333333333333333,0.8652777777777778,0.8125,0.9125,5.358257201582015e-16,80,5.888724664538635e-13,win,zoo,gate_aware,0.25
medqa,0.7,ds_onecoin,race,0.9486111111111111,0.0,0.9486111111111111,0.9069444444444444,0.9833333333333332,1.0155003158091558e-17,80,1.1830578679176664e-14,win,zoo,gate_aware,0.25
medqa,0.7,aip_gated,race,0.9486111111111111,0.0,0.9486111111111111,0.9041666666666668,0.9819444444444445,1.0155003158091558e-17,80,1.1830578679176664e-14,win,zoo,gate_aware,0.25
medqa,0.7,aip_soft,race,0.9486111111111111,0.0986111111111111,0.85,0.8013888888888889,0.8930555555555557,3.0773882030101414e-15,80,3.305114930032892e-12,win,zoo,gate_aware,0.25
medqa,0.7,self,race,0.9291666666666666,0.7944444444444445,0.13472222222222224,0.09579861111111113,0.1777777777777778,4.988609579386702e-09,80,4.333658611019008e-06,win,zoo,gate_aware,0.5
medqa,0.7,majority,race,0.9291666666666666,0.029166666666666664,0.9,0.85,0.9375,1.4923485528325074e-16,80,1.6833691675950684e-13,win,zoo,gate_aware,0.5
medqa,0.7,ds_onecoin,race,0.9291666666666666,0.0,0.9291666666666666,0.8873958333333333,0.9666666666666668,2.5507640111142228e-17,80,2.943581668825813e-14,win,zoo,gate_aware,0.5
medqa,0.7,aip_gated,race,0.9291666666666666,0.4180555555555555,0.5111111111111112,0.43888888888888894,0.5833333333333334,3.0434521596344895e-14,80,3.137799176583159e-11,win,zoo,gate_aware,0.5
medqa,0.7,aip_soft,race,0.9291666666666666,0.75,0.17916666666666667,0.12222222222222223,0.2458333333333333,3.457528553393661e-08,80,2.935441741831218e-05,win,zoo,gate_aware,0.5
medqa,0.7,self,race,0.9125,0.7944444444444445,0.11805555555555558,0.08194444444444446,0.15694444444444447,3.706916497048639e-08,80,3.1434651894972456e-05,win,zoo,gate_aware,0.75
medqa,0.7,majority,race,0.9125,0.004166666666666667,0.9083333333333332,0.8583333333333332,0.9541666666666668,4.578158537858684e-17,80,5.2465696843860516e-14,win,zoo,gate_aware,0.75
medqa,0.7,ds_onecoin,race,0.9125,0.0,0.9125,0.8625,0.9583333333333334,3.474979273478181e-17,80,3.999701143773386e-14,win,zoo,gate_aware,0.75
medqa,0.7,aip_gated,race,0.9125,0.30694444444444446,0.6055555555555557,0.5666666666666668,0.6402777777777778,2.926873932351882e-16,80,3.2780988042341077e-13,win,zoo,gate_aware,0.75
medqa,0.7,aip_soft,race,0.9125,0.8638888888888889,0.04861111111111111,0.02222222222222222,0.08055555555555556,0.000538824949974021,80,0.3454332106639977,tie,zoo,gate_aware,0.75
medqa,0.7,self,race,0.85,0.7944444444444445,0.05555555555555558,0.025000000000000022,0.08611111111111114,0.0008882930084747212,80,0.5391938561441558,tie,zoo,gate_aware,1.0
medqa,0.7,majority,race,0.85,0.0,0.85,0.775,0.9166666666666667,1.6957287700131395e-16,80,1.907694866264782e-13,win,zoo,gate_aware,1.0
medqa,0.7,ds_onecoin,race,0.85,0.0,0.85,0.775,0.9166666666666666,1.6957287700131395e-16,80,1.907694866264782e-13,win,zoo,gate_aware,1.0
medqa,0.7,aip_gated,race,0.85,0.8625,-0.012499999999999999,-0.03055555555555555,0.0027777777777777783,0.2488504793051889,80,1.0,tie,zoo,gate_aware,1.0
medqa,0.7,aip_soft,race,0.85,0.8625,-0.012499999999999999,-0.029166666666666667,0.0027777777777777783,0.2488504793051889,80,1.0,tie,zoo,gate_aware,1.0
medqa,0.7,self,race,0.9666666666666666,0.7944444444444445,0.17222222222222225,0.12222222222222223,0.225,4.9867604706560896e-09,80,4.333658611019008e-06,win,zoo,independent,1.0
medqa,0.7,majority,race,0.9666666666666666,0.09583333333333333,0.8708333333333333,0.8208333333333334,0.9166666666666667,4.631517535637281e-16,80,5.100364993663993e-13,win,zoo,independent,1.0
medqa,0.7,ds_onecoin,race,0.9666666666666666,0.004166666666666667,0.9625,0.9291666666666668,0.9875,7.022382676812386e-18,80,8.230232497224116e-15,win,zoo,independent,1.0
medqa,0.7,aip_gated,race,0.9666666666666666,0.0,0.9666666666666666,0.9416666666666667,0.9875,7.009330736074416e-18,80,8.22194495341529e-15,win,zoo,independent,1.0
medqa,0.7,aip_soft,race,0.9666666666666666,0.02222222222222222,0.9444444444444444,0.9180555555555557,0.9680555555555556,3.1580852268892624e-16,80,3.533897368889085e-13,win,zoo,independent,1.0
medqa,0.7,self,race,0.8708333333333332,0.7944444444444445,0.0763888888888889,0.030555555555555575,0.12222222222222223,0.001374471293275054,80,0.816435948205382,tie,zoo,partial,0.5
medqa,0.7,majority,race,0.8708333333333332,0.7916666666666666,0.07916666666666668,0.04166666666666667,0.12093749999999945,0.0003095219507737366,80,0.20614161921530857,tie,zoo,partial,0.5
medqa,0.7,ds_onecoin,race,0.8708333333333332,0.8625,0.008333333333333335,0.0,0.020833333333333336,0.15729920705028502,80,1.0,tie,zoo,partial,0.5
medqa,0.7,aip_gated,race,0.8708333333333332,0.6624999999999999,0.2083333333333334,0.15694444444444447,0.25555555555555565,1.7147706630708084e-10,80,1.5535822207421525e-07,win,zoo,partial,0.5
medqa,0.7,aip_soft,race,0.8708333333333332,0.5444444444444444,0.3263888888888889,0.26663194444444444,0.38888888888888895,5.506716583158562e-12,80,5.280941203249061e-09,win,zoo,partial,0.5
medqa,0.7,self,race,0.8416666666666668,0.7944444444444445,0.04722222222222224,0.018055555555555568,0.0777777777777778,0.0027906414137736585,80,1.0,tie,zoo,partial,0.8
medqa,0.7,majority,race,0.8416666666666668,0.19166666666666668,0.65,0.575,0.725,1.0777598748320866e-14,80,1.132725628448523e-11,win,zoo,partial,0.8
medqa,0.7,ds_onecoin,race,0.8416666666666668,0.008333333333333333,0.8333333333333334,0.7541666666666667,0.9041666666666668,2.4827886518769015e-16,80,2.7856888674058833e-13,win,zoo,partial,0.8
medqa,0.7,aip_gated,race,0.8416666666666668,0.6819444444444445,0.15972222222222224,0.11527777777777778,0.2069791666666665,3.4282873859983266e-08,80,2.9140442780985775e-05,win,zoo,partial,0.8
medqa,0.7,aip_soft,race,0.8416666666666668,0.7041666666666666,0.1375,0.09444444444444447,0.18194444444444446,1.7457337361386393e-07,80,0.00014297559298975457,win,zoo,partial,0.8
medqa,0.7,self,race,0.0,0.7944444444444445,-0.7944444444444445,-0.8555555555555557,-0.726354166666667,1.920095852732398e-15,80,2.07370352095099e-12,loss,zoo,sleeper,1.0
medqa,0.7,majority,race,0.0,0.0,0.0,0.0,0.0,1.0,80,1.0,tie,zoo,sleeper,1.0
medqa,0.7,ds_onecoin,race,0.0,0.0,0.0,0.0,0.0,1.0,80,1.0,tie,zoo,sleeper,1.0
medqa,0.7,aip_gated,race,0.0,0.0,0.0,0.0,0.0,1.0,80,1.0,tie,zoo,sleeper,1.0
medqa,0.7,aip_soft,race,0.0,0.0,0.0,0.0,0.0,1.0,80,1.0,tie,zoo,sleeper,1.0
medqa,0.7,self,race,0.825,0.7944444444444445,0.03055555555555558,-0.00138888888888887,0.06250000000000003,0.06307289148066365,80,1.0,tie,zoo,uninformative,1.0
medqa,0.7,majority,race,0.825,0.6875,0.1375,0.07916666666666668,0.19583333333333336,1.3202330546294444e-05,80,0.009928152570813422,win,zoo,uninformative,1.0
medqa,0.7,ds_onecoin,race,0.825,0.825,0.0,0.0,0.0,1.0,80,1.0,tie,zoo,uninformative,1.0
medqa,0.7,aip_gated,race,0.825,0.6847222222222221,0.14027777777777778,0.08333333333333334,0.19861111111111113,3.4190233095132494e-06,80,0.002632647948325202,win,zoo,uninformative,1.0
medqa,0.7,aip_soft,race,0.825,0.7541666666666667,0.07083333333333333,0.020798611111111115,0.12086805555555538,0.008777006836686632,80,1.0,tie,zoo,uninformative,1.0
mmlu,0.3,self,race,0.9125,0.8261904761904763,0.08630952380952382,0.05059523809523812,0.12202380952380953,2.766451959180563e-06,80,0.0021693084131103454,win,zoo,attractor,1.0
mmlu,0.3,majority,race,0.9125,0.775,0.1375,0.07083333333333333,0.20833333333333334,0.00011002399436647349,80,0.07701679605653144,tie,zoo,attractor,1.0
mmlu,0.3,ds_onecoin,race,0.9125,0.9375,-0.025,-0.05,-0.004166666666666667,0.04552216892442034,80,1.0,tie,zoo,attractor,1.0
mmlu,0.3,aip_gated,race,0.9125,0.9535714285714285,-0.04107142857142857,-0.08214285714285714,-0.008333333333333333,0.02537139393886399,80,1.0,tie,zoo,attractor,1.0
mmlu,0.3,aip_soft,race,0.9125,0.95,-0.0375,-0.075,-0.008333333333333333,0.02537139393886399,80,1.0,tie,zoo,attractor,1.0
mmlu,0.3,self,race,0.8791666666666667,0.8261904761904763,0.05297619047619049,0.016651785714285723,0.09107142857142858,0.0005657289692417167,80,0.3558435216530398,tie,zoo,camouflage,0.7
mmlu,0.3,majority,race,0.8791666666666667,0.8083333333333333,0.07083333333333333,0.029166666666666667,0.12083333333333335,0.0015766122244138805,80,0.9292734382667436,tie,zoo,camouflage,0.7
mmlu,0.3,ds_onecoin,race,0.8791666666666667,0.8125,0.06666666666666668,0.025,0.11666666666666667,0.006078340774682308,80,1.0,tie,zoo,camouflage,0.7
mmlu,0.3,aip_gated,race,0.8791666666666667,0.8125,0.06666666666666668,0.025,0.12083333333333335,0.006078340774682308,80,1.0,tie,zoo,camouflage,0.7
mmlu,0.3,aip_soft,race,0.8791666666666667,0.8136904761904763,0.06547619047619048,0.020833333333333336,0.1161011904761903,0.006078955451133707,80,1.0,tie,zoo,camouflage,0.7
mmlu,0.3,self,race,0.9,0.8261904761904763,0.07380952380952381,0.039270833333333345,0.11011904761904763,1.7463413550246465e-05,80,0.012957852854282878,win,zoo,camouflage,0.9
mmlu,0.3,majority,race,0.9,0.775,0.12500000000000003,0.0625,0.1917708333333328,0.00018633595352591107,80,0.12745379221172318,tie,zoo,camouflage,0.9
mmlu,0.3,ds_onecoin,race,0.9,0.8625,0.0375,0.008333333333333335,0.07083333333333333,0.014326810850140903,80,1.0,tie,zoo,camouflage,0.9
mmlu,0.3,aip_gated,race,0.9,0.849404761904762,0.05059523809523807,0.012499999999999987,0.08571428571428569,7.090337004344013e-08,80,5.9629734206533144e-05,win,zoo,camouflage,0.9
mmlu,0.3,aip_soft,race,0.9,0.7994047619047617,0.10059523809523814,0.06190476190476195,0.13394345238095232,2.9733510416310564e-10,80,2.6819626395512126e-07,win,zoo,camouflage,0.9
mmlu,0.3,self,race,0.8833333333333332,0.8261904761904763,0.05714285714285716,0.026190476190476215,0.08750000000000001,3.401253956965271e-05,80,0.02482915388584648,win,zoo,echo,1.0
mmlu,0.3,majority,race,0.8833333333333332,0.8708333333333333,0.0125,-0.008333333333333335,0.03333333333333334,0.26316929802193967,80,1.0,tie,zoo,echo,1.0
mmlu,0.3,ds_onecoin,race,0.8833333333333332,0.8791666666666667,0.004166666666666666,-0.01666666666666667,0.025,0.7201303147479521,80,1.0,tie,zoo,echo,1.0
mmlu,0.3,aip_gated,race,0.8833333333333332,0.8726190476190476,0.010714285714285713,-0.011904761904761906,0.034523809523809526,0.3304434945293685,80,1.0,tie,zoo,echo,1.0
mmlu,0.3,aip_soft,race,0.8833333333333332,0.8779761904761905,0.005357142857142855,-0.013095238095238096,0.023809523809523808,0.3348559098461682,80,1.0,tie,zoo,echo,1.0
mmlu,0.3,self,race,0.9291666666666666,0.8261904761904763,0.10297619047619049,0.06845238095238097,0.1392857142857143,9.772869990596208e-08,80,8.179481413496632e-05,win,zoo,gate_aware,0.0
mmlu,0.3,majority,race,0.9291666666666666,0.8458333333333334,0.08333333333333334,0.03333333333333334,0.14583333333333334,0.001576687130510154,80,0.9292734382667436,tie,zoo,gate_aware,0.0
mmlu,0.3,ds_onecoin,race,0.9291666666666666,0.9333333333333332,-0.004166666666666667,-0.025,0.008437499999999433,0.9929035095959442,80,1.0,tie,zoo,gate_aware,0.0
mmlu,0.3,aip_gated,race,0.9291666666666666,0.8452380952380952,0.08392857142857142,0.03392857142857143,0.14349702380952356,0.0009202382231020898,80,0.5549475404803971,tie,zoo,gate_aware,0.0
mmlu,0.3,aip_soft,race,0.9291666666666666,0.8601190476190477,0.06904761904761905,0.027961309523809527,0.11964285714285713,0.0015776611183688993,80,0.9292734382667436,tie,zoo,gate_aware,0.0
mmlu,0.3,self,race,0.925,0.8261904761904763,0.09880952380952382,0.0648809523809524,0.13336309523809511,9.773360774936323e-08,80,8.179481413496632e-05,win,zoo,gate_aware,0.25
mmlu,0.3,majority,race,0.925,0.8458333333333332,0.07916666666666668,0.03333333333333334,0.13333333333333333,0.000920194233644758,80,0.5549475404803971,tie,zoo,gate_aware,0.25
mmlu,0.3,ds_onecoin,race,0.925,0.9291666666666666,-0.004166666666666667,-0.029166666666666664,0.01666666666666667,0.9847561172018832,80,1.0,tie,zoo,gate_aware,0.25
mmlu,0.3,aip_gated,race,0.925,0.8369047619047618,0.08809523809523809,0.04107142857142858,0.1392857142857143,0.0001867926916971318,80,0.12747952240823726,tie,zoo,gate_aware,0.25
mmlu,0.3,aip_soft,race,0.925,0.8577380952380953,0.06726190476190477,0.029151785714285713,0.11610119047619032,0.002714911731222906,80,1.0,tie,zoo,gate_aware,0.25
mmlu,0.3,self,race,0.9291666666666666,0.8261904761904763,0.10297619047619049,0.06964285714285716,0.14226190476190478,9.772869990596208e-08,80,8.179481413496632e-05,win,zoo,gate_aware,0.5
mmlu,0.3,majority,race,0.9291666666666666,0.8458333333333332,0.08333333333333333,0.037500000000000006,0.1375,0.0005387471151971827,80,0.3454332106639977,tie,zoo,gate_aware,0.5
mmlu,0.3,ds_onecoin,race,0.9291666666666666,0.925,0.004166666666666667,-0.008333333333333335,0.020833333333333332,0.5686646725735651,80,1.0,tie,zoo,gate_aware,0.5
mmlu,0.3,aip_gated,race,0.9291666666666666,0.830952380952381,0.09821428571428571,0.04702380952380952,0.16130952380952382,0.0005391104113397457,80,0.3454332106639977,tie,zoo,gate_aware,0.5
mmlu,0.3,aip_soft,race,0.9291666666666666,0.8708333333333332,0.05833333333333333,0.019642857142857146,0.10476190476190476,0.004696074726127193,80,1.0,tie,zoo,gate_aware,0.5
mmlu,0.3,self,race,0.9333333333333332,0.8261904761904763,0.10714285714285716,0.06904761904761907,0.14761904761904762,9.772379227594542e-08,80,8.179481413496632e-05,win,zoo,gate_aware,0.75
mmlu,0.3,majority,race,0.9333333333333332,0.8208333333333334,0.1125,0.058333333333333334,0.17916666666666667,0.00011011649342201473,80,0.07701679605653144,tie,zoo,gate_aware,0.75
mmlu,0.3,ds_onecoin,race,0.9333333333333332,0.9208333333333332,0.0125,0.0,0.029166666666666664,0.08327686887710241,80,1.0,tie,zoo,gate_aware,0.75
mmlu,0.3,aip_gated,race,0.9333333333333332,0.8261904761904763,0.10714285714285714,0.05654761904761905,0.17083333333333334,0.00011042161102685157,80,0.07701679605653144,tie,zoo,gate_aware,0.75
mmlu,0.3,aip_soft,race,0.9333333333333332,0.9166666666666667,0.016666666666666663,0.002976190476190475,0.036309523809523805,0.014329512789809509,80,1.0,tie,zoo,gate_aware,0.75
mmlu,0.3,self,race,0.925,0.8261904761904763,0.09880952380952382,0.0654761904761905,0.13333333333333336,1.0058898274989923e-07,80,8.369003364791617e-05,win,zoo,gate_aware,1.0
mmlu,0.3,majority,race,0.925,0.8208333333333334,0.10416666666666667,0.054166666666666675,0.1625,0.00011019815892871233,80,0.07701679605653144,tie,zoo,gate_aware,1.0
mmlu,0.3,ds_onecoin,race,0.925,0.9208333333333332,0.004166666666666667,-0.008333333333333335,0.020833333333333332,0.5686646725735651,80,1.0,tie,zoo,gate_aware,1.0
mmlu,0.3,aip_gated,race,0.925,0.9279761904761905,-0.002976190476190477,-0.010714285714285714,0.0017857142857142835,0.9929035095959442,80,1.0,tie,zoo,gate_aware,1.0
mmlu,0.3,aip_soft,race,0.925,0.9244047619047618,0.0005952380952380945,0.0,0.0017857142857142835,0.31731050786291415,80,1.0,tie,zoo,gate_aware,1.0
mmlu,0.3,self,race,0.9125,0.8261904761904763,0.08630952380952381,0.054166666666666675,0.12203869047619043,8.529703591244703e-07,80,0.0006849351983769496,win,zoo,independent,1.0
mmlu,0.3,majority,race,0.9125,0.8583333333333334,0.05416666666666666,0.01666666666666667,0.1,0.017925841010193764,80,1.0,tie,zoo,independent,1.0
mmlu,0.3,ds_onecoin,race,0.9125,0.9291666666666666,-0.01666666666666667,-0.0375,0.0,0.08328098628159922,80,1.0,tie,zoo,independent,1.0
mmlu,0.3,aip_gated,race,0.9125,0.8422619047619048,0.07023809523809524,0.02857142857142857,0.11846726190476181,0.003515423042921405,80,1.0,tie,zoo,independent,1.0
mmlu,0.3,aip_soft,race,0.9125,0.8630952380952381,0.04940476190476191,0.0125,0.09523809523809523,0.03207101709179062,80,1.0,tie,zoo,independent,1.0
mmlu,0.3,self,race,0.9,0.8261904761904763,0.07380952380952381,0.03867559523809525,0.10952380952380954,1.7463413550246465e-05,80,0.012957852854282878,win,zoo,partial,0.5
mmlu,0.3,majority,race,0.9,0.8958333333333333,0.004166666666666668,-0.03333333333333333,0.0375,0.4825472783857234,80,1.0,tie,zoo,partial,0.5
mmlu,0.3,ds_onecoin,race,0.9,0.9083333333333334,-0.008333333333333333,-0.05,0.029166666666666664,0.6506377505089364,80,1.0,tie,zoo,partial,0.5
mmlu,0.3,aip_gated,race,0.9,0.8982142857142857,0.0017857142857142835,-0.019062500000000003,0.020833333333333336,0.17150261529796662,80,1.0,tie,zoo,partial,0.5
mmlu,0.3,aip_soft,race,0.9,0.8970238095238097,0.002976190476190478,-0.022023809523809522,0.027380952380952384,0.992628383449288,80,1.0,tie,zoo,partial,0.5
mmlu,0.3,self,race,0.9041666666666668,0.8261904761904763,0.07797619047619049,0.04404761904761907,0.11250000000000002,9.15071748072387e-06,80,0.0069545452853501406,win,zoo,partial,0.8
mmlu,0.3,majority,race,0.9041666666666668,0.8541666666666667,0.05,0.012500000000000006,0.09166666666666667,0.00417360781802431,80,1.0,tie,zoo,partial,0.8
mmlu,0.3,ds_onecoin,race,0.9041666666666668,0.8958333333333333,0.008333333333333335,-0.025,0.04166666666666667,0.9789916384463169,80,1.0,tie,zoo,partial,0.8
mmlu,0.3,aip_gated,race,0.9041666666666668,0.894047619047619,0.010119047619047621,-0.010714285714285713,0.034523809523809526,0.4023846361822562,80,1.0,tie,zoo,partial,0.8
mmlu,0.3,aip_soft,race,0.9041666666666668,0.8964285714285714,0.00773809523809524,-0.013095238095238094,0.03214285714285715,0.6465149682889398,80,1.0,tie,zoo,partial,0.8
mmlu,0.3,self,race,0.8910714285714285,0.8261904761904763,0.0648809523809524,0.0273809523809524,0.1005952380952381,0.0001182326845228983,80,0.08134408695175403,tie,zoo,sleeper,1.0
mmlu,0.3,majority,race,0.8910714285714285,0.8208333333333334,0.07023809523809524,0.03333333333333334,0.11130952380952382,0.0005383580590847041,80,0.3454332106639977,tie,zoo,sleeper,1.0
mmlu,0.3,ds_onecoin,race,0.8910714285714285,0.8541666666666666,0.036904761904761905,-0.0011904761904761884,0.0869047619047619,0.4431548913701596,80,1.0,tie,zoo,sleeper,1.0
mmlu,0.3,aip_gated,race,0.8910714285714285,0.8416666666666666,0.04940476190476191,0.018452380952380956,0.08630952380952381,0.010232140076610944,80,1.0,tie,zoo,sleeper,1.0
mmlu,0.3,aip_soft,race,0.8910714285714285,0.8404761904761905,0.050595238095238096,0.0184375,0.09107142857142858,0.010343963922383407,80,1.0,tie,zoo,sleeper,1.0
mmlu,0.3,self,race,0.9,0.8261904761904763,0.07380952380952381,0.03869047619047621,0.11071428571428574,1.7463413550246465e-05,80,0.012957852854282878,win,zoo,uninformative,1.0
mmlu,0.3,majority,race,0.9,0.875,0.025,0.0,0.05843749999999945,0.09818443521068748,80,1.0,tie,zoo,uninformative,1.0
mmlu,0.3,ds_onecoin,race,0.9,0.8916666666666666,0.008333333333333335,-0.024999999999999998,0.04166666666666667,0.9663931460182802,80,1.0,tie,zoo,uninformative,1.0
mmlu,0.3,aip_gated,race,0.9,0.880952380952381,0.01904761904761905,-0.004166666666666667,0.050595238095238096,0.17792743416201462,80,1.0,tie,zoo,uninformative,1.0
mmlu,0.3,aip_soft,race,0.9,0.8875,0.012499999999999999,-0.0065476190476190495,0.036904761904761905,0.254940220804726,80,1.0,tie,zoo,uninformative,1.0
mmlu,0.5,self,race,0.9208333333333332,0.8166666666666668,0.10416666666666663,0.06999999999999998,0.13918749999999985,2.84315085807279e-07,80,0.0002314324798471251,win,zoo,attractor,1.0
mmlu,0.5,majority,race,0.9208333333333332,0.2625,0.6583333333333334,0.5625,0.7500000000000001,7.707613225217183e-14,80,7.846350263271093e-11,win,zoo,attractor,1.0
mmlu,0.5,ds_onecoin,race,0.9208333333333332,0.0,0.9208333333333332,0.8623958333333334,0.9708333333333332,1.384059435074427e-17,80,1.6055089446863352e-14,win,zoo,attractor,1.0
mmlu,0.5,aip_gated,race,0.9208333333333332,0.9708333333333334,-0.05,-0.09583333333333335,-0.016666666666666666,0.014328161791897878,80,1.0,tie,zoo,attractor,1.0
mmlu,0.5,aip_soft,race,0.9208333333333332,0.9708333333333334,-0.05,-0.09583333333333334,-0.0125,0.014328161791897878,80,1.0,tie,zoo,attractor,1.0
mmlu,0.5,self,race,0.8583333333333332,0.8166666666666668,0.04166666666666664,0.009979166666666643,0.07166666666666663,0.0029087794151941306,80,1.0,tie,zoo,camouflage,0.7
mmlu,0.5,majority,race,0.8583333333333332,0.8416666666666666,0.01666666666666667,-0.041666666666666664,0.07093749999999945,0.30070904726070125,80,1.0,tie,zoo,camouflage,0.7
mmlu,0.5,ds_onecoin,race,0.8583333333333332,0.8583333333333332,0.0,-0.07083333333333333,0.05843749999999945,0.49552405635291896,80,1.0,tie,zoo,camouflage,0.7
mmlu,0.5,aip_gated,race,0.8583333333333332,0.8583333333333332,0.0,-0.06666666666666668,0.0625,0.49552405635291896,80,1.0,tie,zoo,camouflage,0.7
mmlu,0.5,aip_soft,race,0.8583333333333332,0.8583333333333332,0.0,-0.06666666666666668,0.05833333333333335,0.49552405635291896,80,1.0,tie,zoo,camouflage,0.7
mmlu,0.5,self,race,0.8916666666666666,0.8166666666666668,0.07499999999999997,0.045833333333333295,0.10666666666666662,1.3807871689626666e-05,80,0.01033385682488936,win,zoo,camouflage,0.9
mmlu,0.5,majority,race,0.8916666666666666,0.55,0.3416666666666667,0.2375,0.45833333333333337,1.7208706830509053e-07,80,0.00014128348307847931,win,zoo,camouflage,0.9
mmlu,0.5,ds_onecoin,race,0.8916666666666666,0.5666666666666667,0.325,0.2125,0.4458333333333334,1.5090371155067374e-06,80,0.0011981754697123494,win,zoo,camouflage,0.9
mmlu,0.5,aip_gated,race,0.8916666666666666,0.47000000000000003,0.4216666666666667,0.3491458333333334,0.49083333333333334,5.707659501167197e-13,80,5.656290565656692e-10,win,zoo,camouflage,0.9
mmlu,0.5,aip_soft,race,0.8916666666666666,0.4666666666666667,0.4250000000000001,0.3466666666666668,0.49250000000000005,5.027447402380512e-13,80,4.992255270563848e-10,win,zoo,camouflage,0.9
mmlu,0.5,self,race,0.8875,0.8166666666666668,0.07083333333333329,0.04333333333333331,0.10083333333333329,2.0630247802504916e-05,80,0.015204492630446122,win,zoo,echo,1.0
mmlu,0.5,majority,race,0.8875,0.8833333333333332,0.004166666666666666,-0.020833333333333336,0.025,0.326690295803741,80,1.0,tie,zoo,echo,1.0
mmlu,0.5,ds_onecoin,race,0.8875,0.8875,0.0,0.0,0.0,1.0,80,1.0,tie,zoo,echo,1.0
mmlu,0.5,aip_gated,race,0.8875,0.8883333333333333,-0.0008333333333333338,-0.011666666666666667,0.008333333333333333,0.6630621742973406,80,1.0,tie,zoo,echo,1.0
mmlu,0.5,aip_soft,race,0.8875,0.8883333333333333,-0.0008333333333333338,-0.011666666666666669,0.0075000000000000015,0.6630621742973406,80,1.0,tie,zoo,echo,1.0
mmlu,0.5,self,race,0.9375,0.8166666666666668,0.1208333333333333,0.08499999999999996,0.15916666666666662,9.74287758255843e-09,80,8.385703283878191e-06,win,zoo,gate_aware,0.0
mmlu,0.5,majority,race,0.9375,0.7458333333333333,0.19166666666666668,0.125,0.2667708333333328,6.524959054180335e-07,80,0.000525651486707765,win,zoo,gate_aware,0.0
mmlu,0.5,ds_onecoin,race,0.9375,0.9375,0.0,0.0,0.0,1.0,80,1.0,tie,zoo,gate_aware,0.0
mmlu,0.5,aip_gated,race,0.9375,0.61,0.3275,0.2541666666666667,0.40499999999999997,1.6245555695956818e-11,80,1.510836679723984e-08,win,zoo,gate_aware,0.0
mmlu,0.5,aip_soft,race,0.9375,0.7466666666666667,0.19083333333333335,0.12166666666666667,0.2616874999999999,2.439114885086227e-07,80,0.00019927568611154475,win,zoo,gate_aware,0.0
mmlu,0.5,self,race,0.9416666666666668,0.8166666666666668,0.12499999999999997,0.08749999999999998,0.1658333333333333,9.739492780346331e-09,80,8.385703283878191e-06,win,zoo,gate_aware,0.25
mmlu,0.5,majority,race,0.9416666666666668,0.725,0.2166666666666667,0.14583333333333334,0.2958333333333334,5.4162829494692515e-08,80,4.565926526402579e-05,win,zoo,gate_aware,0.25
mmlu,0.5,ds_onecoin,race,0.9416666666666668,0.9416666666666668,0.0,0.0,0.0,1.0,80,1.0,tie,zoo,gate_aware,0.25
mmlu,0.5,aip_gated,race,0.9416666666666668,0.5733333333333334,0.36833333333333335,0.29333333333333333,0.4458541666666666,2.3140734297105945e-12,80,2.2608497408272507e-09,win,zoo,gate_aware,0.25
mmlu,0.5,aip_soft,race,0.9416666666666668,0.7316666666666667,0.21000000000000005,0.14500000000000002,0.2800208333333333,5.1299873100725224e-09,80,4.447698997832877e-06,win,zoo,gate_aware,0.25
mmlu,0.5,self,race,0.9416666666666667,0.8166666666666668,0.12499999999999997,0.08666666666666664,0.16666666666666666,4.295622125621189e-08,80,3.6340963182755255e-05,win,zoo,gate_aware,0.5
mmlu,0.5,majority,race,0.9416666666666667,0.6416666666666666,0.30000000000000004,0.225,0.38333333333333336,7.626304435792703e-10,80,6.787410947855505e-07,win,zoo,gate_aware,0.5
mmlu,0.5,ds_onecoin,race,0.9416666666666667,0.9416666666666667,0.0,0.0,0.0,1.0,80,1.0,tie,zoo,gate_aware,0.5
mmlu,0.5,aip_gated,race,0.9416666666666667,0.6391666666666665,0.30250000000000005,0.22581250000000005,0.38752083333333326,3.2525222231633154e-10,80,2.914259911954331e-07,win,zoo,gate_aware,0.5
mmlu,0.5,aip_soft,race,0.9416666666666667,0.8625,0.07916666666666668,0.03583333333333334,0.13166666666666665,0.0005392661620424992,80,0.3454332106639977,tie,zoo,gate_aware,0.5
mmlu,0.5,self,race,0.945,0.8166666666666668,0.12833333333333333,0.09083333333333331,0.1666666666666666,9.864714826780187e-09,80,8.47379003620418e-06,win,zoo,gate_aware,0.75
mmlu,0.5,majority,race,0.945,0.4958333333333334,0.4491666666666667,0.36583333333333334,0.5358333333333334,9.893521816621275e-13,80,9.715438423922091e-10,win,zoo,gate_aware,0.75
mmlu,0.5,ds_onecoin,race,0.945,0.9458333333333332,-0.0008333333333333346,-0.0025000000000000035,0.0,0.31731050786291415,80,1.0,tie,zoo,gate_aware,0.75
mmlu,0.5,aip_gated,race,0.945,0.6291666666666667,0.3158333333333333,0.24997916666666667,0.38416666666666666,2.24429718334929e-12,80,2.1949226453156056e-09,win,zoo,gate_aware,0.75
mmlu,0.5,aip_soft,race,0.945,0.9199999999999999,0.024999999999999998,0.007499999999999998,0.049166666666666664,0.008171720493032747,80,1.0,tie,zoo,gate_aware,0.75
mmlu,0.5,self,race,0.9183333333333333,0.8166666666666668,0.10166666666666661,0.06749999999999998,0.13666666666666663,3.0438363533037295e-07,80,0.0002474638955235932,win,zoo,gate_aware,1.0
mmlu,0.5,majority,race,0.9183333333333333,0.2625,0.6558333333333334,0.5583333333333333,0.7408333333333335,7.708279938618656e-14,80,7.846350263271093e-11,win,zoo,gate_aware,1.0
mmlu,0.5,ds_onecoin,race,0.9183333333333333,0.0,0.9183333333333333,0.86,0.9700208333333332,1.3842384707051416e-17,80,1.6055089446863352e-14,win,zoo,gate_aware,1.0
mmlu,0.5,aip_gated,race,0.9183333333333333,0.9433333333333334,-0.024999999999999998,-0.05249999999999999,-0.0024999999999999974,0.23697247614427597,80,1.0,tie,zoo,gate_aware,1.0
mmlu,0.5,aip_soft,race,0.9183333333333333,0.9441666666666666,-0.02583333333333333,-0.05585416666666666,-0.003333333333333332,0.23697247614427597,80,1.0,tie,zoo,gate_aware,1.0
mmlu,0.5,self,race,0.9375,0.8166666666666668,0.1208333333333333,0.08416666666666664,0.1600208333333332,9.446539178835197e-09,80,8.14291677215594e-06,win,zoo,independent,1.0
mmlu,0.5,majority,race,0.9375,0.7500000000000001,0.1875,0.125,0.2625,6.521730604314703e-07,80,0.000525651486707765,win,zoo,independent,1.0
mmlu,0.5,ds_onecoin,race,0.9375,0.9375,0.0,0.0,0.0,1.0,80,1.0,tie,zoo,independent,1.0
mmlu,0.5,aip_gated,race,0.9375,0.615,0.3225,0.25583333333333336,0.3916874999999999,2.491084013614922e-11,80,2.3117259646346474e-08,win,zoo,independent,1.0
mmlu,0.5,aip_soft,race,0.9375,0.7833333333333333,0.15416666666666667,0.0975,0.21502083333333324,2.4414445535070957e-07,80,0.00019927568611154475,win,zoo,independent,1.0
mmlu,0.5,self,race,0.9083333333333332,0.8166666666666668,0.09166666666666665,0.057499999999999975,0.1283333333333333,8.859924644287254e-07,80,0.0007105659564718377,win,zoo,partial,0.5
mmlu,0.5,majority,race,0.9083333333333332,0.85,0.05833333333333335,0.016666666666666673,0.09583333333333335,0.0014605786043817475,80,0.8661231123983762,tie,zoo,partial,0.5
mmlu,0.5,ds_onecoin,race,0.9083333333333332,0.9083333333333332,0.0,0.0,0.0,1.0,80,1.0,tie,zoo,partial,0.5
mmlu,0.5,aip_gated,race,0.9083333333333332,0.8800000000000001,0.02833333333333334,0.008333333333333338,0.05,0.0029765801309725045,80,1.0,tie,zoo,partial,0.5
mmlu,0.5,aip_soft,race,0.9083333333333332,0.845,0.06333333333333334,0.035,0.09083333333333335,5.708151140219103e-06,80,0.004372443773407833,win,zoo,partial,0.5
mmlu,0.5,self,race,0.9125,0.8166666666666668,0.0958333333333333,0.05916666666666666,0.13083333333333327,1.8919792826042283e-06,80,0.0014946636332573403,win,zoo,partial,0.8
mmlu,0.5,majority,race,0.9125,0.6,0.31250000000000006,0.2416666666666667,0.3833333333333334,5.0345337442698096e-11,80,4.656943713449574e-08,win,zoo,partial,0.8
mmlu,0.5,ds_onecoin,race,0.9125,0.9125,0.0,0.0,0.0,1.0,80,1.0,tie,zoo,partial,0.8
mmlu,0.5,aip_gated,race,0.9125,0.8758333333333332,0.036666666666666674,0.0033333333333333396,0.07335416666666655,0.013067692298327088,80,1.0,tie,zoo,partial,0.8
mmlu,0.5,aip_soft,race,0.9125,0.8866666666666667,0.025833333333333337,0.0016666666666666663,0.05500000000000001,0.034620884302190943,80,1.0,tie,zoo,partial,0.8
mmlu,0.5,self,race,0.45500000000000007,0.8166666666666668,-0.3616666666666667,-0.42666666666666664,-0.2991666666666667,3.1217573972894733e-15,80,3.349645687291605e-12,loss,zoo,sleeper,1.0
mmlu,0.5,majority,race,0.45500000000000007,0.2625,0.19250000000000003,0.1166666666666667,0.27337499999999976,0.003718437729260634,80,1.0,tie,zoo,sleeper,1.0
mmlu,0.5,ds_onecoin,race,0.45500000000000007,0.525,-0.06999999999999998,-0.08499999999999999,-0.05666666666666666,1.0297896796369605e-10,80,9.40197977508545e-08,loss,zoo,sleeper,1.0
mmlu,0.5,aip_gated,race,0.45500000000000007,0.2891666666666667,0.16583333333333342,0.06416666666666673,0.25916666666666666,0.008947491875227621,80,1.0,tie,zoo,sleeper,1.0
mmlu,0.5,aip_soft,race,0.45500000000000007,0.2891666666666667,0.16583333333333342,0.06747916666666672,0.26333333333333336,0.008947491875227621,80,1.0,tie,zoo,sleeper,1.0
mmlu,0.5,self,race,0.9075,0.8166666666666668,0.0908333333333333,0.05664583333333329,0.12666666666666662,3.1291005590834563e-06,80,0.0024187947321715115,win,zoo,uninformative,1.0
mmlu,0.5,majority,race,0.9075,0.85,0.057499999999999996,0.025,0.09416666666666666,0.0009196664706170377,80,0.5549475404803971,tie,zoo,uninformative,1.0
mmlu,0.5,ds_onecoin,race,0.9075,0.9083333333333334,-0.0008333333333333346,-0.0025000000000000035,0.0,0.31731050786291415,80,1.0,tie,zoo,uninformative,1.0
mmlu,0.5,aip_gated,race,0.9075,0.8516666666666666,0.05583333333333333,0.025,0.08916666666666667,0.0005392142416508457,80,0.3454332106639977,tie,zoo,uninformative,1.0
mmlu,0.5,aip_soft,race,0.9075,0.8699999999999999,0.0375,0.014979166666666667,0.06583333333333334,0.0015776611183688993,80,0.9292734382667436,tie,zoo,uninformative,1.0
mmlu,0.7,self,race,0.9027777777777779,0.8083333333333333,0.09444444444444447,0.06524305555555558,0.12638888888888894,4.0251138826164935e-07,80,0.00032643673588019764,win,zoo,attractor,1.0
mmlu,0.7,majority,race,0.9027777777777779,0.0,0.9027777777777779,0.8430555555555557,0.9555555555555555,5.580608450163082e-17,80,6.378635458536402e-14,win,zoo,attractor,1.0
mmlu,0.7,ds_onecoin,race,0.9027777777777779,0.0,0.9027777777777779,0.8444097222222221,0.9541666666666666,5.580608450163082e-17,80,6.378635458536402e-14,win,zoo,attractor,1.0
mmlu,0.7,aip_gated,race,0.9027777777777779,0.8458333333333334,0.056944444444444485,0.012500000000000039,0.09305555555555559,1.4268700762178053e-07,80,0.00011757409428034716,win,zoo,attractor,1.0
mmlu,0.7,aip_soft,race,0.9027777777777779,0.8500000000000002,0.052777777777777826,0.011076388888888927,0.09027777777777782,1.3605446657428636e-07,80,0.00011224493492378625,win,zoo,attractor,1.0
mmlu,0.7,self,race,0.7236111111111111,0.8083333333333333,-0.08472222222222221,-0.1208333333333333,-0.05277777777777777,1.0161774030560275e-05,80,0.007712786489195249,loss,zoo,camouflage,0.7
mmlu,0.7,majority,race,0.7236111111111111,0.6708333333333333,0.05277777777777777,-0.009722222222222226,0.10833333333333331,0.0020227966039673057,80,1.0,tie,zoo,camouflage,0.7
mmlu,0.7,ds_onecoin,race,0.7236111111111111,0.6708333333333333,0.05277777777777777,-0.011111111111111117,0.11114583333333312,0.0020227966039673057,80,1.0,tie,zoo,camouflage,0.7
mmlu,0.7,aip_gated,race,0.7236111111111111,0.5041666666666667,0.2194444444444445,0.15277777777777785,0.2805555555555556,1.0926693206105996e-07,80,9.080082054274082e-05,win,zoo,camouflage,0.7
mmlu,0.7,aip_soft,race,0.7236111111111111,0.5041666666666667,0.2194444444444445,0.15277777777777785,0.28611111111111115,1.0926693206105996e-07,80,9.080082054274082e-05,win,zoo,camouflage,0.7
mmlu,0.7,self,race,0.7236111111111111,0.8083333333333333,-0.08472222222222221,-0.11944444444444442,-0.05277777777777777,1.0161774030560275e-05,80,0.007712786489195249,loss,zoo,camouflage,0.9
mmlu,0.7,majority,race,0.7236111111111111,0.6708333333333333,0.05277777777777777,-0.008368055555555563,0.11388888888888886,0.0020227966039673057,80,1.0,tie,zoo,camouflage,0.9
mmlu,0.7,ds_onecoin,race,0.7236111111111111,0.6708333333333333,0.05277777777777777,-0.011111111111111117,0.10833333333333331,0.0020227966039673057,80,1.0,tie,zoo,camouflage,0.9
mmlu,0.7,aip_gated,race,0.7236111111111111,0.5041666666666667,0.2194444444444445,0.15277777777777785,0.28336805555555544,1.0926693206105996e-07,80,9.080082054274082e-05,win,zoo,camouflage,0.9
mmlu,0.7,aip_soft,race,0.7236111111111111,0.5041666666666667,0.2194444444444445,0.15416666666666673,0.2847222222222223,1.0926693206105996e-07,80,9.080082054274082e-05,win,zoo,camouflage,0.9
mmlu,0.7,self,race,0.85,0.8083333333333333,0.0416666666666667,0.01250000000000002,0.07361111111111115,0.014683948028675335,80,1.0,tie,zoo,echo,1.0
mmlu,0.7,majority,race,0.85,0.8541666666666666,-0.004166666666666666,-0.020833333333333332,0.012500000000000002,0.667211835773165,80,1.0,tie,zoo,echo,1.0
mmlu,0.7,ds_onecoin,race,0.85,0.85,0.0,0.0,0.0,1.0,80,1.0,tie,zoo,echo,1.0
mmlu,0.7,aip_gated,race,0.85,0.8486111111111111,0.0013888888888888915,-0.004166666666666666,0.00694444444444445,0.6301247109950707,80,1.0,tie,zoo,echo,1.0
mmlu,0.7,aip_soft,race,0.85,0.8472222222222221,0.0027777777777777796,-0.002777777777777777,0.008333333333333337,0.3081810010894789,80,1.0,tie,zoo,echo,1.0
mmlu,0.7,self,race,0.9736111111111111,0.8083333333333333,0.1652777777777778,0.11944444444444446,0.21527777777777782,1.2189538847071957e-09,80,1.0805888193333446e-06,win,zoo,gate_aware,0.0
mmlu,0.7,majority,race,0.9736111111111111,0.14166666666666666,0.8319444444444445,0.7680555555555555,0.8916666666666666,7.096880176212441e-16,80,7.756890032600198e-13,win,zoo,gate_aware,0.0
mmlu,0.7,ds_onecoin,race,0.9736111111111111,0.0,0.9736111111111111,0.9486111111111111,0.9930555555555556,4.895213571179734e-18,80,5.928103634698658e-15,win,zoo,gate_aware,0.0
mmlu,0.7,aip_gated,race,0.9736111111111111,0.0,0.9736111111111111,0.95,0.9930555555555556,4.895213571179734e-18,80,5.928103634698658e-15,win,zoo,gate_aware,0.0
mmlu,0.7,aip_soft,race,0.9736111111111111,0.09305555555555556,0.8805555555555555,0.8486111111111111,0.9097222222222223,2.7517967494655066e-15,80,2.9581815056754198e-12,win,zoo,gate_aware,0.0
mmlu,0.7,self,race,0.9708333333333332,0.8083333333333333,0.16250000000000003,0.11527777777777781,0.20836805555555543,1.9296484884566753e-09,80,1.7034479316428323e-06,win,zoo,gate_aware,0.25
mmlu,0.7,majority,race,0.9708333333333332,0.12916666666666665,0.8416666666666668,0.7791666666666667,0.9,7.31301069433416e-16,80,7.985807678212903e-13,win,zoo,gate_aware,0.25
mmlu,0.7,ds_onecoin,race,0.9708333333333332,0.0,0.9708333333333332,0.9375,0.9958333333333333,2.3068481406591233e-18,80,2.823582124166767e-15,win,zoo,gate_aware,0.25
mmlu,0.7,aip_gated,race,0.9708333333333332,0.0,0.9708333333333332,0.9333333333333332,0.9958333333333333,2.3068481406591233e-18,80,2.823582124166767e-15,win,zoo,gate_aware,0.25
mmlu,0.7,aip_soft,race,0.9708333333333332,0.09027777777777776,0.8805555555555555,0.8402777777777779,0.9194444444444445,1.3652145843727551e-15,80,1.482623038628812e-12,win,zoo,gate_aware,0.25
mmlu,0.7,self,race,0.9625,0.8083333333333333,0.1541666666666667,0.10972222222222225,0.20420138888888872,1.9296484884566753e-09,80,1.7034479316428323e-06,win,zoo,gate_aware,0.5
mmlu,0.7,majority,race,0.9625,0.04583333333333333,0.9166666666666667,0.8708333333333333,0.9541666666666668,7.617617641956821e-17,80,8.684084111830776e-14,win,zoo,gate_aware,0.5
mmlu,0.7,ds_onecoin,race,0.9625,0.0,0.9625,0.9208333333333334,0.9916666666666668,3.4322171957344723e-18,80,4.166711675621649e-15,win,zoo,gate_aware,0.5
mmlu,0.7,aip_gated,race,0.9625,0.28194444444444444,0.6805555555555556,0.6097222222222223,0.7513888888888889,5.856891355785986e-15,80,6.2375892939120746e-12,win,zoo,gate_aware,0.5
mmlu,0.7,aip_soft,race,0.9625,0.7458333333333333,0.2166666666666667,0.15138888888888893,0.2833333333333333,3.1984757349628315e-09,80,2.7954677923575146e-06,win,zoo,gate_aware,0.5
mmlu,0.7,self,race,0.95,0.8083333333333333,0.1416666666666667,0.1041666666666667,0.18333333333333335,1.9291596054845212e-09,80,1.7034479316428323e-06,win,zoo,gate_aware,0.75
mmlu,0.7,majority,race,0.95,0.004166666666666667,0.9458333333333332,0.9,0.9791666666666667,1.017090276166818e-17,80,1.1830578679176664e-14,win,zoo,gate_aware,0.75
mmlu,0.7,ds_onecoin,race,0.95,0.0,0.95,0.9041666666666666,0.9833333333333334,7.19772502500113e-18,80,8.421338279251321e-15,win,zoo,gate_aware,0.75
mmlu,0.7,aip_gated,race,0.95,0.21805555555555553,0.7319444444444445,0.6944097222222222,0.7694444444444445,1.245113207941037e-15,80,1.3559282834477893e-12,win,zoo,gate_aware,0.75
mmlu,0.7,aip_soft,race,0.95,0.9263888888888889,0.023611111111111117,0.006944444444444453,0.04166666666666667,0.0038796173779442403,80,1.0,tie,zoo,gate_aware,0.75
mmlu,0.7,self,race,0.9083333333333334,0.8083333333333333,0.10000000000000005,0.06944444444444448,0.1305555555555556,2.1312272353228048e-08,80,1.817706691920689e-05,win,zoo,gate_aware,1.0
mmlu,0.7,majority,race,0.9083333333333334,0.0,0.9083333333333334,0.8541666666666666,0.9541666666666668,5.0996287586927905e-17,80,5.839074928703246e-14,win,zoo,gate_aware,1.0
mmlu,0.7,ds_onecoin,race,0.9083333333333334,0.0,0.9083333333333334,0.85,0.9583333333333333,5.0996287586927905e-17,80,5.839074928703246e-14,win,zoo,gate_aware,1.0
mmlu,0.7,aip_gated,race,0.9083333333333334,0.9222222222222222,-0.01388888888888889,-0.04583333333333333,0.012500000000000002,0.6450615972819067,80,1.0,tie,zoo,gate_aware,1.0
mmlu,0.7,aip_soft,race,0.9083333333333334,0.9291666666666668,-0.020833333333333336,-0.05,0.004166666666666671,0.9166599622690457,80,1.0,tie,zoo,gate_aware,1.0
mmlu,0.7,self,race,0.976388888888889,0.8083333333333333,0.1680555555555556,0.12079861111111113,0.2166666666666667,1.2182512055618315e-09,80,1.0805888193333446e-06,win,zoo,independent,1.0
mmlu,0.7,majority,race,0.976388888888889,0.10833333333333332,0.8680555555555557,0.825,0.9097222222222223,6.73970067480356e-16,80,7.386711939584701e-13,win,zoo,independent,1.0
mmlu,0.7,ds_onecoin,race,0.976388888888889,0.0,0.976388888888889,0.951388888888889,0.9958333333333332,3.3519893118294928e-18,80,4.087088165533766e-15,win,zoo,independent,1.0
mmlu,0.7,aip_gated,race,0.976388888888889,0.0,0.976388888888889,0.9527777777777778,0.9958333333333332,3.3519893118294928e-18,80,4.087088165533766e-15,win,zoo,independent,1.0
mmlu,0.7,aip_soft,race,0.976388888888889,0.0861111111111111,0.8902777777777777,0.8541666666666667,0.9236111111111113,1.4247334235764592e-15,80,1.5458357645804582e-12,win,zoo,independent,1.0
mmlu,0.7,self,race,0.8875,0.8083333333333333,0.07916666666666669,0.04583333333333335,0.11250000000000004,2.3847235454025675e-05,80,0.01743232911689277,win,zoo,partial,0.5
mmlu,0.7,majority,race,0.8875,0.75,0.1375,0.0875,0.18750000000000006,6.199243077252689e-07,80,0.0005002789163342919,win,zoo,partial,0.5
mmlu,0.7,ds_onecoin,race,0.8875,0.8833333333333334,0.004166666666666667,0.0,0.0125,0.31731050786291415,80,1.0,tie,zoo,partial,0.5
mmlu,0.7,aip_gated,race,0.8875,0.6652777777777776,0.22222222222222227,0.17638888888888896,0.2666666666666667,4.573920440788212e-13,80,4.546476918143482e-10,win,zoo,partial,0.5
mmlu,0.7,aip_soft,race,0.8875,0.41388888888888886,0.47361111111111115,0.425,0.5208333333333334,7.663100298287827e-15,80,8.092233914991946e-12,win,zoo,partial,0.5
mmlu,0.7,self,race,0.8847222222222222,0.8083333333333333,0.07638888888888892,0.04722222222222224,0.1041666666666667,1.3746498377450347e-06,80,0.0010928466210073026,win,zoo,partial,0.8
mmlu,0.7,majority,race,0.8847222222222222,0.20833333333333331,0.6763888888888889,0.6125,0.7388888888888889,5.843152823929936e-15,80,6.228800910309312e-12,win,zoo,partial,0.8
mmlu,0.7,ds_onecoin,race,0.8847222222222222,0.0125,0.8722222222222221,0.8041666666666666,0.9291666666666666,1.3426772075141725e-16,80,1.517225244491015e-13,win,zoo,partial,0.8
mmlu,0.7,aip_gated,race,0.8847222222222222,0.7138888888888889,0.17083333333333334,0.11666666666666667,0.22638888888888892,1.9671315046964624e-08,80,1.6818974365154753e-05,win,zoo,partial,0.8
mmlu,0.7,aip_soft,race,0.8847222222222222,0.7208333333333333,0.16388888888888892,0.11944444444444446,0.2083333333333334,3.785544098816016e-11,80,3.505413835503631e-08,win,zoo,partial,0.8
mmlu,0.7,self,race,0.0,0.8083333333333333,-0.8083333333333333,-0.8638888888888887,-0.7444444444444445,2.620029857760981e-15,80,2.8191521269508156e-12,loss,zoo,sleeper,1.0
mmlu,0.7,majority,race,0.0,0.0,0.0,0.0,0.0,1.0,80,1.0,tie,zoo,sleeper,1.0
mmlu,0.7,ds_onecoin,race,0.0,0.0,0.0,0.0,0.0,1.0,80,1.0,tie,zoo,sleeper,1.0
mmlu,0.7,aip_gated,race,0.0,0.17500000000000004,-0.17500000000000004,-0.19444444444444448,-0.15555555555555559,2.067065818078236e-15,80,2.2303640177064166e-12,loss,zoo,sleeper,1.0
mmlu,0.7,aip_soft,race,0.0,0.10694444444444447,-0.10694444444444447,-0.12222222222222223,-0.09166666666666667,1.745412705016353e-14,80,1.8134838005119906e-11,loss,zoo,sleeper,1.0
mmlu,0.7,self,race,0.875,0.8083333333333333,0.0666666666666667,0.03750000000000002,0.09444444444444448,1.4689385484037084e-05,80,0.01092890280012359,win,zoo,uninformative,1.0
mmlu,0.7,majority,race,0.875,0.7,0.17500000000000002,0.125,0.225,7.299621095089257e-09,80,6.306872626157118e-06,win,zoo,uninformative,1.0
mmlu,0.7,ds_onecoin,race,0.875,0.875,0.0,0.0,0.0,1.0,80,1.0,tie,zoo,uninformative,1.0
mmlu,0.7,aip_gated,race,0.875,0.6666666666666666,0.2083333333333334,0.16111111111111115,0.2583333333333334,1.0314471293484964e-10,80,9.406797819658288e-08,win,zoo,uninformative,1.0
mmlu,0.7,aip_soft,race,0.875,0.7097222222222221,0.1652777777777778,0.11805555555555558,0.21111111111111117,2.2657720235055253e-09,80,1.9938793806848624e-06,win,zoo,uninformative,1.0
arc,0.1,self,race,0.9724999999999999,0.9294444444444446,0.043055555555555555,0.011944444444444443,0.07472222222222222,0.0019874539655442953,80,0.5008383993171625,tie,llm,llm:always_wrong,
arc,0.1,majority,race,0.9724999999999999,0.9650000000000001,0.007499999999999998,-0.007500000000000002,0.02,0.10819132257744823,80,1.0,tie,llm,llm:always_wrong,
arc,0.1,ds_onecoin,race,0.9724999999999999,0.9675,0.004999999999999999,-0.01,0.017499999999999998,0.18732515509965508,80,1.0,tie,llm,llm:always_wrong,
arc,0.1,aip_gated,race,0.9724999999999999,0.9650000000000001,0.007499999999999998,-0.0075000000000000015,0.022499999999999996,0.10819132257744823,80,1.0,tie,llm,llm:always_wrong,
arc,0.1,aip_soft,race,0.9724999999999999,0.9663888888888887,0.006111111111111109,-0.011666666666666669,0.0225,0.10819132257744823,80,1.0,tie,llm,llm:always_wrong,
arc,0.1,self,race,0.9724999999999999,0.9294444444444446,0.043055555555555555,0.012500000000000002,0.0752847222222222,0.0019874539655442953,80,0.5008383993171625,tie,llm,llm:rushing,
arc,0.1,majority,race,0.9724999999999999,0.97,0.002499999999999998,-0.022500000000000003,0.019999999999999997,0.10819132257744823,80,1.0,tie,llm,llm:rushing,
arc,0.1,ds_onecoin,race,0.9724999999999999,0.9650000000000001,0.007499999999999998,-0.007500000000000002,0.0225,0.10819132257744823,80,1.0,tie,llm,llm:rushing,
arc,0.1,aip_gated,race,0.9724999999999999,0.9694444444444444,0.0030555555555555544,-0.020833333333333336,0.02,0.10819132257744823,80,1.0,tie,llm,llm:rushing,
arc,0.1,aip_soft,race,0.9724999999999999,0.9666666666666668,0.005833333333333333,-0.01,0.018611111111111106,0.1082059994393305,80,1.0,tie,llm,llm:rushing,
arc,0.1,self,race,0.9724999999999999,0.9294444444444446,0.043055555555555555,0.014166666666666666,0.07306249999999997,0.0019874539655442953,80,0.5008383993171625,tie,llm,llm:semantic_hallucination,
arc,0.1,majority,race,0.9724999999999999,0.9650000000000001,0.007499999999999998,-0.022500000000000003,0.0375,0.1854218947059597,80,1.0,tie,llm,llm:semantic_hallucination,
arc,0.1,ds_onecoin,race,0.9724999999999999,0.9650000000000001,0.007499999999999998,-0.007500000000000002,0.02,0.10819132257744823,80,1.0,tie,llm,llm:semantic_hallucination,
arc,0.1,aip_gated,race,0.9724999999999999,0.9697222222222223,0.0027777777777777775,-0.02111111111111111,0.01972222222222222,0.1082059994393305,80,1.0,tie,llm,llm:semantic_hallucination,
arc,0.1,aip_soft,race,0.9724999999999999,0.9669444444444444,0.005555555555555555,-0.011395833333333336,0.019444444444444445,0.10821333777415611,80,1.0,tie,llm,llm:semantic_hallucination,
arc,0.1,self,race,0.9724999999999999,0.9294444444444446,0.043055555555555555,0.01333333333333334,0.0738958333333333,0.0019874539655442953,80,0.5008383993171625,tie,llm,llm:semantic_negation,
arc,0.1,majority,race,0.9724999999999999,0.96,0.012499999999999999,-0.0075000000000000015,0.04,0.183518634410901,80,1.0,tie,llm,llm:semantic_negation,
arc,0.1,ds_onecoin,race,0.9724999999999999,0.9675,0.004999999999999999,-0.007562500000000001,0.019999999999999997,0.18732515509965508,80,1.0,tie,llm,llm:semantic_negation,
arc,0.1,aip_gated,race,0.9724999999999999,0.961111111111111,0.01138888888888889,-0.006388888888888888,0.0325,0.10591231919266325,80,1.0,tie,llm,llm:semantic_negation,
arc,0.1,aip_soft,race,0.9724999999999999,0.9636111111111113,0.008888888888888887,-0.0075000000000000015,0.024166666666666663,0.10819132257744823,80,1.0,tie,llm,llm:semantic_negation,
arc,0.3,self,race,0.97,0.93,0.04000000000000001,0.017142857142857147,0.06571428571428573,0.0015422453797877707,80,0.4037215365839124,tie,llm,llm:always_wrong,
arc,0.3,majority,race,0.97,0.96,0.01,-0.0024999999999999996,0.027500000000000004,0.3112290780285445,80,1.0,tie,llm,llm:always_wrong,
arc,0.3,ds_onecoin,race,0.97,0.9725000000000001,-0.0025000000000000014,-0.010000000000000004,0.004999999999999999,0.5538940370211425,80,1.0,tie,llm,llm:always_wrong,
arc,0.3,aip_gated,race,0.97,0.9739285714285714,-0.003928571428571429,-0.025,0.019294642857142812,0.6547712500280146,80,1.0,tie,llm,llm:always_wrong,
arc,0.3,aip_soft,race,0.97,0.9753571428571428,-0.005357142857142859,-0.020714285714285716,0.008214285714285712,0.6383047432095426,80,1.0,tie,llm,llm:always_wrong,
arc,0.3,self,race,0.9675,0.93,0.03750000000000001,0.01570535714285715,0.06250892857142853,0.0015782791364609926,80,0.40877429634339707,tie,llm,llm:rushing,
arc,0.3,majority,race,0.9675,0.95,0.017499999999999998,-0.015000000000000003,0.05750000000000001,0.4711116400971468,80,1.0,tie,llm,llm:rushing,
arc,0.3,ds_onecoin,race,0.9675,0.9724999999999999,-0.005,-0.0175,0.004999999999999999,0.5587931134723696,80,1.0,tie,llm,llm:rushing,
arc,0.3,aip_gated,race,0.9675,0.9650000000000001,0.0024999999999999996,-0.015,0.018571428571428572,0.42647177436946937,80,1.0,tie,llm,llm:rushing,
arc,0.3,aip_soft,race,0.9675,0.9664285714285714,0.0010714285714285732,-0.006785714285714282,0.01,0.6589153585170553,80,1.0,tie,llm,llm:rushing,
arc,0.3,self,race,0.9657142857142856,0.93,0.03571428571428572,0.014642857142857148,0.05929464285714282,0.0015783274922631914,80,0.40877429634339707,tie,llm,llm:semantic_hallucination,
arc,0.3,majority,race,0.9657142857142856,0.9650000000000001,0.0007142857142857124,-0.022142857142857148,0.027866071428571382,0.7275418370801761,80,1.0,tie,llm,llm:semantic_hallucination,
arc,0.3,ds_onecoin,race,0.9657142857142856,0.975,-0.00928571428571429,-0.02392857142857143,0.002857142857142854,0.17978044730877452,80,1.0,tie,llm,llm:semantic_hallucination,
arc,0.3,aip_gated,race,0.9657142857142856,0.9732142857142858,-0.0075,-0.0225,0.004285714285714284,0.4023878988539409,80,1.0,tie,llm,llm:semantic_hallucination,
arc,0.3,aip_soft,race,0.9657142857142856,0.9657142857142859,-6.938893903907229e-19,-0.014642857142857141,0.015,0.9915960726711819,80,1.0,tie,llm,llm:semantic_hallucination,
arc,0.3,self,race,0.9650000000000001,0.93,0.03500000000000001,0.015348214285714293,0.05786607142857139,0.0016149387408635782,80,0.413424317661076,tie,llm,llm:semantic_negation,
arc,0.3,majority,race,0.9650000000000001,0.9574999999999999,0.0075,-0.007499999999999997,0.0225,0.4082676835514507,80,1.0,tie,llm,llm:semantic_negation,
arc,0.3,ds_onecoin,race,0.9650000000000001,0.975,-0.01,-0.025,0.002499999999999998,0.17607802191557032,80,1.0,tie,llm,llm:semantic_negation,
arc,0.3,aip_gated,race,0.9650000000000001,0.962857142857143,0.0021428571428571434,-0.02035714285714286,0.024285714285714282,0.6589153585170553,80,1.0,tie,llm,llm:semantic_negation,
arc,0.3,aip_soft,race,0.9650000000000001,0.9625,0.002500000000000001,-0.015000000000000003,0.022500000000000003,0.9949184309227166,80,1.0,tie,llm,llm:semantic_negation,
arc,0.5,self,race,0.9549999999999998,0.9190000000000002,0.036,0.015999999999999997,0.056999999999999995,0.001544665969475481,80,0.4037215365839124,tie,llm,llm:always_wrong,
arc,0.5,majority,race,0.9549999999999998,0.8600000000000001,0.095,0.0424375,0.16,0.0035580739253258564,80,0.8713229685066958,tie,llm,llm:always_wrong,
arc,0.5,ds_onecoin,race,0.9549999999999998,0.95,0.005,0.0,0.0125,0.15730741684009697,80,1.0,tie,llm,llm:always_wrong,
arc,0.5,aip_gated,race,0.9549999999999998,0.7929999999999999,0.16199999999999998,0.0874875,0.242,0.00016978124837816494,80,0.04855743703615517,win,llm,llm:always_wrong,
arc,0.5,aip_soft,race,0.9549999999999998,0.7994999999999999,0.1555,0.078,0.23751249999999993,0.0004985759773878754,80,0.13511408987211423,tie,llm,llm:always_wrong,
arc,0.5,self,race,0.952,0.9190000000000002,0.032999999999999995,0.012999999999999998,0.055012499999999936,0.006480648721426641,80,1.0,tie,llm,llm:rushing,
arc,0.5,majority,race,0.952,0.8675,0.0845,0.020999999999999998,0.15150000000000002,0.004881456794978818,80,1.0,tie,llm,llm:rushing,
arc,0.5,ds_onecoin,race,0.952,0.95,0.001999999999999997,-0.011000000000000001,0.013499999999999995,0.1873360267440769,80,1.0,tie,llm,llm:rushing,
arc,0.5,aip_gated,race,0.952,0.9364999999999999,0.0155,-0.015500000000000003,0.04751249999999993,0.1020412242738863,80,1.0,tie,llm,llm:rushing,
arc,0.5,aip_soft,race,0.952,0.9365,0.015499999999999996,-0.011500000000000003,0.046,0.31546475551297937,80,1.0,tie,llm,llm:rushing,
arc,0.5,self,race,0.9524999999999999,0.9190000000000002,0.033499999999999995,0.012500000000000002,0.054012499999999936,0.006348822978453708,80,1.0,tie,llm,llm:semantic_hallucination,
arc,0.5,majority,race,0.9524999999999999,0.745,0.20750000000000002,0.12250000000000001,0.3,9.517065614440155e-05,80,0.028075343562598457,win,llm,llm:semantic_hallucination,
arc,0.5,ds_onecoin,race,0.9524999999999999,0.9574999999999999,-0.005,-0.015000000000000003,0.0,0.31731050786291415,80,1.0,tie,llm,llm:semantic_hallucination,
arc,0.5,aip_gated,race,0.9524999999999999,0.914,0.0385,0.004974999999999999,0.0785,0.011746968576182036,80,1.0,tie,llm,llm:semantic_hallucination,
arc,0.5,aip_soft,race,0.9524999999999999,0.914,0.0385,0.006,0.0785,0.019931926125308422,80,1.0,tie,llm,llm:semantic_hallucination,
arc,0.5,self,race,0.9574999999999999,0.9190000000000002,0.0385,0.016000000000000004,0.06551249999999993,0.006348971383502441,80,1.0,tie,llm,llm:semantic_negation,
arc,0.5,majority,race,0.9574999999999999,0.775,0.1825,0.10500000000000001,0.27249999999999996,5.1530241341507525e-05,80,0.01540754216111075,win,llm,llm:semantic_negation,
arc,0.5,ds_onecoin,race,0.9574999999999999,0.9550000000000001,0.0025,0.0,0.0075000000000000015,0.31731050786291415,80,1.0,tie,llm,llm:semantic_negation,
arc,0.5,aip_gated,race,0.9574999999999999,0.9305,0.027000000000000003,0.004499999999999999,0.058512499999999926,0.05502569898614547,80,1.0,tie,llm,llm:semantic_negation,
arc,0.5,aip_soft,race,0.9574999999999999,0.93,0.027500000000000004,0.005,0.057499999999999996,0.014326810850140903,80,1.0,tie,llm,llm:semantic_negation,
arc,0.7,self,race,0.9350000000000002,0.9091666666666665,0.025833333333333337,0.0033333333333333327,0.04916666666666667,0.0816823836969067,80,1.0,tie,llm,llm:always_wrong,
arc,0.7,majority,race,0.9350000000000002,0.43499999999999994,0.5,0.395,0.6074999999999999,1.842671598227677e-10,80,7.554953552733475e-08,win,llm,llm:always_wrong,
arc,0.7,ds_onecoin,race,0.9350000000000002,0.325,0.61,0.5,0.715,2.0659656900045614e-12,80,9.193547320520299e-10,win,llm,llm:always_wrong,
arc,0.7,aip_gated,race,0.9350000000000002,0.5041666666666667,0.43083333333333335,0.3225,0.5458333333333334,2.0116492434318322e-08,80,7.644267125040962e-06,win,llm,llm:always_wrong,
arc,0.7,aip_soft,race,0.9350000000000002,0.5041666666666667,0.43083333333333335,0.32416666666666666,0.5408541666666665,2.0116492434318322e-08,80,7.644267125040962e-06,win,llm,llm:always_wrong,
arc,0.7,self,race,0.9416666666666668,0.9091666666666665,0.03250000000000001,0.008333333333333337,0.06,0.02746928482523381,80,1.0,tie,llm,llm:rushing,
arc,0.7,majority,race,0.9416666666666668,0.2875,0.6541666666666666,0.5441666666666667,0.7641874999999999,1.331871877367362e-12,80,5.953467291832108e-10,win,llm,llm:rushing,
arc,0.7,ds_onecoin,race,0.9416666666666668,0.275,0.6666666666666666,0.5599999999999999,0.7716666666666666,7.296780753998755e-13,80,3.2762545585454406e-10,win,llm,llm:rushing,
arc,0.7,aip_gated,race,0.9416666666666668,0.6858333333333333,0.2558333333333333,0.15833333333333335,0.3525416666666665,1.685668828017799e-05,80,0.005208716678574999,win,llm,llm:rushing,
arc,0.7,aip_soft,race,0.9416666666666668,0.6858333333333333,0.2558333333333333,0.15750000000000003,0.35666666666666663,1.685668828017799e-05,80,0.005208716678574999,win,llm,llm:rushing,
arc,0.7,self,race,0.9349999999999999,0.9091666666666665,0.025833333333333337,0.006666666666666668,0.0475,0.038924374389268934,80,1.0,tie,llm,llm:semantic_hallucination,
arc,0.7,majority,race,0.9349999999999999,0.225,0.71,0.5999375,0.8150000000000001,1.1328332578499037e-13,80,5.199704653531058e-11,win,llm,llm:semantic_hallucination,
arc,0.7,ds_onecoin,race,0.9349999999999999,0.2125,0.7224999999999999,0.6174999999999999,0.82,6.882117886849467e-14,80,3.2070669352718515e-11,win,llm,llm:semantic_hallucination,
arc,0.7,aip_gated,race,0.9349999999999999,0.7366666666666666,0.19833333333333333,0.1133125,0.2916874999999999,3.0390087144601602e-05,80,0.009177806317669684,win,llm,llm:semantic_hallucination,
arc,0.7,aip_soft,race,0.9349999999999999,0.7391666666666666,0.19583333333333336,0.10750000000000001,0.2833333333333333,5.010257508081148e-05,80,0.015030772524243443,win,llm,llm:semantic_hallucination,
arc,0.7,self,race,0.95,0.9091666666666665,0.04083333333333334,0.012500000000000002,0.07083333333333333,0.007769507725717601,80,1.0,tie,llm,llm:semantic_negation,
arc,0.7,majority,race,0.95,0.2725,0.6775,0.5724375,0.7700624999999997,1.9721823001499582e-13,80,8.933985819679311e-11,win,llm,llm:semantic_negation,
arc,0.7,ds_onecoin,race,0.95,0.2625,0.6875,0.5875,0.7825624999999996,7.615700943444043e-14,80,3.533685237758036e-11,win,llm,llm:semantic_negation,
arc,0.7,aip_gated,race,0.95,0.6816666666666666,0.26833333333333337,0.17414583333333333,0.36833333333333335,5.324040922773604e-06,80,0.0017303132999014212,win,llm,llm:semantic_negation,
arc,0.7,aip_soft,race,0.95,0.6816666666666666,0.26833333333333337,0.175,0.3658541666666666,5.324040922773604e-06,80,0.0017303132999014212,win,llm,llm:semantic_negation,
boolq,0.1,self,race,0.9275,0.8980555555555554,0.02944444444444445,0.0027777777777777883,0.056944444444444464,0.010239121795688403,80,1.0,tie,llm,llm:always_wrong,
boolq,0.1,majority,race,0.9275,0.9275,-1.3877787807814458e-18,-0.01,0.009999999999999998,0.979675578630191,80,1.0,tie,llm,llm:always_wrong,
boolq,0.1,ds_onecoin,race,0.9275,0.9275,-1.3877787807814458e-18,-0.015,0.012499999999999997,0.6797837217167827,80,1.0,tie,llm,llm:always_wrong,
boolq,0.1,aip_gated,race,0.9275,0.9275,-1.3877787807814458e-18,-0.01,0.009999999999999998,0.979675578630191,80,1.0,tie,llm,llm:always_wrong,
boolq,0.1,aip_soft,race,0.9275,0.9275,-1.3877787807814458e-18,-0.01,0.009999999999999998,0.979675578630191,80,1.0,tie,llm,llm:always_wrong,
boolq,0.1,self,race,0.9302777777777778,0.8980555555555554,0.03222222222222223,0.0061111111111111244,0.060277777777777784,0.00835900046322091,80,1.0,tie,llm,llm:rushing,
boolq,0.1,majority,race,0.9302777777777778,0.9175000000000001,0.01277777777777778,-0.004722222222222223,0.03805555555555555,0.31428697118104354,80,1.0,tie,llm,llm:rushing,
boolq,0.1,ds_onecoin,race,0.9302777777777778,0.9275,0.002777777777777776,-0.0072222222222222245,0.014999999999999996,0.6547632929649556,80,1.0,tie,llm,llm:rushing,
boolq,0.1,aip_gated,race,0.9302777777777778,0.9275,0.002777777777777776,-0.005000000000000001,0.01083333333333333,0.326690295803741,80,1.0,tie,llm,llm:rushing,
boolq,0.1,aip_soft,race,0.9302777777777778,0.9275,0.002777777777777776,-0.005,0.010555555555555552,0.326690295803741,80,1.0,tie,llm,llm:rushing,
boolq,0.1,self,race,0.9275,0.8980555555555554,0.02944444444444445,0.001111111111111119,0.057222222222222244,0.010239121795688403,80,1.0,tie,llm,llm:semantic_hallucination,
boolq,0.1,majority,race,0.9275,0.9275,-1.3877787807814458e-18,-0.027500000000000004,0.019999999999999997,0.326690295803741,80,1.0,tie,llm,llm:semantic_hallucination,
boolq,0.1,ds_onecoin,race,0.9275,0.9275,-1.3877787807814458e-18,-0.015,0.012499999999999997,0.6797837217167827,80,1.0,tie,llm,llm:semantic_hallucination,
boolq,0.1,aip_gated,race,0.9275,0.9275,-1.3877787807814458e-18,-0.01,0.009999999999999998,0.979675578630191,80,1.0,tie,llm,llm:semantic_hallucination,
boolq,0.1,aip_soft,race,0.9275,0.9275,-1.3877787807814458e-18,-0.01,0.009999999999999998,0.979675578630191,80,1.0,tie,llm,llm:semantic_hallucination,
boolq,0.1,self,race,0.9275,0.8980555555555554,0.02944444444444445,0.0011111111111111196,0.057777777777777796,0.010239121795688403,80,1.0,tie,llm,llm:semantic_negation,
boolq,0.1,majority,race,0.9275,0.9199999999999999,0.0075,-0.01,0.034999999999999996,1.0,80,1.0,tie,llm,llm:semantic_negation,
boolq,0.1,ds_onecoin,race,0.9275,0.9275,-1.3877787807814458e-18,-0.015,0.012499999999999997,0.6797837217167827,80,1.0,tie,llm,llm:semantic_negation,
boolq,0.1,aip_gated,race,0.9275,0.9275,-1.3877787807814458e-18,-0.01,0.009999999999999998,0.979675578630191,80,1.0,tie,llm,llm:semantic_negation,
boolq,0.1,aip_soft,race,0.9275,0.9275,-1.3877787807814458e-18,-0.01,0.009999999999999998,0.979675578630191,80,1.0,tie,llm,llm:semantic_negation,
boolq,0.3,self,race,0.9178571428571429,0.895357142857143,0.022500000000000013,0.002133928571428575,0.04392857142857144,0.009255844196961217,80,1.0,tie,llm,llm:always_wrong,
boolq,0.3,majority,race,0.9178571428571429,0.925,-0.007142857142857145,-0.02142857142857143,0.005357142857142854,0.25289793656872084,80,1.0,tie,llm,llm:always_wrong,
boolq,0.3,ds_onecoin,race,0.9178571428571429,0.9225,-0.004642857142857145,-0.015357142857142857,0.004285714285714283,0.6383047432095426,80,1.0,tie,llm,llm:always_wrong,
boolq,0.3,aip_gated,race,0.9178571428571429,0.925,-0.007142857142857145,-0.019285714285714288,0.0028571428571428554,0.179784023399715,80,1.0,tie,llm,llm:always_wrong,
boolq,0.3,aip_soft,race,0.9178571428571429,0.9225000000000001,-0.004642857142857144,-0.01142857142857143,0.00035714285714285725,0.3082006241536853,80,1.0,tie,llm,llm:always_wrong,
boolq,0.3,self,race,0.9175000000000001,0.895357142857143,0.02214285714285715,-0.0025089285714285686,0.04500892857142854,0.026862792183500118,80,1.0,tie,llm,llm:rushing,
boolq,0.3,majority,race,0.9175000000000001,0.9024999999999999,0.015,-0.015000000000000003,0.05,0.22479228720124167,80,1.0,tie,llm,llm:rushing,
boolq,0.3,ds_onecoin,race,0.9175000000000001,0.9275,-0.010000000000000002,-0.03,0.004999999999999998,0.3906452464173048,80,1.0,tie,llm,llm:rushing,
boolq,0.3,aip_gated,race,0.9175000000000001,0.9099999999999999,0.007499999999999998,-0.02,0.034999999999999996,0.2695457912755548,80,1.0,tie,llm,llm:rushing,
boolq,0.3,aip_soft,race,0.9175000000000001,0.9232142857142858,-0.005714285714285715,-0.023214285714285715,0.007142857142857145,0.9796757846874236,80,1.0,tie,llm,llm:rushing,
boolq,0.3,self,race,0.9221428571428572,0.895357142857143,0.026785714285714295,0.005357142857142863,0.049642857142857155,0.008436434035669649,80,1.0,tie,llm,llm:semantic_hallucination,
boolq,0.3,majority,race,0.9221428571428572,0.9199999999999999,0.0021428571428571434,-0.03321428571428571,0.03785714285714285,0.500021047466892,80,1.0,tie,llm,llm:semantic_hallucination,
boolq,0.3,ds_onecoin,race,0.9221428571428572,0.9225,-0.00035714285714285725,-0.010714285714285714,0.009285714285714286,1.0,80,1.0,tie,llm,llm:semantic_hallucination,
boolq,0.3,aip_gated,race,0.9221428571428572,0.9225000000000001,-0.0003571428571428559,-0.01822321428571428,0.016071428571428573,0.9957980071993631,80,1.0,tie,llm,llm:semantic_hallucination,
boolq,0.3,aip_soft,race,0.9221428571428572,0.9225000000000001,-0.0003571428571428569,-0.006785714285714286,0.006071428571428573,0.5736366280193503,80,1.0,tie,llm,llm:semantic_hallucination,
boolq,0.3,self,race,0.9207142857142857,0.895357142857143,0.025357142857142866,0.003928571428571436,0.048571428571428585,0.007755382471206221,80,1.0,tie,llm,llm:semantic_negation,
boolq,0.3,majority,race,0.9207142857142857,0.9225,-0.0017857142857142876,-0.015366071428571429,0.010714285714285713,0.6630725640086028,80,1.0,tie,llm,llm:semantic_negation,
boolq,0.3,ds_onecoin,race,0.9207142857142857,0.9225,-0.0017857142857142863,-0.012857142857142855,0.007499999999999998,0.9949184309227166,80,1.0,tie,llm,llm:semantic_negation,
boolq,0.3,aip_gated,race,0.9207142857142857,0.9199999999999999,0.0007142857142857135,-0.005357142857142857,0.007142857142857141,0.9949184309227166,80,1.0,tie,llm,llm:semantic_negation,
boolq,0.3,aip_soft,race,0.9207142857142857,0.9225000000000001,-0.0017857142857142859,-0.005714285714285715,0.0007142857142857145,0.5587931134723696,80,1.0,tie,llm,llm:semantic_negation,
boolq,0.5,self,race,0.9075,0.8819999999999999,0.025499999999999995,0.0024999999999999988,0.049999999999999996,0.06854829012476682,80,1.0,tie,llm,llm:always_wrong,
boolq,0.5,majority,race,0.9075,0.7725,0.135,0.036000000000000004,0.23201249999999993,0.018477034838499405,80,1.0,tie,llm,llm:always_wrong,
boolq,0.5,ds_onecoin,race,0.9075,0.8975000000000002,0.01,-0.004999999999999998,0.026512499999999935,0.25287508369786726,80,1.0,tie,llm,llm:always_wrong,
boolq,0.5,aip_gated,race,0.9075,0.8785000000000001,0.029000000000000005,-0.020012500000000003,0.08301249999999993,0.7177248246796613,80,1.0,tie,llm,llm:always_wrong,
boolq,0.5,aip_soft,race,0.9075,0.905,0.002500000000000004,-0.0074999999999999945,0.015500000000000003,0.5273517792906178,80,1.0,tie,llm,llm:always_wrong,
boolq,0.5,self,race,0.9105000000000001,0.8819999999999999,0.028499999999999998,-0.003000000000000004,0.058499999999999996,0.027082086203325306,80,1.0,tie,llm,llm:rushing,
boolq,0.5,majority,race,0.9105000000000001,0.6825,0.22800000000000004,0.12148749999999998,0.33599999999999997,0.0002362086092406669,80,0.06661082780586806,tie,llm,llm:rushing,
boolq,0.5,ds_onecoin,race,0.9105000000000001,0.9225,-0.012000000000000002,-0.047,0.013500000000000002,0.679793660815617,80,1.0,tie,llm,llm:rushing,
boolq,0.5,aip_gated,race,0.9105000000000001,0.8080000000000002,0.1025,0.027500000000000004,0.18,0.056501019857190776,80,1.0,tie,llm,llm:rushing,
boolq,0.5,aip_soft,race,0.9105000000000001,0.9109999999999999,-0.000499999999999999,-0.018512499999999998,0.017000000000000005,0.7201868059492569,80,1.0,tie,llm,llm:rushing,
boolq,0.5,self,race,0.9145,0.8819999999999999,0.032499999999999994,0.008499999999999999,0.057512499999999925,0.020804097153991882,80,1.0,tie,llm,llm:semantic_hallucination,
boolq,0.5,majority,race,0.9145,0.67,0.2445,0.1294875,0.3640124999999999,0.0006502253092150687,80,0.1729599322512083,tie,llm,llm:semantic_hallucination,
boolq,0.5,ds_onecoin,race,0.9145,0.9,0.014499999999999994,-0.005500000000000006,0.03449999999999999,0.09366715133203472,80,1.0,tie,llm,llm:semantic_hallucination,
boolq,0.5,aip_gated,race,0.9145,0.8795,0.035,-0.017,0.0935,0.7053733925490129,80,1.0,tie,llm,llm:semantic_hallucination,
boolq,0.5,aip_soft,race,0.9145,0.8979999999999999,0.016499999999999994,0.000999999999999998,0.033499999999999995,0.08427175195245162,80,1.0,tie,llm,llm:semantic_hallucination,
boolq,0.5,self,race,0.9115,0.8819999999999999,0.0295,0.0074999999999999945,0.05349999999999999,0.022241499143384823,80,1.0,tie,llm,llm:semantic_negation,
boolq,0.5,majority,race,0.9115,0.7849999999999999,0.1265,0.0595,0.20701249999999996,0.0022876580802309123,80,0.5673392038972662,tie,llm,llm:semantic_negation,
boolq,0.5,ds_onecoin,race,0.9115,0.905,0.006499999999999997,-0.010000000000000002,0.02699999999999999,0.4912334195138217,80,1.0,tie,llm,llm:semantic_negation,
boolq,0.5,aip_gated,race,0.9115,0.8400000000000001,0.07150000000000001,0.02450000000000001,0.12601249999999997,2.9760880102870796e-05,80,0.009017546671169852,win,llm,llm:semantic_negation,
boolq,0.5,aip_soft,race,0.9115,0.909,0.002500000000000001,-0.006499999999999999,0.0125,0.6506377505089364,80,1.0,tie,llm,llm:semantic_negation,
boolq,0.7,self,race,0.9075,0.8883333333333333,0.019166666666666672,0.002500000000000003,0.03583333333333334,0.045570965669732066,80,1.0,tie,llm,llm:always_wrong,
boolq,0.7,majority,race,0.9075,0.6025,0.305,0.1875,0.425,2.167675836145264e-05,80,0.006611411300243055,win,llm,llm:always_wrong,
boolq,0.7,ds_onecoin,race,0.9075,0.45,0.4574999999999999,0.3275,0.5825624999999995,6.132629076989372e-08,80,2.275205387563057e-05,win,llm,llm:always_wrong,
boolq,0.7,aip_gated,race,0.9075,0.5916666666666667,0.3158333333333333,0.1933125,0.43499999999999994,1.578427133209956e-05,80,0.0048931241129508635,win,llm,llm:always_wrong,
boolq,0.7,aip_soft,race,0.9075,0.8841666666666667,0.023333333333333345,0.009166666666666674,0.03666666666666668,0.0018633636076601486,80,0.4714309927380176,tie,llm,llm:always_wrong,
boolq,0.7,self,race,0.9199999999999999,0.8883333333333333,0.03166666666666667,0.005000000000000003,0.058333333333333334,0.01041516557239896,80,1.0,tie,llm,llm:rushing,
boolq,0.7,majority,race,0.9199999999999999,0.4425,0.47750000000000004,0.34833333333333333,0.5991875,1.1120376452046438e-08,80,4.2479838046817395e-06,win,llm,llm:rushing,
boolq,0.7,ds_onecoin,race,0.9199999999999999,0.425,0.49499999999999994,0.36583333333333334,0.6158333333333333,4.762252926877941e-09,80,1.8287051239211295e-06,win,llm,llm:rushing,
boolq,0.7,aip_gated,race,0.9199999999999999,0.44749999999999995,0.4725,0.33916666666666667,0.5974999999999999,2.9400584961612384e-08,80,1.1025219360604644e-05,win,llm,llm:rushing,
boolq,0.7,aip_soft,race,0.9199999999999999,0.9083333333333334,0.011666666666666669,-0.009999999999999995,0.03250000000000001,0.024488247831505505,80,1.0,tie,llm,llm:rushing,
boolq,0.7,self,race,0.9075,0.8883333333333333,0.019166666666666672,0.0025000000000000113,0.03666666666666667,0.045570965669732066,80,1.0,tie,llm,llm:semantic_hallucination,
boolq,0.7,majority,race,0.9075,0.5825,0.325,0.195,0.45,2.261646041415976e-05,80,0.006875403965904568,win,llm,llm:semantic_hallucination,
boolq,0.7,ds_onecoin,race,0.9075,0.4625,0.445,0.30243749999999997,0.5825,2.462064038886078e-07,80,8.937292461156464e-05,win,llm,llm:semantic_hallucination,
boolq,0.7,aip_gated,race,0.9075,0.5766666666666668,0.3308333333333333,0.20666666666666664,0.4541874999999999,1.1237005480334476e-05,80,0.003517182715344691,win,llm,llm:semantic_hallucination,
boolq,0.7,aip_soft,race,0.9075,0.8724999999999999,0.03500000000000002,0.010833333333333344,0.06166666666666667,0.0006750802940349176,80,0.17822119762521824,tie,llm,llm:semantic_hallucination,
boolq,0.7,self,race,0.9066666666666666,0.8883333333333333,0.018333333333333337,0.000833333333333338,0.035833333333333335,0.07907735697410295,80,1.0,tie,llm,llm:semantic_negation,
boolq,0.7,majority,race,0.9066666666666666,0.645,0.26166666666666666,0.15416666666666667,0.37170833333333314,4.3012359637390595e-05,80,0.01294672025085457,win,llm,llm:semantic_negation,
boolq,0.7,ds_onecoin,race,0.9066666666666666,0.5,0.4066666666666666,0.2883333333333334,0.5200208333333333,8.300847119678842e-08,80,3.071313434281172e-05,win,llm,llm:semantic_negation,
boolq,0.7,aip_gated,race,0.9066666666666666,0.6325000000000001,0.2741666666666667,0.17416666666666666,0.38,1.7267993203764318e-05,80,0.005301273913555646,win,llm,llm:semantic_negation,
boolq,0.7,aip_soft,race,0.9066666666666666,0.9066666666666666,2.7755575615628915e-18,-0.0074999999999999945,0.005833333333333338,0.4768282453318232,80,1.0,tie,llm,llm:semantic_negation,
gsm8k,0.1,self,race,0.978,0.9333333333333332,0.04466666666666669,0.033330555555555565,0.05644444444444446,1.1646002624082835e-13,200,5.333869201829939e-11,win,llm,llm:always_wrong,
gsm8k,0.1,majority,race,0.978,0.977,0.0010000000000000002,-0.0019999999999999996,0.005,0.5617474804445645,200,1.0,tie,llm,llm:always_wrong,
gsm8k,0.1,ds_onecoin,race,0.978,0.977,0.0010000000000000002,-0.0019999999999999996,0.005,0.5617474804445645,200,1.0,tie,llm,llm:always_wrong,
gsm8k,0.1,aip_gated,race,0.978,0.9767777777777777,0.0012222222222222228,-0.0019999999999999996,0.005222222222222224,0.55979375671854,200,1.0,tie,llm,llm:always_wrong,
gsm8k,0.1,aip_soft,race,0.978,0.9767777777777777,0.0012222222222222228,-0.0019999999999999996,0.005444444444444445,0.55979375671854,200,1.0,tie,llm,llm:always_wrong,
gsm8k,0.1,self,race,0.9795555555555555,0.9333333333333332,0.046222222222222234,0.03422222222222224,0.05933333333333334,1.1646659722107147e-13,200,5.333869201829939e-11,win,llm,llm:rushing,
gsm8k,0.1,majority,race,0.9795555555555555,0.971,0.008555555555555556,0.0009999999999999998,0.01822222222222222,0.0455036895506482,200,1.0,tie,llm,llm:rushing,
gsm8k,0.1,ds_onecoin,race,0.9795555555555555,0.978,0.001555555555555555,-0.000888888888888889,0.004999999999999999,0.5597929307150917,200,1.0,tie,llm,llm:rushing,
gsm8k,0.1,aip_gated,race,0.9795555555555555,0.9766666666666667,0.002888888888888889,-0.000888888888888889,0.008444444444444444,0.55979375671854,200,1.0,tie,llm,llm:rushing,
gsm8k,0.1,aip_soft,race,0.9795555555555555,0.9766666666666667,0.002888888888888889,-0.000888888888888889,0.008222222222222223,0.55979375671854,200,1.0,tie,llm,llm:rushing,
gsm8k,0.1,self,race,0.978,0.9333333333333332,0.04466666666666669,0.03377500000000001,0.05744722222222221,1.1646002624082835e-13,200,5.333869201829939e-11,win,llm,llm:semantic_hallucination,
gsm8k,0.1,majority,race,0.978,0.977,0.0010000000000000002,-0.0019999999999999996,0.004999999999999999,0.5617474804445645,200,1.0,tie,llm,llm:semantic_hallucination,
gsm8k,0.1,ds_onecoin,race,0.978,0.977,0.0010000000000000002,-0.0019999999999999996,0.004999999999999999,0.5617474804445645,200,1.0,tie,llm,llm:semantic_hallucination,
gsm8k,0.1,aip_gated,race,0.978,0.9767777777777777,0.0012222222222222228,-0.0019999999999999996,0.005222222222222224,0.55979375671854,200,1.0,tie,llm,llm:semantic_hallucination,
gsm8k,0.1,aip_soft,race,0.978,0.9767777777777777,0.0012222222222222228,-0.0019999999999999996,0.005005555555555527,0.55979375671854,200,1.0,tie,llm,llm:semantic_hallucination,
gsm8k,0.1,self,race,0.978,0.9333333333333332,0.04466666666666669,0.03366666666666667,0.05689166666666667,1.1646002624082835e-13,200,5.333869201829939e-11,win,llm,llm:semantic_negation,
gsm8k,0.1,majority,race,0.978,0.977,0.0010000000000000002,-0.0019999999999999996,0.004000000000000001,0.5617474804445645,200,1.0,tie,llm,llm:semantic_negation,
gsm8k,0.1,ds_onecoin,race,0.978,0.977,0.0010000000000000002,-0.0019999999999999996,0.004999999999999999,0.5617474804445645,200,1.0,tie,llm,llm:semantic_negation,
gsm8k,0.1,aip_gated,race,0.978,0.9767777777777777,0.0012222222222222228,-0.0019999999999999996,0.005222222222222224,0.55979375671854,200,1.0,tie,llm,llm:semantic_negation,
gsm8k,0.1,aip_soft,race,0.978,0.9767777777777777,0.0012222222222222228,-0.0019999999999999996,0.005444444444444445,0.55979375671854,200,1.0,tie,llm,llm:semantic_negation,
gsm8k,0.3,self,race,0.977,0.9308571428571429,0.04614285714285716,0.034714285714285725,0.05871428571428572,1.0432330560569559e-13,200,4.830169049543706e-11,win,llm,llm:always_wrong,
gsm8k,0.3,majority,race,0.977,0.976,0.0009999999999999998,0.0,0.002999999999999999,0.31731050786291415,200,1.0,tie,llm,llm:always_wrong,
gsm8k,0.3,ds_onecoin,race,0.977,0.9740000000000001,0.003,0.0,0.008,0.1573005107696258,200,1.0,tie,llm,llm:always_wrong,
gsm8k,0.3,aip_gated,race,0.977,0.968,0.008999999999999998,0.002999999999999999,0.015999999999999997,0.004678671711575749,200,1.0,tie,llm,llm:always_wrong,
gsm8k,0.3,aip_soft,race,0.977,0.9740000000000001,0.003,0.0,0.008,0.1573005107696258,200,1.0,tie,llm,llm:always_wrong,
gsm8k,0.3,self,race,0.978,0.9308571428571429,0.04714285714285715,0.035425000000000005,0.05957142857142858,1.0515856331829687e-13,200,4.837293912641656e-11,win,llm,llm:rushing,
gsm8k,0.3,majority,race,0.978,0.956,0.022000000000000002,0.006999999999999998,0.040024999999999866,0.0077887367367984696,200,1.0,tie,llm,llm:rushing,
gsm8k,0.3,ds_onecoin,race,0.978,0.976,0.0019999999999999996,-0.0020000000000000013,0.006999999999999999,0.5637061438484885,200,1.0,tie,llm,llm:rushing,
gsm8k,0.3,aip_gated,race,0.978,0.9745714285714285,0.003428571428571428,-0.003014285714285715,0.011285714285714286,0.18119123976052898,200,1.0,tie,llm,llm:rushing,
gsm8k,0.3,aip_soft,race,0.978,0.976,0.0020000000000000005,-0.0035785714285714275,0.008571428571428574,0.3185387153411545,200,1.0,tie,llm,llm:rushing,
gsm8k,0.3,self,race,0.977,0.9308571428571429,0.04614285714285716,0.034853571428571435,0.058428571428571434,1.0432330560569559e-13,200,4.830169049543706e-11,win,llm,llm:semantic_hallucination,
gsm8k,0.3,majority,race,0.977,0.973,0.004,0.0,0.01,0.15729920705028516,200,1.0,tie,llm,llm:semantic_hallucination,
gsm8k,0.3,ds_onecoin,race,0.977,0.9740000000000001,0.003,0.0,0.008,0.1573005107696258,200,1.0,tie,llm,llm:semantic_hallucination,
gsm8k,0.3,aip_gated,race,0.977,0.9724285714285714,0.004571428571428571,0.0002857142857142858,0.010428571428571428,0.045503346982774265,200,1.0,tie,llm,llm:semantic_hallucination,
gsm8k,0.3,aip_soft,race,0.977,0.9735714285714286,0.0034285714285714284,0.0,0.009285714285714286,0.1573005107696258,200,1.0,tie,llm,llm:semantic_hallucination,
gsm8k,0.3,self,race,0.977,0.9308571428571429,0.04614285714285716,0.034857142857142864,0.058574999999999995,1.0432330560569559e-13,200,4.830169049543706e-11,win,llm,llm:semantic_negation,
gsm8k,0.3,majority,race,0.977,0.9740000000000001,0.003,0.0,0.008,0.1573005107696258,200,1.0,tie,llm,llm:semantic_negation,
gsm8k,0.3,ds_onecoin,race,0.977,0.9740000000000001,0.003,0.0,0.008,0.1573005107696258,200,1.0,tie,llm,llm:semantic_negation,
gsm8k,0.3,aip_gated,race,0.977,0.9735714285714286,0.0034285714285714284,0.0,0.009285714285714286,0.1573005107696258,200,1.0,tie,llm,llm:semantic_negation,
gsm8k,0.3,aip_soft,race,0.977,0.9735714285714286,0.0034285714285714284,0.0,0.009714285714285715,0.1573005107696258,200,1.0,tie,llm,llm:semantic_negation,
gsm8k,0.5,self,race,0.9736,0.9338,0.039799999999999974,0.02979999999999998,0.05019999999999997,2.6846017996302733e-13,200,1.2107554116332533e-10,win,llm,llm:always_wrong,
gsm8k,0.5,majority,race,0.9736,0.899,0.07459999999999999,0.0426,0.1082,3.2360989069722336e-06,200,0.0010614404414868927,win,llm,llm:always_wrong,
gsm8k,0.5,ds_onecoin,race,0.9736,0.9689999999999999,0.004599999999999999,-5.551115123125783e-19,0.009999999999999998,0.06008743341062798,200,1.0,tie,llm,llm:always_wrong,
gsm8k,0.5,aip_gated,race,0.9736,0.9386,0.034999999999999996,0.019389999999999998,0.0518,7.367286229957203e-06,200,0.002328062448666476,win,llm,llm:always_wrong,
gsm8k,0.5,aip_soft,race,0.9736,0.9401999999999999,0.03339999999999999,0.019399999999999997,0.049,7.438745856246526e-06,200,0.002343204944717656,win,llm,llm:always_wrong,
gsm8k,0.5,self,race,0.9732000000000001,0.9338,0.03939999999999998,0.029399999999999978,0.04959999999999997,8.030084117312032e-13,200,3.5974776845557906e-10,win,llm,llm:rushing,
gsm8k,0.5,majority,race,0.9732000000000001,0.8360000000000001,0.13720000000000002,0.09620000000000001,0.1844149999999999,9.556378633573968e-12,200,4.176137462871824e-09,win,llm,llm:rushing,
gsm8k,0.5,ds_onecoin,race,0.9732000000000001,0.976,-0.002799999999999999,-0.006799999999999998,0.00020000000000000017,0.31367194226064665,200,1.0,tie,llm,llm:rushing,
gsm8k,0.5,aip_gated,race,0.9732000000000001,0.9666,0.006600000000000002,-0.0015999999999999992,0.0174,0.15732406722657055,200,1.0,tie,llm,llm:rushing,
gsm8k,0.5,aip_soft,race,0.9732000000000001,0.9728,0.0004000000000000009,-0.004199999999999998,0.0054,0.7083229490909713,200,1.0,tie,llm,llm:rushing,
gsm8k,0.5,self,race,0.9728,0.9338,0.03899999999999998,0.028999999999999977,0.04999999999999996,2.0419729858712702e-12,200,9.107199516985866e-10,win,llm,llm:semantic_hallucination,
gsm8k,0.5,majority,race,0.9728,0.904,0.0688,0.041399999999999985,0.09740999999999993,1.1054705601056259e-07,200,4.068131661188703e-05,win,llm,llm:semantic_hallucination,
gsm8k,0.5,ds_onecoin,race,0.9728,0.968,0.0048,-0.0008000000000000007,0.0124,0.1033550287596556,200,1.0,tie,llm,llm:semantic_hallucination,
gsm8k,0.5,aip_gated,race,0.9728,0.9562,0.0166,0.005600000000000001,0.03,0.003897965137134647,200,0.9472055283237193,tie,llm,llm:semantic_hallucination,
gsm8k,0.5,aip_soft,race,0.9728,0.9618000000000001,0.011000000000000001,0.003,0.0208,0.006756460682486886,200,1.0,tie,llm,llm:semantic_hallucination,
gsm8k,0.5,self,race,0.9741999999999998,0.9338,0.04039999999999997,0.03039999999999998,0.05039999999999997,2.6542897645002497e-13,200,1.1997389735541128e-10,win,llm,llm:semantic_negation,
gsm8k,0.5,majority,race,0.9741999999999998,0.705,0.2692,0.212795,0.32620000000000005,2.7107950865928102e-17,200,1.2794952808718064e-14,win,llm,llm:semantic_negation,
gsm8k,0.5,ds_onecoin,race,0.9741999999999998,0.973,0.0012,-0.0020000000000000005,0.0044,0.319760781865578,200,1.0,tie,llm,llm:semantic_negation,
gsm8k,0.5,aip_gated,race,0.9741999999999998,0.971,0.0032000000000000006,-0.0010000000000000002,0.007800000000000002,0.05956840116706581,200,1.0,tie,llm,llm:semantic_negation,
gsm8k,0.5,aip_soft,race,0.9741999999999998,0.971,0.0032000000000000006,-0.0008000000000000007,0.0072049999999999744,0.05956840116706581,200,1.0,tie,llm,llm:semantic_negation,
gsm8k,0.7,self,race,0.9326666666666666,0.9296666666666666,0.0030000000000000226,-0.004666666666666639,0.011000000000000018,0.2208183539433427,200,1.0,tie,llm,llm:always_wrong,
gsm8k,0.7,majority,race,0.9326666666666666,0.331,0.6016666666666667,0.5369916666666666,0.673025,1.9218060991459845e-25,200,9.090142848960507e-23,win,llm,llm:always_wrong,
gsm8k,0.7,ds_onecoin,race,0.9326666666666666,0.05,0.8826666666666667,0.8419916666666666,0.9206666666666666,9.952834656444505e-38,200,4.737549296467584e-35,win,llm,llm:always_wrong,
gsm8k,0.7,aip_gated,race,0.9326666666666666,0.9103333333333333,0.022333333333333334,0.01,0.037000000000000005,0.0003122629520832939,200,0.08712136363123898,tie,llm,llm:always_wrong,
gsm8k,0.7,aip_soft,race,0.9326666666666666,0.9146666666666667,0.018000000000000002,0.006000000000000001,0.032,0.004680378172028191,200,1.0,tie,llm,llm:always_wrong,
gsm8k,0.7,self,race,0.971,0.9296666666666666,0.04133333333333335,0.030991666666666674,0.05233333333333334,4.413782088179591e-12,200,1.9597192471517385e-09,win,llm,llm:rushing,
gsm8k,0.7,majority,race,0.971,0.21,0.7609999999999999,0.6980000000000001,0.8220000000000001,1.7188676938187568e-34,200,8.147432868700908e-32,win,llm,llm:rushing,
gsm8k,0.7,ds_onecoin,race,0.971,0.2,0.7709999999999999,0.707975,0.8270249999999999,9.456728274090319e-35,200,4.4919459301929014e-32,win,llm,llm:rushing,
gsm8k,0.7,aip_gated,race,0.971,0.9626666666666667,0.008333333333333333,0.0009999999999999998,0.01633333333333333,0.032866754420632464,200,1.0,tie,llm,llm:rushing,
gsm8k,0.7,aip_soft,race,0.971,0.9633333333333333,0.007666666666666666,0.0006666666666666676,0.015666666666666666,0.032866671087104976,200,1.0,tie,llm,llm:rushing,
gsm8k,0.7,self,race,0.9690000000000001,0.9296666666666666,0.03933333333333335,0.028000000000000014,0.05167499999999997,5.875764719137153e-11,200,2.4619454173184673e-08,win,llm,llm:semantic_hallucination,
gsm8k,0.7,majority,race,0.9690000000000001,0.075,0.894,0.8519749999999999,0.9329999999999999,2.9280282764096436e-40,200,1.3966694878474e-37,win,llm,llm:semantic_hallucination,
gsm8k,0.7,ds_onecoin,race,0.9690000000000001,0.055,0.914,0.872,0.9520000000000001,4.776157850011233e-41,200,2.2830034523053693e-38,win,llm,llm:semantic_hallucination,
gsm8k,0.7,aip_gated,race,0.9690000000000001,0.9286666666666668,0.040333333333333325,0.028991666666666662,0.053999999999999986,3.735931706976257e-09,200,1.4532774340137639e-06,win,llm,llm:semantic_hallucination,
gsm8k,0.7,aip_soft,race,0.9690000000000001,0.929,0.039999999999999994,0.028324999999999993,0.05266666666666666,3.7359577684371165e-09,200,1.4532774340137639e-06,win,llm,llm:semantic_hallucination,
gsm8k,0.7,self,race,0.973,0.9296666666666666,0.043333333333333356,0.032991666666666676,0.05500000000000002,1.7928899038505457e-13,200,8.139720163481478e-11,win,llm,llm:semantic_negation,
gsm8k,0.7,majority,race,0.973,0.01,0.963,0.934,0.986,5.257998411214676e-43,200,2.51858123897183e-40,win,llm,llm:semantic_negation,
gsm8k,0.7,ds_onecoin,race,0.973,0.005,0.968,0.945,0.9880000000000001,3.3030085093857345e-43,200,1.5854440845051526e-40,win,llm,llm:semantic_negation,
gsm8k,0.7,aip_gated,race,0.973,0.935,0.03799999999999999,0.027999999999999994,0.04899999999999999,7.185250061066396e-10,200,2.895655774609758e-07,win,llm,llm:semantic_negation,
gsm8k,0.7,aip_soft,race,0.973,0.935,0.03799999999999999,0.02733333333333333,0.049333333333333326,7.185250061066396e-10,200,2.895655774609758e-07,win,llm,llm:semantic_negation,
math500,0.1,self,race,0.915,0.7008333333333333,0.2141666666666667,0.16333333333333336,0.2647222222222222,4.367429836547954e-11,80,1.8474228208597845e-08,win,llm,llm:always_wrong,
math500,0.1,majority,race,0.915,0.8675,0.0475,0.012500000000000002,0.08249999999999999,0.026418842615688224,80,1.0,tie,llm,llm:always_wrong,
math500,0.1,ds_onecoin,race,0.915,0.8425,0.07250000000000001,0.03250000000000001,0.11499999999999999,0.0005949785377119447,80,0.16064420518222505,tie,llm,llm:always_wrong,
math500,0.1,aip_gated,race,0.915,0.868611111111111,0.04638888888888889,0.016111111111111114,0.08,0.01713848058066568,80,1.0,tie,llm,llm:always_wrong,
math500,0.1,aip_soft,race,0.915,0.868611111111111,0.04638888888888889,0.015819444444444445,0.0788888888888889,0.01713848058066568,80,1.0,tie,llm,llm:always_wrong,
math500,0.1,self,race,0.9125,0.7008333333333333,0.21166666666666667,0.16277083333333334,0.26280555555555546,4.3745411232700115e-11,80,1.8474228208597845e-08,win,llm,llm:rushing,
math500,0.1,majority,race,0.9125,0.8625,0.05,0.017500000000000005,0.085,0.0015948339632824923,80,0.4098723285636005,tie,llm,llm:rushing,
math500,0.1,ds_onecoin,race,0.9125,0.8324999999999999,0.08,0.04,0.11750000000000001,7.551539497278267e-05,80,0.02248104440538863,win,llm,llm:rushing,
math500,0.1,aip_gated,race,0.9125,0.8722222222222221,0.04027777777777779,0.0047222222222222335,0.07528472222222221,0.0181580171287628,80,1.0,tie,llm,llm:rushing,
math500,0.1,aip_soft,race,0.9125,0.8516666666666666,0.060833333333333336,0.030548611111111113,0.09444444444444444,0.00040304518792992985,80,0.11124047186866064,tie,llm,llm:rushing,
math500,0.1,self,race,0.915,0.7008333333333333,0.2141666666666667,0.16220833333333332,0.26667361111111115,4.367429836547954e-11,80,1.8474228208597845e-08,win,llm,llm:semantic_hallucination,
math500,0.1,majority,race,0.915,0.8675,0.0475,0.014937500000000003,0.08499999999999999,0.026418842615688224,80,1.0,tie,llm,llm:semantic_hallucination,
math500,0.1,ds_onecoin,race,0.915,0.845,0.07,0.0325,0.1075,0.0006044245080991136,80,0.16259019267866154,tie,llm,llm:semantic_hallucination,
math500,0.1,aip_gated,race,0.915,0.868611111111111,0.04638888888888889,0.015555555555555559,0.08111805555555551,0.01713848058066568,80,1.0,tie,llm,llm:semantic_hallucination,
math500,0.1,aip_soft,race,0.915,0.868611111111111,0.04638888888888889,0.016104166666666666,0.07834027777777774,0.01713848058066568,80,1.0,tie,llm,llm:semantic_hallucination,
math500,0.1,self,race,0.915,0.7008333333333333,0.2141666666666667,0.16360416666666666,0.26611111111111113,4.367429836547954e-11,80,1.8474228208597845e-08,win,llm,llm:semantic_negation,
math500,0.1,majority,race,0.915,0.8699999999999999,0.045,0.012500000000000006,0.08,0.026633449693319277,80,1.0,tie,llm,llm:semantic_negation,
math500,0.1,ds_onecoin,race,0.915,0.8474999999999999,0.0675,0.029937500000000002,0.10500000000000001,0.0009916427332698988,80,0.2608020388499834,tie,llm,llm:semantic_negation,
math500,0.1,aip_gated,race,0.915,0.8663888888888888,0.04861111111111112,0.01694444444444445,0.08250694444444442,0.01615545698610485,80,1.0,tie,llm,llm:semantic_negation,
math500,0.1,aip_soft,race,0.915,0.8663888888888888,0.04861111111111112,0.015555555555555564,0.08361805555555553,0.01615545698610485,80,1.0,tie,llm,llm:semantic_negation,
math500,0.3,self,race,0.8992857142857144,0.7246428571428571,0.17464285714285716,0.132125,0.2171517857142857,2.1172934760488278e-11,80,9.146707816530935e-09,win,llm,llm:always_wrong,
math500,0.3,majority,race,0.8992857142857144,0.8649999999999999,0.03428571428571428,0.003214285714285714,0.06393749999999994,0.007948814112761349,80,1.0,tie,llm,llm:always_wrong,
math500,0.3,ds_onecoin,race,0.8992857142857144,0.8125,0.08678571428571429,0.05713392857142857,0.12178571428571427,1.1966834767397318e-06,80,0.00041285579947520745,win,llm,llm:always_wrong,
math500,0.3,aip_gated,race,0.8992857142857144,0.8557142857142856,0.043571428571428567,0.003214285714285714,0.08321428571428571,0.032920687622205354,80,1.0,tie,llm,llm:always_wrong,
math500,0.3,aip_soft,race,0.8992857142857144,0.8482142857142858,0.051071428571428566,0.015348214285714286,0.08821428571428572,0.0129590928939597,80,1.0,tie,llm,llm:always_wrong,
math500,0.3,self,race,0.9021428571428572,0.7246428571428571,0.17750000000000002,0.13570535714285717,0.22142857142857145,1.064149590528956e-11,80,4.637006978306039e-09,win,llm,llm:rushing,
math500,0.3,majority,race,0.9021428571428572,0.8400000000000001,0.062142857142857146,0.021785714285714287,0.10642857142857143,0.006525087064109805,80,1.0,tie,llm,llm:rushing,
math500,0.3,ds_onecoin,race,0.9021428571428572,0.8149999999999998,0.08714285714285715,0.054642857142857146,0.12214285714285715,5.66018898974981e-06,80,0.0018282410436891885,win,llm,llm:rushing,
math500,0.3,aip_gated,race,0.9021428571428572,0.7614285714285713,0.1407142857142857,0.08857142857142856,0.19608035714285713,6.286916552550916e-06,80,0.002024387129921395,win,llm,llm:rushing,
math500,0.3,aip_soft,race,0.9021428571428572,0.7535714285714284,0.14857142857142858,0.09321428571428572,0.20428571428571426,2.0150937353728353e-06,80,0.000673041307614527,win,llm,llm:rushing,
math500,0.3,self,race,0.9099999999999999,0.7246428571428571,0.18535714285714286,0.13999107142857142,0.2303660714285714,3.9175147060994525e-11,80,1.6610262353861677e-08,win,llm,llm:semantic_hallucination,
math500,0.3,majority,race,0.9099999999999999,0.8525,0.057499999999999996,0.030000000000000006,0.09,0.00011031256736102891,80,0.03232158223678147,win,llm,llm:semantic_hallucination,
math500,0.3,ds_onecoin,race,0.9099999999999999,0.8125,0.0975,0.06499999999999999,0.135,5.907148276001431e-07,80,0.00021029447862565094,win,llm,llm:semantic_hallucination,
math500,0.3,aip_gated,race,0.9099999999999999,0.814642857142857,0.09535714285714286,0.059285714285714296,0.1364375,1.7500034010375084e-05,80,0.005355010407174776,win,llm,llm:semantic_hallucination,
math500,0.3,aip_soft,race,0.9099999999999999,0.8457142857142858,0.06428571428571428,0.0335625,0.09822321428571425,0.0004336940543212623,80,0.11883217088402588,tie,llm,llm:semantic_hallucination,
math500,0.3,self,race,0.9207142857142857,0.7246428571428571,0.19607142857142862,0.15035714285714288,0.2450089285714285,1.063533710620651e-11,80,4.637006978306039e-09,win,llm,llm:semantic_negation,
math500,0.3,majority,race,0.9207142857142857,0.8375,0.08321428571428571,0.04463392857142857,0.12464285714285712,0.00014401943021839686,80,0.0414775959028983,win,llm,llm:semantic_negation,
math500,0.3,ds_onecoin,race,0.9207142857142857,0.8125,0.10821428571428568,0.07285714285714284,0.1439285714285714,4.293287783652156e-07,80,0.00015369970265474716,win,llm,llm:semantic_negation,
math500,0.3,aip_gated,race,0.9207142857142857,0.8346428571428571,0.08607142857142856,0.05141964285714285,0.12143749999999996,0.00013788149859139312,80,0.0401235160900954,win,llm,llm:semantic_negation,
math500,0.3,aip_soft,race,0.9207142857142857,0.8417857142857142,0.07892857142857143,0.04428571428571428,0.11535714285714285,0.0004031304603877677,80,0.11124047186866064,tie,llm,llm:semantic_negation,
math500,0.5,self,race,0.8575000000000002,0.6984999999999999,0.15899999999999997,0.11349999999999998,0.202,2.6214152321614687e-09,80,1.03545901670378e-06,win,llm,llm:always_wrong,
math500,0.5,majority,race,0.8575000000000002,0.705,0.1525,0.0725,0.23249999999999998,0.00047732143739619615,80,0.12983143097176536,tie,llm,llm:always_wrong,
math500,0.5,ds_onecoin,race,0.8575000000000002,0.745,0.1125,0.07749999999999999,0.15499999999999997,1.54026690500915e-07,80,5.6065715342333064e-05,win,llm,llm:always_wrong,
math500,0.5,aip_gated,race,0.8575000000000002,0.71,0.14750000000000002,0.0984875,0.20049999999999998,1.4934768831747158e-07,80,5.4661253924194595e-05,win,llm,llm:always_wrong,
math500,0.5,aip_soft,race,0.8575000000000002,0.71,0.14750000000000002,0.0954875,0.20251249999999998,1.4934768831747158e-07,80,5.4661253924194595e-05,win,llm,llm:always_wrong,
math500,0.5,self,race,0.8400000000000001,0.6984999999999999,0.1415,0.09549999999999997,0.18849999999999997,3.03175526232039e-07,80,0.00010944636496976607,win,llm,llm:rushing,
math500,0.5,majority,race,0.8400000000000001,0.6675,0.17250000000000001,0.0649375,0.27749999999999997,0.0006405410573523111,80,0.17102446231306706,tie,llm,llm:rushing,
math500,0.5,ds_onecoin,race,0.8400000000000001,0.7575000000000001,0.08249999999999998,0.04749999999999999,0.12250000000000001,0.00021625105574168784,80,0.06119904877489766,tie,llm,llm:rushing,
math500,0.5,aip_gated,race,0.8400000000000001,0.6685000000000001,0.1715,0.1095,0.23602499999999985,1.0896104116341427e-06,80,0.00037809481283704755,win,llm,llm:rushing,
math500,0.5,aip_soft,race,0.8400000000000001,0.6685000000000001,0.1715,0.11148749999999998,0.23499999999999996,1.0896104116341427e-06,80,0.00037809481283704755,win,llm,llm:rushing,
math500,0.5,self,race,0.8885,0.6984999999999999,0.18999999999999997,0.14499999999999996,0.236,6.02988765684254e-11,80,2.5204930405601817e-08,win,llm,llm:semantic_hallucination,
math500,0.5,majority,race,0.8885,0.6625,0.22599999999999998,0.154475,0.3,6.019861759087777e-08,80,2.2393885743806527e-05,win,llm,llm:semantic_hallucination,
math500,0.5,ds_onecoin,race,0.8885,0.76,0.1285,0.095,0.16451249999999995,2.9249438321868128e-09,80,1.1495029260494174e-06,win,llm,llm:semantic_hallucination,
math500,0.5,aip_gated,race,0.8885,0.7575000000000001,0.131,0.08449999999999999,0.18001249999999996,8.378430272810991e-07,80,0.0002932450595483847,win,llm,llm:semantic_hallucination,
math500,0.5,aip_soft,race,0.8885,0.7575000000000001,0.131,0.08149999999999999,0.18000000000000002,8.378430272810991e-07,80,0.0002932450595483847,win,llm,llm:semantic_hallucination,
math500,0.5,self,race,0.901,0.6984999999999999,0.20249999999999996,0.15498749999999997,0.2565124999999999,6.02988765684254e-11,80,2.5204930405601817e-08,win,llm,llm:semantic_negation,
math500,0.5,majority,race,0.901,0.48249999999999993,0.41850000000000004,0.3284875,0.5110125,1.0726511346966526e-11,80,4.655305924583472e-09,win,llm,llm:semantic_negation,
math500,0.5,ds_onecoin,race,0.901,0.6275000000000001,0.2735,0.23849999999999993,0.30701249999999997,1.8414940162541626e-15,80,8.673436816557106e-13,win,llm,llm:semantic_negation,
math500,0.5,aip_gated,race,0.901,0.764,0.13699999999999998,0.0875,0.18901249999999994,2.2710988116914688e-06,80,0.0007562759042932591,win,llm,llm:semantic_negation,
math500,0.5,aip_soft,race,0.901,0.764,0.13699999999999998,0.08948749999999998,0.192,2.2710988116914688e-06,80,0.0007562759042932591,win,llm,llm:semantic_negation,
math500,0.7,self,race,0.7416666666666666,0.6799999999999999,0.06166666666666665,0.03664583333333331,0.08499999999999996,4.277437402898144e-07,80,0.00015356000276404338,win,llm,llm:always_wrong,
math500,0.7,majority,race,0.7416666666666666,0.16499999999999998,0.5766666666666665,0.4666458333333333,0.6867083333333331,2.180312330777303e-11,80,9.331736775726857e-09,win,llm,llm:always_wrong,
math500,0.7,ds_onecoin,race,0.7416666666666666,0.05,0.6916666666666667,0.5966666666666667,0.78,7.47621666839876e-14,80,3.476440750805424e-11,win,llm,llm:always_wrong,
math500,0.7,aip_gated,race,0.7416666666666666,0.7033333333333334,0.038333333333333316,0.013333333333333308,0.06668749999999989,0.3063992072171636,80,1.0,tie,llm,llm:always_wrong,
math500,0.7,aip_soft,race,0.7416666666666666,0.7033333333333334,0.038333333333333316,0.011666666666666648,0.06666666666666664,0.3063992072171636,80,1.0,tie,llm,llm:always_wrong,
math500,0.7,self,race,0.7291666666666667,0.6799999999999999,0.04916666666666668,0.018312500000000002,0.07833333333333334,0.0006357426132372167,80,0.17037902034757407,tie,llm,llm:rushing,
math500,0.7,majority,race,0.7291666666666667,0.26749999999999996,0.4616666666666666,0.32666666666666666,0.5941874999999999,4.2319297061411366e-08,80,1.578509780390644e-05,win,llm,llm:rushing,
math500,0.7,ds_onecoin,race,0.7291666666666667,0.225,0.5041666666666667,0.3683125,0.6308541666666666,3.897578111623763e-09,80,1.5083627291983961e-06,win,llm,llm:rushing,
math500,0.7,aip_gated,race,0.7291666666666667,0.6599999999999999,0.06916666666666668,0.03331250000000001,0.11000000000000001,0.0017816559731185148,80,0.4543222731452213,tie,llm,llm:rushing,
math500,0.7,aip_soft,race,0.7291666666666667,0.6599999999999999,0.06916666666666668,0.032500000000000015,0.11000000000000001,0.0017816559731185148,80,0.4543222731452213,tie,llm,llm:rushing,
math500,0.7,self,race,0.7775000000000001,0.6799999999999999,0.0975,0.07166666666666668,0.12168749999999989,6.462743869012782e-10,80,2.6109485230811643e-07,win,llm,llm:semantic_hallucination,
math500,0.7,majority,race,0.7775000000000001,0.125,0.6525000000000001,0.5583333333333333,0.7400208333333332,6.398497068447762e-14,80,2.9880981309651045e-11,win,llm,llm:semantic_hallucination,
math500,0.7,ds_onecoin,race,0.7775000000000001,0.0875,0.6900000000000001,0.6074791666666667,0.7699999999999999,8.788269876850636e-15,80,4.130486842119799e-12,win,llm,llm:semantic_hallucination,
math500,0.7,aip_gated,race,0.7775000000000001,0.7383333333333333,0.03916666666666667,0.019145833333333338,0.0625,0.00035461285795103083,80,0.09858237451038657,tie,llm,llm:semantic_hallucination,
math500,0.7,aip_soft,race,0.7775000000000001,0.7383333333333333,0.03916666666666667,0.020000000000000007,0.06333333333333332,0.00035461285795103083,80,0.09858237451038657,tie,llm,llm:semantic_hallucination,
math500,0.7,self,race,0.7658333333333334,0.6799999999999999,0.0858333333333333,0.06749999999999998,0.10499999999999995,2.1354239814180604e-11,80,9.20367735991184e-09,win,llm,llm:semantic_negation,
math500,0.7,majority,race,0.7658333333333334,0.05,0.7158333333333333,0.6366458333333334,0.7891666666666668,1.2910249282964403e-14,80,6.054906913710305e-12,win,llm,llm:semantic_negation,
math500,0.7,ds_onecoin,race,0.7658333333333334,0.05,0.7158333333333333,0.6399583333333333,0.7891666666666668,1.2910249282964403e-14,80,6.054906913710305e-12,win,llm,llm:semantic_negation,
math500,0.7,aip_gated,race,0.7658333333333334,0.7458333333333333,0.019999999999999976,-0.00500000000000002,0.045833333333333316,0.8806510091336436,80,1.0,tie,llm,llm:semantic_negation,
math500,0.7,aip_soft,race,0.7658333333333334,0.7416666666666668,0.02416666666666665,0.000812499999999971,0.04999999999999998,0.5896930621142413,80,1.0,tie,llm,llm:semantic_negation,
medqa,0.1,self,race,0.8800000000000001,0.7544444444444445,0.1255555555555556,0.08944444444444447,0.16000694444444447,1.063663529126974e-08,80,4.0738313165563104e-06,win,llm,llm:always_wrong,
medqa,0.1,majority,race,0.8800000000000001,0.8524999999999998,0.027500000000000004,0.0075,0.052500000000000005,0.03205725871458968,80,1.0,tie,llm,llm:always_wrong,
medqa,0.1,ds_onecoin,race,0.8800000000000001,0.865,0.015000000000000003,-0.005000000000000001,0.04,0.4762814911202793,80,1.0,tie,llm,llm:always_wrong,
medqa,0.1,aip_gated,race,0.8800000000000001,0.8625,0.0175,-0.008069444444444449,0.04279861111111101,0.10305205518258045,80,1.0,tie,llm,llm:always_wrong,
medqa,0.1,aip_soft,race,0.8800000000000001,0.8608333333333332,0.01916666666666667,-0.004173611111111112,0.044166666666666674,0.10304978498557582,80,1.0,tie,llm,llm:always_wrong,
medqa,0.1,self,race,0.8788888888888888,0.7544444444444445,0.12444444444444447,0.08747916666666669,0.1627777777777778,2.6332514641337506e-08,80,9.92735801978424e-06,win,llm,llm:rushing,
medqa,0.1,majority,race,0.8788888888888888,0.8474999999999999,0.0313888888888889,0.01,0.05722916666666662,0.008170951534317935,80,1.0,tie,llm,llm:rushing,
medqa,0.1,ds_onecoin,race,0.8788888888888888,0.8625,0.01638888888888889,-0.011666666666666664,0.04611111111111112,0.5006061425669464,80,1.0,tie,llm,llm:rushing,
medqa,0.1,aip_gated,race,0.8788888888888888,0.8480555555555556,0.030833333333333334,0.006659722222222222,0.05861111111111113,0.07006363569216946,80,1.0,tie,llm,llm:rushing,
medqa,0.1,aip_soft,race,0.8788888888888888,0.8505555555555556,0.028333333333333332,0.0044375,0.05444444444444445,0.06378446227102089,80,1.0,tie,llm,llm:rushing,
medqa,0.1,self,race,0.8869444444444443,0.7544444444444445,0.1325,0.0963888888888889,0.1702777777777778,4.470851564825973e-09,80,1.7257487040228255e-06,win,llm,llm:semantic_hallucination,
medqa,0.1,majority,race,0.8869444444444443,0.86,0.026944444444444448,0.006354166666666671,0.053888888888888896,0.031704136117223954,80,1.0,tie,llm,llm:semantic_hallucination,
medqa,0.1,ds_onecoin,race,0.8869444444444443,0.865,0.02194444444444445,-0.0024999999999999974,0.049458333333333264,0.2126016886522729,80,1.0,tie,llm,llm:semantic_hallucination,
medqa,0.1,aip_gated,race,0.8869444444444443,0.868888888888889,0.01805555555555556,-0.0074999999999999945,0.0463888888888889,0.12996048512085515,80,1.0,tie,llm,llm:semantic_hallucination,
medqa,0.1,aip_soft,race,0.8869444444444443,0.8658333333333331,0.02111111111111112,-0.0027777777777777722,0.04666666666666667,0.19018355062845194,80,1.0,tie,llm,llm:semantic_hallucination,
medqa,0.1,self,race,0.8869444444444445,0.7544444444444445,0.1325,0.09305555555555559,0.17029166666666662,2.6334994743955965e-08,80,9.92735801978424e-06,win,llm,llm:semantic_negation,
medqa,0.1,majority,race,0.8869444444444445,0.8550000000000001,0.03194444444444444,0.0075000000000000015,0.061388888888888896,0.03207376897797884,80,1.0,tie,llm,llm:semantic_negation,
medqa,0.1,ds_onecoin,race,0.8869444444444445,0.865,0.021944444444444444,-0.0075000000000000015,0.05390277777777771,0.2301092714120947,80,1.0,tie,llm,llm:semantic_negation,
medqa,0.1,aip_gated,race,0.8869444444444445,0.8638888888888889,0.023055555555555562,-0.0013888888888888818,0.052222222222222225,0.3095265965703188,80,1.0,tie,llm,llm:semantic_negation,
medqa,0.1,aip_soft,race,0.8869444444444445,0.8605555555555554,0.02638888888888889,0.0013888888888888896,0.056666666666666664,0.3095285479798737,80,1.0,tie,llm,llm:semantic_negation,
medqa,0.3,self,race,0.8532142857142857,0.7560714285714285,0.09714285714285716,0.06642857142857146,0.1278571428571429,1.48649587206248e-07,80,5.4554398504693016e-05,win,llm,llm:always_wrong,
medqa,0.3,majority,race,0.8532142857142857,0.8275,0.025714285714285717,-0.014285714285714285,0.06501785714285706,0.04859462977810306,80,1.0,tie,llm,llm:always_wrong,
medqa,0.3,ds_onecoin,race,0.8532142857142857,0.8400000000000001,0.013214285714285715,-0.005375000000000002,0.031455357142857,0.08422292195790701,80,1.0,tie,llm,llm:always_wrong,
medqa,0.3,aip_gated,race,0.8532142857142857,0.8196428571428571,0.033571428571428585,0.0017857142857142989,0.06571428571428573,0.0029699898151560582,80,0.7306174945283903,tie,llm,llm:always_wrong,
medqa,0.3,aip_soft,race,0.8532142857142857,0.8296428571428571,0.023571428571428577,-0.004642857142857134,0.05500892857142853,0.017270491524630022,80,1.0,tie,llm,llm:always_wrong,
medqa,0.3,self,race,0.8628571428571428,0.7560714285714286,0.10678571428571426,0.06999999999999999,0.14214285714285713,9.865032222943129e-08,80,3.640196890266015e-05,win,llm,llm:rushing,
medqa,0.3,majority,race,0.8628571428571428,0.8125,0.05035714285714286,0.015000000000000003,0.08964285714285715,0.010873441039901701,80,1.0,tie,llm,llm:rushing,
medqa,0.3,ds_onecoin,race,0.8628571428571428,0.8425,0.02035714285714286,-0.005000000000000002,0.04715178571428567,0.08638514338144612,80,1.0,tie,llm,llm:rushing,
medqa,0.3,aip_gated,race,0.8628571428571428,0.7967857142857143,0.06607142857142859,0.025348214285714293,0.10785714285714287,0.00018142985760098403,80,0.051526079558679466,tie,llm,llm:rushing,
medqa,0.3,aip_soft,race,0.8628571428571428,0.8175000000000001,0.04535714285714286,0.013919642857142858,0.0785803571428571,0.004248656301083015,80,1.0,tie,llm,llm:rushing,
medqa,0.3,self,race,0.8699999999999999,0.7560714285714285,0.11392857142857145,0.08178571428571432,0.1439375,4.5821540682970296e-09,80,1.7641293162943565e-06,win,llm,llm:semantic_hallucination,
medqa,0.3,majority,race,0.8699999999999999,0.835,0.035,0.005000000000000002,0.0675,0.10064968900169018,80,1.0,tie,llm,llm:semantic_hallucination,
medqa,0.3,ds_onecoin,race,0.8699999999999999,0.8474999999999999,0.0225,0.009999999999999998,0.037500000000000006,0.006776889529951638,80,1.0,tie,llm,llm:semantic_hallucination,
medqa,0.3,aip_gated,race,0.8699999999999999,0.810357142857143,0.05964285714285715,0.027142857142857153,0.09535714285714288,9.569525168009587e-05,80,0.028134403993948186,win,llm,llm:semantic_hallucination,
medqa,0.3,aip_soft,race,0.8699999999999999,0.8178571428571427,0.052142857142857144,0.021428571428571432,0.085,7.543974632680749e-05,80,0.02248104440538863,win,llm,llm:semantic_hallucination,
medqa,0.3,self,race,0.8617857142857144,0.7560714285714285,0.10571428571428573,0.07535714285714287,0.1360892857142856,2.378634609574222e-08,80,8.99123882419056e-06,win,llm,llm:semantic_negation,
medqa,0.3,majority,race,0.8617857142857144,0.845,0.016785714285714286,-0.012866071428571433,0.05179464285714281,0.7571650530186803,80,1.0,tie,llm,llm:semantic_negation,
medqa,0.3,ds_onecoin,race,0.8617857142857144,0.8425,0.019285714285714285,0.004642857142857142,0.03465178571428566,0.02020720210437319,80,1.0,tie,llm,llm:semantic_negation,
medqa,0.3,aip_gated,race,0.8617857142857144,0.8360714285714286,0.02571428571428571,-0.005723214285714285,0.06072321428571424,0.19945830897187566,80,1.0,tie,llm,llm:semantic_negation,
medqa,0.3,aip_soft,race,0.8617857142857144,0.837142857142857,0.02464285714285715,-0.004285714285714278,0.05821428571428573,0.19521424637044116,80,1.0,tie,llm,llm:semantic_negation,
medqa,0.5,self,race,0.8725000000000002,0.7635,0.10899999999999999,0.08349999999999999,0.13501249999999995,2.459361042080606e-10,80,1.0058786662109679e-07,win,llm,llm:always_wrong,
medqa,0.5,majority,race,0.8725000000000002,0.7525,0.12,0.0475,0.19749999999999998,0.0035564202796191666,80,0.8713229685066958,tie,llm,llm:always_wrong,
medqa,0.5,ds_onecoin,race,0.8725000000000002,0.8474999999999999,0.025000000000000005,0.005000000000000001,0.0475,0.03169685469907385,80,1.0,tie,llm,llm:always_wrong,
medqa,0.5,aip_gated,race,0.8725000000000002,0.567,0.30550000000000005,0.2285,0.3825,6.57909464013073e-12,80,2.8982167167486035e-09,win,llm,llm:always_wrong,
medqa,0.5,aip_soft,race,0.8725000000000002,0.5875,0.28500000000000003,0.21200000000000005,0.36100000000000004,6.286858476886462e-12,80,2.7787914467838164e-09,win,llm,llm:always_wrong,
medqa,0.5,self,race,0.8675,0.7635,0.10399999999999998,0.07349999999999998,0.13199999999999998,2.638354414119064e-09,80,1.039511639162911e-06,win,llm,llm:rushing,
medqa,0.5,majority,race,0.8675,0.67,0.1975,0.12,0.27749999999999997,2.7564911868986526e-06,80,0.0009068856004896567,win,llm,llm:rushing,
medqa,0.5,ds_onecoin,race,0.8675,0.7474999999999999,0.11999999999999997,0.08749999999999998,0.15749999999999997,3.145515788047077e-09,80,1.22675115733836e-06,win,llm,llm:rushing,
medqa,0.5,aip_gated,race,0.8675,0.664,0.20350000000000001,0.1375,0.26949999999999996,1.3681769029435474e-09,80,5.417980535656448e-07,win,llm,llm:rushing,
medqa,0.5,aip_soft,race,0.8675,0.6715,0.196,0.1379875,0.2555,1.299618633880297e-09,80,5.159485976504779e-07,win,llm,llm:rushing,
medqa,0.5,self,race,0.8755000000000001,0.7635,0.11199999999999996,0.088,0.1375,1.0040044958221543e-10,80,4.1465385677454974e-08,win,llm,llm:semantic_hallucination,
medqa,0.5,majority,race,0.8755000000000001,0.6275000000000001,0.24800000000000005,0.1579875,0.341,1.2762323056691538e-06,80,0.00043774768084451976,win,llm,llm:semantic_hallucination,
medqa,0.5,ds_onecoin,race,0.8755000000000001,0.725,0.15049999999999997,0.11599999999999996,0.1830124999999999,6.040362388343544e-11,80,2.5204930405601817e-08,win,llm,llm:semantic_hallucination,
medqa,0.5,aip_gated,race,0.8755000000000001,0.6515000000000001,0.22400000000000003,0.1625,0.2925,5.429888173725713e-12,80,2.405440460960491e-09,win,llm,llm:semantic_hallucination,
medqa,0.5,aip_soft,race,0.8755000000000001,0.674,0.20149999999999996,0.1434875,0.2655124999999999,7.520996020648987e-12,80,3.2941962570442566e-09,win,llm,llm:semantic_hallucination,
medqa,0.5,self,race,0.867,0.7635,0.1035,0.07649999999999998,0.1305,8.747056260569146e-10,80,3.4988225042276586e-07,win,llm,llm:semantic_negation,
medqa,0.5,majority,race,0.867,0.6775,0.1895,0.0995,0.28650000000000003,0.0006513409315097697,80,0.1729599322512083,tie,llm,llm:semantic_negation,
medqa,0.5,ds_onecoin,race,0.867,0.76,0.10699999999999998,0.07699999999999999,0.13999999999999996,3.3103704909088356e-08,80,1.2380785635999045e-05,win,llm,llm:semantic_negation,
medqa,0.5,aip_gated,race,0.867,0.6935,0.17349999999999996,0.13348749999999995,0.21549999999999997,6.9851746345022474e-12,80,3.0664916645464868e-09,win,llm,llm:semantic_negation,
medqa,0.5,aip_soft,race,0.867,0.6864999999999999,0.18050000000000002,0.14049999999999999,0.2245,6.5719199926272186e-12,80,2.8982167167486035e-09,win,llm,llm:semantic_negation,
medqa,0.7,self,race,0.8316666666666667,0.7941666666666667,0.037500000000000026,0.009166666666666693,0.06416666666666668,0.0015409218953584443,80,0.4037215365839124,tie,llm,llm:always_wrong,
medqa,0.7,majority,race,0.8316666666666667,0.45,0.38166666666666665,0.25329166666666664,0.5016875,4.382698108457281e-07,80,0.00015646232247192493,win,llm,llm:always_wrong,
medqa,0.7,ds_onecoin,race,0.8316666666666667,0.325,0.5066666666666666,0.3891458333333333,0.6233749999999998,5.336634737647641e-10,80,2.1613370687472948e-07,win,llm,llm:always_wrong,
medqa,0.7,aip_gated,race,0.8316666666666667,0.46749999999999997,0.36416666666666664,0.25,0.4766666666666667,6.022848462594815e-07,80,0.0002138111204221159,win,llm,llm:always_wrong,
medqa,0.7,aip_soft,race,0.8316666666666667,0.46749999999999997,0.36416666666666664,0.24333333333333335,0.48083333333333333,6.022848462594815e-07,80,0.0002138111204221159,win,llm,llm:always_wrong,
medqa,0.7,self,race,0.8425,0.7941666666666667,0.04833333333333336,0.020000000000000025,0.07750000000000004,0.00013915244392619731,80,0.04035420873859722,win,llm,llm:rushing,
medqa,0.7,majority,race,0.8425,0.37750000000000006,0.465,0.35750000000000004,0.5725,1.2237762274373725e-10,80,5.029720294767601e-08,win,llm,llm:rushing,
medqa,0.7,ds_onecoin,race,0.8425,0.375,0.46749999999999997,0.35750000000000004,0.5725624999999996,9.69417786680615e-10,80,3.867976968855654e-07,win,llm,llm:rushing,
medqa,0.7,aip_gated,race,0.8425,0.5191666666666667,0.32333333333333336,0.21250000000000008,0.4283541666666666,3.054764462433554e-09,80,1.1974676692739532e-06,win,llm,llm:rushing,
medqa,0.7,aip_soft,race,0.8425,0.5183333333333333,0.3241666666666667,0.21083333333333337,0.43002083333333324,3.054764462433554e-09,80,1.1974676692739532e-06,win,llm,llm:rushing,
medqa,0.7,self,race,0.8375,0.7941666666666667,0.04333333333333337,0.016666666666666698,0.07000000000000003,0.00025690617099036217,80,0.07219063404829176,tie,llm,llm:semantic_hallucination,
medqa,0.7,majority,race,0.8375,0.305,0.5325,0.41000000000000003,0.6475,3.9595729288804953e-10,80,1.6075866091254811e-07,win,llm,llm:semantic_hallucination,
medqa,0.7,ds_onecoin,race,0.8375,0.2375,0.6,0.47750000000000004,0.71,1.7847079055355407e-11,80,7.727785230968892e-09,win,llm,llm:semantic_hallucination,
medqa,0.7,aip_gated,race,0.8375,0.5916666666666666,0.24583333333333335,0.15166666666666667,0.3425208333333333,7.1942059870780705e-06,80,0.0022877575038908263,win,llm,llm:semantic_hallucination,
medqa,0.7,aip_soft,race,0.8375,0.5916666666666666,0.24583333333333335,0.15,0.33999999999999997,7.1942059870780705e-06,80,0.0022877575038908263,win,llm,llm:semantic_hallucination,
medqa,0.7,self,race,0.8274999999999999,0.7941666666666667,0.03333333333333336,0.004166666666666688,0.06416666666666668,0.002386745780641913,80,0.5895262078185526,tie,llm,llm:semantic_negation,
medqa,0.7,majority,race,0.8274999999999999,0.4875,0.34,0.2125,0.47000000000000003,8.958569041648853e-06,80,0.00281299067907774,win,llm,llm:semantic_negation,
medqa,0.7,ds_onecoin,race,0.8274999999999999,0.4375,0.39,0.2649375,0.52,3.8844865410042587e-07,80,0.0001398415154761533,win,llm,llm:semantic_negation,
medqa,0.7,aip_gated,race,0.8274999999999999,0.4533333333333333,0.37416666666666665,0.2799791666666666,0.4716666666666667,2.1376666912091403e-11,80,9.20367735991184e-09,win,llm,llm:semantic_negation,
medqa,0.7,aip_soft,race,0.8274999999999999,0.4533333333333333,0.37416666666666665,0.2808333333333334,0.465,2.1376666912091403e-11,80,9.20367735991184e-09,win,llm,llm:semantic_negation,
mmlu,0.1,self,race,0.905,0.8194444444444444,0.08555555555555557,0.054159722222222234,0.12083333333333335,6.380530767783758e-06,80,0.0020481503764585864,win,llm,llm:always_wrong,
mmlu,0.1,majority,race,0.905,0.9,0.005,-0.015,0.027500000000000004,0.3204518303324403,80,1.0,tie,llm,llm:always_wrong,
mmlu,0.1,ds_onecoin,race,0.905,0.9025000000000001,0.0025,-0.009999999999999998,0.017499999999999998,0.9949184309227166,80,1.0,tie,llm,llm:always_wrong,
mmlu,0.1,aip_gated,race,0.905,0.9075,-0.0024999999999999988,-0.020555555555555553,0.01388888888888889,0.987394487756726,80,1.0,tie,llm,llm:always_wrong,
mmlu,0.1,aip_soft,race,0.905,0.9075,-0.0024999999999999996,-0.019722222222222217,0.014173611111111073,0.9957980071993631,80,1.0,tie,llm,llm:always_wrong,
mmlu,0.1,self,race,0.9125,0.8194444444444444,0.09305555555555556,0.060277777777777784,0.12890277777777773,1.498281525011177e-06,80,0.0005072309651440634,win,llm,llm:rushing,
mmlu,0.1,majority,race,0.9125,0.9,0.0125,-0.014999999999999996,0.0475,0.31428697118104354,80,1.0,tie,llm,llm:rushing,
mmlu,0.1,ds_onecoin,race,0.9125,0.905,0.0075000000000000015,-0.0049999999999999975,0.0225,0.3112290780285445,80,1.0,tie,llm,llm:rushing,
mmlu,0.1,aip_gated,race,0.9125,0.9005555555555554,0.011944444444444445,-0.015,0.041388888888888885,0.3204518303324403,80,1.0,tie,llm,llm:rushing,
mmlu,0.1,aip_soft,race,0.9125,0.9030555555555555,0.009444444444444446,-0.015,0.035847222222222155,0.3204518303324403,80,1.0,tie,llm,llm:rushing,
mmlu,0.1,self,race,0.9125,0.8194444444444444,0.09305555555555556,0.06000000000000001,0.1277777777777778,1.498281525011177e-06,80,0.0005072309651440634,win,llm,llm:semantic_hallucination,
mmlu,0.1,majority,race,0.9125,0.89,0.0225,-0.0075,0.057499999999999996,0.10366216074319592,80,1.0,tie,llm,llm:semantic_hallucination,
mmlu,0.1,ds_onecoin,race,0.9125,0.905,0.0075000000000000015,-0.0024999999999999996,0.02,0.3112290780285445,80,1.0,tie,llm,llm:semantic_hallucination,
mmlu,0.1,aip_gated,race,0.9125,0.8930555555555555,0.019444444444444448,-0.004166666666666666,0.04833333333333334,0.17609222763047716,80,1.0,tie,llm,llm:semantic_hallucination,
mmlu,0.1,aip_soft,race,0.9125,0.8983333333333334,0.014166666666666666,-0.005555555555555554,0.03777777777777778,0.179784023399715,80,1.0,tie,llm,llm:semantic_hallucination,
mmlu,0.1,self,race,0.9125,0.8194444444444444,0.09305555555555556,0.060555555555555564,0.1288888888888889,1.498281525011177e-06,80,0.0005072309651440634,win,llm,llm:semantic_negation,
mmlu,0.1,majority,race,0.9125,0.9025000000000001,0.010000000000000002,-0.014999999999999996,0.034999999999999996,0.1835330355893312,80,1.0,tie,llm,llm:semantic_negation,
mmlu,0.1,ds_onecoin,race,0.9125,0.905,0.0075000000000000015,-0.0024999999999999996,0.0225,0.3112290780285445,80,1.0,tie,llm,llm:semantic_negation,
mmlu,0.1,aip_gated,race,0.9125,0.9113888888888887,0.001111111111111112,-0.015284722222222222,0.01583333333333333,0.6630725640086028,80,1.0,tie,llm,llm:semantic_negation,
mmlu,0.1,aip_soft,race,0.9125,0.9088888888888889,0.0036111111111111127,-0.010277777777777775,0.018333333333333333,0.6465176744395658,80,1.0,tie,llm,llm:semantic_negation,
mmlu,0.3,self,race,0.905,0.8317857142857144,0.07321428571428573,0.04213392857142858,0.10321428571428574,4.300708931625686e-06,80,0.0014063318206415994,win,llm,llm:always_wrong,
mmlu,0.3,majority,race,0.905,0.9075,-0.002500000000000001,-0.0375,0.024999999999999994,0.4388257662716135,80,1.0,tie,llm,llm:always_wrong,
mmlu,0.3,ds_onecoin,race,0.905,0.9075,-0.0025000000000000022,-0.022500000000000003,0.017499999999999998,0.6630673692729105,80,1.0,tie,llm,llm:always_wrong,
mmlu,0.3,aip_gated,race,0.905,0.8860714285714287,0.01892857142857143,-0.003928571428571426,0.04643749999999995,0.1521272759436883,80,1.0,tie,llm,llm:always_wrong,
mmlu,0.3,aip_soft,race,0.905,0.8889285714285714,0.016071428571428577,-0.0017857142857142863,0.036080357142857095,0.012171896661063573,80,1.0,tie,llm,llm:always_wrong,
mmlu,0.3,self,race,0.915,0.8317857142857144,0.08321428571428573,0.052857142857142866,0.1135803571428571,6.412230954448888e-07,80,0.00022571052959660087,win,llm,llm:rushing,
mmlu,0.3,majority,race,0.915,0.8825,0.032499999999999994,-0.0025000000000000035,0.07250000000000001,0.03637422683724844,80,1.0,tie,llm,llm:rushing,
mmlu,0.3,ds_onecoin,race,0.915,0.9075,0.0075000000000000015,-0.009999999999999998,0.025000000000000005,0.31735467877758716,80,1.0,tie,llm,llm:rushing,
mmlu,0.3,aip_gated,race,0.915,0.86,0.055000000000000014,0.009642857142857144,0.10892857142857142,0.048105724769045774,80,1.0,tie,llm,llm:rushing,
mmlu,0.3,aip_soft,race,0.915,0.8660714285714286,0.04892857142857143,0.008928571428571428,0.09535714285714285,0.020419634041342533,80,1.0,tie,llm,llm:rushing,
mmlu,0.3,self,race,0.9042857142857142,0.8317857142857144,0.07250000000000002,0.040000000000000015,0.10464285714285715,4.4098908337099856e-06,80,0.0014376244117894554,win,llm,llm:semantic_hallucination,
mmlu,0.3,majority,race,0.9042857142857142,0.8775000000000001,0.02678571428571428,-0.01642857142857143,0.0725,0.20470912478764114,80,1.0,tie,llm,llm:semantic_hallucination,
mmlu,0.3,ds_onecoin,race,0.9042857142857142,0.9,0.004285714285714283,-0.015714285714285715,0.025,0.9789917840900837,80,1.0,tie,llm,llm:semantic_hallucination,
mmlu,0.3,aip_gated,race,0.9042857142857142,0.9067857142857143,-0.0024999999999999996,-0.038214285714285715,0.03537499999999991,0.7128543642862706,80,1.0,tie,llm,llm:semantic_hallucination,
mmlu,0.3,aip_soft,race,0.9042857142857142,0.9114285714285714,-0.0071428571428571435,-0.038214285714285715,0.027857142857142858,0.69102463644545,80,1.0,tie,llm,llm:semantic_hallucination,
mmlu,0.3,self,race,0.9025000000000001,0.8317857142857144,0.07071428571428573,0.03892857142857144,0.1025,7.106654738247541e-06,80,0.0022670228615009657,win,llm,llm:semantic_negation,
mmlu,0.3,majority,race,0.9025000000000001,0.8975,0.004999999999999998,-0.03,0.03749999999999999,0.27599451716632173,80,1.0,tie,llm,llm:semantic_negation,
mmlu,0.3,ds_onecoin,race,0.9025000000000001,0.9125,-0.01,-0.027500000000000004,0.002500000000000001,0.3082006241536853,80,1.0,tie,llm,llm:semantic_negation,
mmlu,0.3,aip_gated,race,0.9025000000000001,0.8982142857142857,0.004285714285714287,-0.015,0.023571428571428573,0.5411506387681067,80,1.0,tie,llm,llm:semantic_negation,
mmlu,0.3,aip_soft,race,0.9025000000000001,0.9007142857142858,0.0017857142857142885,-0.017499999999999998,0.021071428571428574,0.7423376464873948,80,1.0,tie,llm,llm:semantic_negation,
mmlu,0.5,self,race,0.9099999999999999,0.8295,0.08049999999999999,0.05199999999999999,0.11049999999999997,1.4269772958146364e-06,80,0.00048802623516860564,win,llm,llm:always_wrong,
mmlu,0.5,majority,race,0.9099999999999999,0.8649999999999999,0.045,-0.010000000000000002,0.1075,0.23616453605421917,80,1.0,tie,llm,llm:always_wrong,
mmlu,0.5,ds_onecoin,race,0.9099999999999999,0.9100000000000001,0.0,-0.009999999999999998,0.009999999999999998,1.0,80,1.0,tie,llm,llm:always_wrong,
mmlu,0.5,aip_gated,race,0.9099999999999999,0.7055,0.2045,0.1144875,0.29500000000000004,1.421657083256425e-05,80,0.004421353528927482,win,llm,llm:always_wrong,
mmlu,0.5,aip_soft,race,0.9099999999999999,0.6715000000000001,0.2385,0.16147499999999998,0.31851249999999987,1.3651063407186197e-08,80,5.201055158137941e-06,win,llm,llm:always_wrong,
mmlu,0.5,self,race,0.9099999999999999,0.8295,0.08049999999999999,0.052000000000000005,0.11000000000000001,1.4269772958146364e-06,80,0.00048802623516860564,win,llm,llm:rushing,
mmlu,0.5,majority,race,0.9099999999999999,0.7375,0.1725,0.0875,0.26,0.0004518782761436489,80,0.12336276938721616,tie,llm,llm:rushing,
mmlu,0.5,ds_onecoin,race,0.9099999999999999,0.9125,-0.0024999999999999996,-0.007499999999999998,0.0,0.31731050786291415,80,1.0,tie,llm,llm:rushing,
mmlu,0.5,aip_gated,race,0.9099999999999999,0.6285000000000001,0.2815,0.19046250000000003,0.37252499999999983,1.2035893181258723e-06,80,0.0004140347254353001,win,llm,llm:rushing,
mmlu,0.5,aip_soft,race,0.9099999999999999,0.74,0.16999999999999998,0.09548749999999999,0.2435,2.5997691811450285e-06,80,0.0008579238297778594,win,llm,llm:rushing,
mmlu,0.5,self,race,0.9075,0.8295,0.07799999999999999,0.048,0.1075,2.4603425801322255e-06,80,0.0008143733940237666,win,llm,llm:semantic_hallucination,
mmlu,0.5,majority,race,0.9075,0.68,0.22749999999999998,0.13,0.325,8.218176358571674e-05,80,0.024325802021372155,win,llm,llm:semantic_hallucination,
mmlu,0.5,ds_onecoin,race,0.9075,0.9025000000000001,0.004999999999999999,-0.005,0.019999999999999997,0.5637236869215428,80,1.0,tie,llm,llm:semantic_hallucination,
mmlu,0.5,aip_gated,race,0.9075,0.7525,0.15499999999999997,0.08499999999999999,0.22750000000000004,0.00012357831372513016,80,0.036084867607738005,win,llm,llm:semantic_hallucination,
mmlu,0.5,aip_soft,race,0.9075,0.8035,0.10400000000000001,0.039975000000000004,0.17051249999999996,0.004003991477229188,80,0.9689659374894635,tie,llm,llm:semantic_hallucination,
mmlu,0.5,self,race,0.9075,0.8295,0.07799999999999999,0.05048749999999999,0.1085,1.464924298031534e-06,80,0.0004980742613307215,win,llm,llm:semantic_negation,
mmlu,0.5,majority,race,0.9075,0.7175,0.19,0.10500000000000001,0.28250000000000003,0.0003056602588408618,80,0.0855848724754413,tie,llm,llm:semantic_negation,
mmlu,0.5,ds_onecoin,race,0.9075,0.9025000000000001,0.005,-0.0075,0.02,0.6465122620762905,80,1.0,tie,llm,llm:semantic_negation,
mmlu,0.5,aip_gated,race,0.9075,0.7834999999999999,0.12399999999999997,0.0769875,0.17351249999999996,1.2540534188173842e-05,80,0.003912646666710239,win,llm,llm:semantic_negation,
mmlu,0.5,aip_soft,race,0.9075,0.7869999999999999,0.12050000000000001,0.0759875,0.1675,2.912874785277448e-07,80,0.00010544606722704361,win,llm,llm:semantic_negation,
mmlu,0.7,self,race,0.9016666666666667,0.8408333333333331,0.060833333333333364,0.04000000000000002,0.08333333333333337,8.651065953883263e-07,80,0.00030105709519513755,win,llm,llm:always_wrong,
mmlu,0.7,majority,race,0.9016666666666667,0.54,0.3616666666666667,0.24666666666666667,0.47418749999999993,1.5271861555336069e-06,80,0.0005116073621037583,win,llm,llm:always_wrong,
mmlu,0.7,ds_onecoin,race,0.9016666666666667,0.4,0.5016666666666667,0.39,0.6141874999999999,1.006647682117781e-09,80,4.006457774828768e-07,win,llm,llm:always_wrong,
mmlu,0.7,aip_gated,race,0.9016666666666667,0.385,0.5166666666666666,0.4025,0.6250208333333332,1.0797034266544484e-10,80,4.448378117816327e-08,win,llm,llm:always_wrong,
mmlu,0.7,aip_soft,race,0.9016666666666667,0.38416666666666666,0.5175,0.4099583333333333,0.6225416666666664,9.292962864063593e-11,80,3.856579588586391e-08,win,llm,llm:always_wrong,
mmlu,0.7,self,race,0.89,0.8408333333333331,0.04916666666666669,0.03000000000000002,0.07083333333333337,7.057406801321083e-06,80,0.0022583701764227466,win,llm,llm:rushing,
mmlu,0.7,majority,race,0.89,0.35250000000000004,0.5375,0.425,0.6575,8.18012982672411e-10,80,3.280232060516368e-07,win,llm,llm:rushing,
mmlu,0.7,ds_onecoin,race,0.89,0.3375,0.5525,0.44000000000000006,0.6675,2.9397269483915373e-10,80,1.1994085949437472e-07,win,llm,llm:rushing,
mmlu,0.7,aip_gated,race,0.89,0.5675000000000001,0.3225,0.22583333333333333,0.42085416666666653,6.322609167628209e-07,80,0.00022318810361727576,win,llm,llm:rushing,
mmlu,0.7,aip_soft,race,0.89,0.5683333333333334,0.32166666666666666,0.2225,0.42668749999999983,6.681943461790824e-07,80,0.00023453621550885792,win,llm,llm:rushing,
mmlu,0.7,self,race,0.8808333333333334,0.8408333333333331,0.04000000000000002,0.015000000000000024,0.06500000000000003,0.00013918504501431997,80,0.04035420873859722,win,llm,llm:semantic_hallucination,
mmlu,0.7,majority,race,0.8808333333333334,0.2975,0.5833333333333334,0.4691458333333333,0.6941666666666666,2.7055079351718968e-11,80,1.1498408724480562e-08,win,llm,llm:semantic_hallucination,
mmlu,0.7,ds_onecoin,race,0.8808333333333334,0.225,0.6558333333333333,0.55,0.759208333333333,4.3410463870057646e-13,80,1.953470874152594e-10,win,llm,llm:semantic_hallucination,
mmlu,0.7,aip_gated,race,0.8808333333333334,0.6383333333333334,0.2425,0.14497916666666666,0.34418749999999987,0.0001671113355183749,80,0.047960953293773596,win,llm,llm:semantic_hallucination,
mmlu,0.7,aip_soft,race,0.8808333333333334,0.6391666666666668,0.24166666666666664,0.13664583333333333,0.34833333333333333,0.00017078601370354747,80,0.04867401390551103,win,llm,llm:semantic_hallucination,
mmlu,0.7,self,race,0.8991666666666667,0.8408333333333331,0.05833333333333336,0.03833333333333335,0.08000000000000003,1.4962565343482697e-06,80,0.0005072309651440634,win,llm,llm:semantic_negation,
mmlu,0.7,majority,race,0.8991666666666667,0.35250000000000004,0.5466666666666666,0.43000000000000005,0.6625,9.396836280397296e-11,80,3.89029022008448e-08,win,llm,llm:semantic_negation,
mmlu,0.7,ds_onecoin,race,0.8991666666666667,0.35750000000000004,0.5416666666666667,0.4207916666666666,0.6625208333333332,3.0039531456640157e-10,80,1.2226089302852544e-07,win,llm,llm:semantic_negation,
mmlu,0.7,aip_gated,race,0.8991666666666667,0.5824999999999999,0.3166666666666667,0.23331249999999998,0.40166666666666667,2.1915657883897687e-11,80,9.357985916424312e-09,win,llm,llm:semantic_negation,
mmlu,0.7,aip_soft,race,0.8991666666666667,0.5833333333333333,0.3158333333333333,0.23497916666666668,0.4008333333333334,2.490976002637928e-11,80,1.0611557771237573e-08,win,llm,llm:semantic_negation,
