=== 2026-09-20T15:46:21+00:00  .venv/bin/python scripts/phase_b_correlation.py ===
2026-09-20T15:46:22.072435Z [info     ] phase_b.start                  [__main__] flagged=1 models=['gemma4_31b', 'granite42_30b', 'llama32_3b', 'ministral3_14b', 'olmo3_32b_think', 'phi4_mini_reasoning', 'qwen38_27b'] resamples=2000

========================================================================================================
PHASE B — ERROR CORRELATION
========================================================================================================
bootstrap: 2000 resamples over tasks, seed 20250825; 95% percentile CIs

1. WITHIN-MODEL  (GSM8K: greedy sample_index=0 vs T=0.7 sample_index=1)
model                    n  phi (error corr)          co-error                answer agreement
gemma4_31b             500  +0.867 [+0.676, +1.000]   +0.020 [+0.008, +0.034] +0.990 [+0.980, +0.998]
granite42_30b          500  +0.613 [+0.445, +0.754]   +0.034 [+0.020, +0.050] +0.940 [+0.918, +0.960]
llama32_3b             500  +0.483 [+0.388, +0.570]   +0.120 [+0.092, +0.150] +0.744 [+0.706, +0.780]
ministral3_14b         500  +0.618 [+0.404, +0.791]   +0.024 [+0.012, +0.038] +0.966 [+0.950, +0.982]
olmo3_32b_think        500  +0.655 [+0.454, +0.819]   +0.026 [+0.014, +0.042] +0.962 [+0.944, +0.978]
phi4_mini_reasoning    500  +0.572 [+0.418, +0.705]   +0.044 [+0.028, +0.062] +0.928 [+0.904, +0.950]
qwen38_27b             500  +0.844 [+0.665, +0.963]   +0.028 [+0.014, +0.042] +0.978 [+0.964, +0.990]

2. CROSS-MODEL  (greedy caches)

  gsm8k
  pair                                      phi                       co-error                answer agreement
  gemma4_31b + granite42_30b                +0.413 [+0.184, +0.604]   +0.014 [+0.006, +0.026] +0.954 [+0.934, +0.972]
  gemma4_31b + llama32_3b                   +0.199 [+0.080, +0.303]   +0.016 [+0.006, +0.028] +0.800 [+0.764, +0.834]
  gemma4_31b + ministral3_14b               +0.596 [+0.367, +0.768]   +0.018 [+0.008, +0.030] +0.970 [+0.954, +0.984]
  gemma4_31b + olmo3_32b_think              +0.630 [+0.399, +0.802]   +0.018 [+0.008, +0.030] +0.974 [+0.960, +0.986]
  gemma4_31b + phi4_mini_reasoning          +0.440 [+0.249, +0.592]   +0.018 [+0.008, +0.032] +0.940 [+0.918, +0.960]
  gemma4_31b + qwen38_27b                   +0.592 [+0.338, +0.796]   +0.016 [+0.006, +0.028] +0.974 [+0.960, +0.988]
  granite42_30b + llama32_3b                +0.217 [+0.098, +0.326]   +0.028 [+0.014, +0.042] +0.794 [+0.758, +0.830]
  granite42_30b + ministral3_14b            +0.527 [+0.336, +0.702]   +0.024 [+0.012, +0.038] +0.948 [+0.928, +0.966]
  granite42_30b + olmo3_32b_think           +0.459 [+0.251, +0.632]   +0.020 [+0.008, +0.032] +0.944 [+0.924, +0.964]
  granite42_30b + phi4_mini_reasoning       +0.378 [+0.207, +0.536]   +0.024 [+0.012, +0.038] +0.920 [+0.896, +0.942]
  granite42_30b + qwen38_27b                +0.491 [+0.274, +0.667]   +0.020 [+0.008, +0.034] +0.952 [+0.932, +0.970]
  llama32_3b + ministral3_14b               +0.206 [+0.084, +0.315]   +0.024 [+0.012, +0.038] +0.794 [+0.758, +0.830]
  llama32_3b + olmo3_32b_think              +0.146 [+0.030, +0.265]   +0.018 [+0.008, +0.030] +0.790 [+0.752, +0.826]
  llama32_3b + phi4_mini_reasoning          +0.198 [+0.088, +0.308]   +0.034 [+0.020, +0.050] +0.772 [+0.732, +0.808]
  llama32_3b + qwen38_27b                   +0.223 [+0.101, +0.331]   +0.022 [+0.010, +0.036] +0.798 [+0.762, +0.832]
  ministral3_14b + olmo3_32b_think          +0.508 [+0.295, +0.696]   +0.020 [+0.010, +0.032] +0.956 [+0.938, +0.974]
  ministral3_14b + phi4_mini_reasoning      +0.464 [+0.283, +0.617]   +0.026 [+0.014, +0.040] +0.932 [+0.910, +0.952]
  ministral3_14b + qwen38_27b               +0.601 [+0.392, +0.781]   +0.022 [+0.010, +0.036] +0.964 [+0.946, +0.980]
  olmo3_32b_think + phi4_mini_reasoning     +0.494 [+0.318, +0.649]   +0.026 [+0.014, +0.042] +0.932 [+0.910, +0.952]
  olmo3_32b_think + qwen38_27b              +0.758 [+0.569, +0.906]   +0.026 [+0.014, +0.040] +0.970 [+0.954, +0.984]
  phi4_mini_reasoning + qwen38_27b          +0.529 [+0.346, +0.683]   +0.026 [+0.014, +0.040] +0.940 [+0.918, +0.960]

  math500
  pair                                      phi                       co-error                answer agreement
  gemma4_31b + granite42_30b                +0.335 [+0.181, +0.469]   +0.050 [+0.020, +0.080] +0.645 [+0.575, +0.710]
  gemma4_31b + llama32_3b                   +0.141 [+0.019, +0.239]   +0.050 [+0.025, +0.080] +0.395 [+0.325, +0.465]
  gemma4_31b + ministral3_14b               +0.354 [+0.167, +0.508]   +0.045 [+0.020, +0.075] +0.675 [+0.610, +0.740]
  gemma4_31b + olmo3_32b_think              +0.357 [+0.190, +0.498]   +0.050 [+0.025, +0.080] +0.645 [+0.575, +0.710]
  gemma4_31b + phi4_mini_reasoning          +0.331 [+0.201, +0.443]   +0.055 [+0.025, +0.090] +0.590 [+0.515, +0.660]
  gemma4_31b + qwen38_27b                   +0.437 [+0.201, +0.629]   +0.040 [+0.015, +0.070] +0.770 [+0.710, +0.825]
  granite42_30b + llama32_3b                +0.362 [+0.249, +0.469]   +0.220 [+0.165, +0.275] +0.365 [+0.300, +0.435]
  granite42_30b + ministral3_14b            +0.639 [+0.502, +0.757]   +0.160 [+0.110, +0.210] +0.630 [+0.560, +0.695]
  granite42_30b + olmo3_32b_think           +0.758 [+0.643, +0.857]   +0.200 [+0.145, +0.260] +0.640 [+0.565, +0.705]
  granite42_30b + phi4_mini_reasoning       +0.749 [+0.643, +0.842]   +0.230 [+0.170, +0.290] +0.605 [+0.530, +0.675]
  granite42_30b + qwen38_27b                +0.544 [+0.405, +0.661]   +0.105 [+0.065, +0.150] +0.685 [+0.620, +0.750]
  llama32_3b + ministral3_14b               +0.263 [+0.134, +0.377]   +0.160 [+0.110, +0.215] +0.355 [+0.290, +0.420]
  llama32_3b + olmo3_32b_think              +0.401 [+0.300, +0.500]   +0.215 [+0.160, +0.275] +0.370 [+0.305, +0.435]
  llama32_3b + phi4_mini_reasoning          +0.361 [+0.239, +0.471]   +0.255 [+0.195, +0.315] +0.350 [+0.285, +0.415]
  llama32_3b + qwen38_27b                   +0.228 [+0.110, +0.329]   +0.100 [+0.060, +0.145] +0.430 [+0.360, +0.495]
  ministral3_14b + olmo3_32b_think          +0.590 [+0.439, +0.722]   +0.145 [+0.100, +0.195] +0.705 [+0.640, +0.770]
  ministral3_14b + phi4_mini_reasoning      +0.598 [+0.474, +0.709]   +0.170 [+0.120, +0.225] +0.650 [+0.580, +0.720]
  ministral3_14b + qwen38_27b               +0.535 [+0.366, +0.684]   +0.090 [+0.050, +0.130] +0.690 [+0.620, +0.755]
  olmo3_32b_think + phi4_mini_reasoning     +0.776 [+0.678, +0.860]   +0.225 [+0.165, +0.285] +0.675 [+0.605, +0.745]
  olmo3_32b_think + qwen38_27b              +0.539 [+0.385, +0.669]   +0.100 [+0.060, +0.145] +0.665 [+0.595, +0.730]
  phi4_mini_reasoning + qwen38_27b          +0.504 [+0.386, +0.610]   +0.110 [+0.065, +0.155] +0.620 [+0.550, +0.690]

  mmlu
  pair                                      phi                       co-error                answer agreement
  gemma4_31b + granite42_30b                +0.445 [+0.237, +0.615]   +0.055 [+0.025, +0.085] +0.875 [+0.830, +0.920]
  gemma4_31b + llama32_3b                   +0.126 [-0.023, +0.265]   +0.045 [+0.020, +0.075] +0.630 [+0.560, +0.695]
  gemma4_31b + ministral3_14b               +0.507 [+0.312, +0.673]   +0.060 [+0.030, +0.095] +0.890 [+0.845, +0.930]
  gemma4_31b + olmo3_32b_think              +0.475 [+0.240, +0.677]   +0.045 [+0.020, +0.075] +0.915 [+0.875, +0.950]
  gemma4_31b + phi4_mini_reasoning          +0.347 [+0.168, +0.492]   +0.055 [+0.025, +0.090] +0.795 [+0.735, +0.845]
  gemma4_31b + qwen38_27b                   +0.555 [+0.318, +0.745]   +0.050 [+0.025, +0.080] +0.925 [+0.885, +0.960]
  granite42_30b + llama32_3b                +0.355 [+0.225, +0.484]   +0.125 [+0.080, +0.175] +0.690 [+0.625, +0.750]
  granite42_30b + ministral3_14b            +0.454 [+0.285, +0.617]   +0.085 [+0.050, +0.125] +0.855 [+0.805, +0.905]
  granite42_30b + olmo3_32b_think           +0.536 [+0.348, +0.698]   +0.075 [+0.040, +0.115] +0.890 [+0.845, +0.930]
  granite42_30b + phi4_mini_reasoning       +0.418 [+0.256, +0.566]   +0.100 [+0.060, +0.145] +0.785 [+0.725, +0.840]
  granite42_30b + qwen38_27b                +0.417 [+0.223, +0.583]   +0.060 [+0.030, +0.095] +0.855 [+0.805, +0.905]
  llama32_3b + ministral3_14b               +0.286 [+0.148, +0.419]   +0.110 [+0.070, +0.155] +0.665 [+0.600, +0.725]
  llama32_3b + olmo3_32b_think              +0.284 [+0.151, +0.410]   +0.080 [+0.045, +0.120] +0.665 [+0.600, +0.725]
  llama32_3b + phi4_mini_reasoning          +0.287 [+0.144, +0.427]   +0.145 [+0.095, +0.195] +0.615 [+0.545, +0.680]
  llama32_3b + qwen38_27b                   +0.234 [+0.088, +0.367]   +0.070 [+0.035, +0.110] +0.645 [+0.580, +0.710]
  ministral3_14b + olmo3_32b_think          +0.548 [+0.353, +0.707]   +0.075 [+0.040, +0.115] +0.895 [+0.850, +0.935]
  ministral3_14b + phi4_mini_reasoning      +0.365 [+0.190, +0.510]   +0.090 [+0.055, +0.130] +0.785 [+0.725, +0.835]
  ministral3_14b + qwen38_27b               +0.380 [+0.173, +0.561]   +0.055 [+0.025, +0.090] +0.860 [+0.810, +0.905]
  olmo3_32b_think + phi4_mini_reasoning     +0.379 [+0.199, +0.527]   +0.070 [+0.040, +0.105] +0.795 [+0.735, +0.850]
  olmo3_32b_think + qwen38_27b              +0.574 [+0.356, +0.747]   +0.060 [+0.030, +0.095] +0.925 [+0.885, +0.960]
  phi4_mini_reasoning + qwen38_27b          +0.356 [+0.184, +0.513]   +0.065 [+0.035, +0.100] +0.790 [+0.730, +0.845]

  medqa
  pair                                      phi                       co-error                answer agreement
  gemma4_31b + granite42_30b                +0.167 [+0.010, +0.303]   +0.045 [+0.020, +0.075] +0.670 [+0.605, +0.735]
  gemma4_31b + llama32_3b                   +0.194 [+0.058, +0.308]   +0.060 [+0.030, +0.095] +0.555 [+0.485, +0.625]
  gemma4_31b + ministral3_14b               +0.412 [+0.233, +0.555]   +0.060 [+0.030, +0.095] +0.815 [+0.765, +0.870]
  gemma4_31b + olmo3_32b_think              +0.215 [+0.028, +0.375]   +0.040 [+0.015, +0.070] +0.770 [+0.710, +0.825]
  gemma4_31b + phi4_mini_reasoning          +0.113 [-0.034, +0.252]   +0.045 [+0.020, +0.075] +0.585 [+0.515, +0.655]
  gemma4_31b + qwen38_27b                   +0.517 [+0.236, +0.723]   +0.040 [+0.015, +0.070] +0.925 [+0.885, +0.960]
  granite42_30b + llama32_3b                +0.259 [+0.119, +0.393]   +0.210 [+0.155, +0.270] +0.555 [+0.485, +0.625]
  granite42_30b + ministral3_14b            +0.429 [+0.281, +0.566]   +0.150 [+0.100, +0.205] +0.715 [+0.650, +0.775]
  granite42_30b + olmo3_32b_think           +0.430 [+0.282, +0.565]   +0.155 [+0.110, +0.210] +0.715 [+0.650, +0.780]
  granite42_30b + phi4_mini_reasoning       +0.189 [+0.049, +0.320]   +0.175 [+0.125, +0.230] +0.540 [+0.470, +0.605]
  granite42_30b + qwen38_27b                +0.228 [+0.068, +0.359]   +0.050 [+0.020, +0.080] +0.680 [+0.615, +0.745]
  llama32_3b + ministral3_14b               +0.263 [+0.127, +0.396]   +0.150 [+0.100, +0.205] +0.575 [+0.505, +0.645]
  llama32_3b + olmo3_32b_think              +0.188 [+0.045, +0.317]   +0.140 [+0.095, +0.190] +0.540 [+0.470, +0.610]
  llama32_3b + phi4_mini_reasoning          +0.240 [+0.101, +0.372]   +0.245 [+0.190, +0.305] +0.480 [+0.415, +0.550]
  llama32_3b + qwen38_27b                   +0.140 [-0.004, +0.263]   +0.050 [+0.025, +0.080] +0.550 [+0.480, +0.620]
  ministral3_14b + olmo3_32b_think          +0.408 [+0.241, +0.559]   +0.115 [+0.075, +0.165] +0.775 [+0.715, +0.830]
  ministral3_14b + phi4_mini_reasoning      +0.275 [+0.135, +0.406]   +0.140 [+0.095, +0.190] +0.605 [+0.540, +0.675]
  ministral3_14b + qwen38_27b               +0.388 [+0.212, +0.533]   +0.055 [+0.025, +0.090] +0.820 [+0.770, +0.870]
  olmo3_32b_think + phi4_mini_reasoning     +0.275 [+0.133, +0.406]   +0.145 [+0.100, +0.195] +0.575 [+0.510, +0.645]
  olmo3_32b_think + qwen38_27b              +0.280 [+0.111, +0.432]   +0.045 [+0.020, +0.075] +0.775 [+0.720, +0.830]
  phi4_mini_reasoning + qwen38_27b          +0.173 [+0.033, +0.303]   +0.050 [+0.020, +0.080] +0.595 [+0.525, +0.660]

  boolq
  pair                                      phi                       co-error                answer agreement
  gemma4_31b + granite42_30b                +0.596 [+0.379, +0.780]   +0.055 [+0.025, +0.090] +0.935 [+0.900, +0.965]
  gemma4_31b + llama32_3b                   +0.217 [+0.044, +0.408]   +0.040 [+0.015, +0.070] +0.815 [+0.760, +0.870]
  gemma4_31b + ministral3_14b               +0.651 [+0.453, +0.815]   +0.065 [+0.035, +0.100] +0.940 [+0.905, +0.970]
  gemma4_31b + olmo3_32b_think              +0.651 [+0.449, +0.823]   +0.065 [+0.030, +0.100] +0.940 [+0.905, +0.970]
  gemma4_31b + phi4_mini_reasoning          +0.444 [+0.268, +0.613]   +0.065 [+0.035, +0.100] +0.865 [+0.820, +0.910]
  gemma4_31b + qwen38_27b                   +0.696 [+0.484, +0.861]   +0.065 [+0.030, +0.100] +0.950 [+0.915, +0.975]
  granite42_30b + llama32_3b                +0.406 [+0.225, +0.577]   +0.055 [+0.025, +0.090] +0.860 [+0.810, +0.910]
  granite42_30b + ministral3_14b            +0.596 [+0.371, +0.779]   +0.055 [+0.025, +0.090] +0.935 [+0.900, +0.970]
  granite42_30b + olmo3_32b_think           +0.470 [+0.254, +0.680]   +0.045 [+0.020, +0.075] +0.915 [+0.875, +0.950]
  granite42_30b + phi4_mini_reasoning       +0.406 [+0.233, +0.571]   +0.055 [+0.025, +0.090] +0.860 [+0.815, +0.905]
  granite42_30b + qwen38_27b                +0.571 [+0.334, +0.769]   +0.050 [+0.020, +0.080] +0.935 [+0.900, +0.965]
  llama32_3b + ministral3_14b               +0.444 [+0.255, +0.614]   +0.065 [+0.030, +0.100] +0.865 [+0.815, +0.915]
  llama32_3b + olmo3_32b_think              +0.262 [+0.080, +0.442]   +0.045 [+0.020, +0.075] +0.825 [+0.770, +0.880]
  llama32_3b + phi4_mini_reasoning          +0.362 [+0.187, +0.531]   +0.080 [+0.045, +0.120] +0.820 [+0.765, +0.870]
  llama32_3b + qwen38_27b                   +0.244 [+0.075, +0.424]   +0.040 [+0.015, +0.070] +0.825 [+0.775, +0.875]
  ministral3_14b + olmo3_32b_think          +0.651 [+0.469, +0.819]   +0.065 [+0.035, +0.100] +0.940 [+0.905, +0.970]
  ministral3_14b + phi4_mini_reasoning      +0.489 [+0.319, +0.639]   +0.070 [+0.035, +0.105] +0.875 [+0.830, +0.920]
  ministral3_14b + qwen38_27b               +0.635 [+0.439, +0.808]   +0.060 [+0.030, +0.095] +0.940 [+0.905, +0.970]
  olmo3_32b_think + phi4_mini_reasoning     +0.307 [+0.130, +0.481]   +0.050 [+0.020, +0.085] +0.835 [+0.780, +0.885]
  olmo3_32b_think + qwen38_27b              +0.635 [+0.426, +0.804]   +0.060 [+0.030, +0.095] +0.940 [+0.905, +0.970]
  phi4_mini_reasoning + qwen38_27b          +0.530 [+0.358, +0.680]   +0.070 [+0.040, +0.105] +0.885 [+0.840, +0.930]

  arc
  pair                                      phi                       co-error                answer agreement
  gemma4_31b + granite42_30b                undefined                 +0.000 [+0.000, +0.000] +0.960 [+0.930, +0.985]
  gemma4_31b + llama32_3b                   undefined                 +0.000 [+0.000, +0.000] +0.820 [+0.765, +0.870]
  gemma4_31b + ministral3_14b               undefined                 +0.000 [+0.000, +0.000] +0.940 [+0.905, +0.970]
  gemma4_31b + olmo3_32b_think              undefined                 +0.000 [+0.000, +0.000] +0.960 [+0.930, +0.985]
  gemma4_31b + phi4_mini_reasoning          undefined                 +0.000 [+0.000, +0.000] +0.895 [+0.850, +0.935]
  gemma4_31b + qwen38_27b                   undefined                 +0.000 [+0.000, +0.000] +0.980 [+0.960, +0.995]
  granite42_30b + llama32_3b                +0.303 [+0.110, +0.471]   +0.030 [+0.010, +0.055] +0.830 [+0.775, +0.880]
  granite42_30b + ministral3_14b            +0.378 [+0.079, +0.622]   +0.020 [+0.005, +0.040] +0.940 [+0.910, +0.970]
  granite42_30b + olmo3_32b_think           +0.479 [+0.120, +0.764]   +0.020 [+0.005, +0.040] +0.960 [+0.930, +0.985]
  granite42_30b + phi4_mini_reasoning       +0.346 [+0.088, +0.556]   +0.025 [+0.005, +0.050] +0.895 [+0.850, +0.935]
  granite42_30b + qwen38_27b                +0.335 [-0.023, +0.664]   +0.010 [+0.000, +0.025] +0.960 [+0.930, +0.985]
  llama32_3b + ministral3_14b               +0.265 [+0.075, +0.446]   +0.035 [+0.010, +0.060] +0.825 [+0.770, +0.875]
  llama32_3b + olmo3_32b_think              +0.170 [-0.029, +0.361]   +0.020 [+0.005, +0.040] +0.820 [+0.765, +0.870]
  llama32_3b + phi4_mini_reasoning          +0.222 [+0.047, +0.392]   +0.045 [+0.020, +0.075] +0.785 [+0.725, +0.840]
  llama32_3b + qwen38_27b                   +0.212 [-0.032, +0.370]   +0.015 [+0.000, +0.035] +0.830 [+0.775, +0.880]
  ministral3_14b + olmo3_32b_think          +0.486 [+0.167, +0.734]   +0.025 [+0.005, +0.050] +0.950 [+0.920, +0.980]
  ministral3_14b + phi4_mini_reasoning      +0.257 [+0.035, +0.457]   +0.025 [+0.005, +0.050] +0.875 [+0.830, +0.920]
  ministral3_14b + qwen38_27b               +0.415 [-0.014, +0.698]   +0.015 [+0.000, +0.035] +0.950 [+0.920, +0.980]
  olmo3_32b_think + phi4_mini_reasoning     +0.263 [+0.021, +0.489]   +0.020 [+0.005, +0.040] +0.890 [+0.845, +0.935]
  olmo3_32b_think + qwen38_27b              +0.335 [-0.023, +0.663]   +0.010 [+0.000, +0.025] +0.960 [+0.930, +0.985]
  phi4_mini_reasoning + qwen38_27b          +0.068 [-0.059, +0.282]   +0.005 [+0.000, +0.015] +0.885 [+0.840, +0.930]

3. BLIND ESTIMATOR VALIDATION  (attenuation law, no gold labels)
  benchmark    pairs                     MAE  [95% CI]   mean blind  mean truth
  gsm8k           21          0.0260  [0.0223, 0.0294]       0.4056      0.3796
  math500         21          0.0590  [0.0442, 0.0750]       0.0788      0.1213
  mmlu            21          0.0838  [0.0738, 0.0934]       0.2974      0.2136
  medqa           21          0.0442  [0.0312, 0.0594]       0.1579      0.1162
  boolq           21          0.0912  [0.0822, 0.0994]       0.3905      0.2993
  arc             21          0.0206  [0.0137, 0.0271]       0.4005      0.3799
  OVERALL        126          0.0541  [0.0476, 0.0606]       0.2884      0.2516

   induced blind marginal error rate vs true error rate
   benchmark model                    true e   blind e   abs err
   gsm8k     gemma4_31b                0.022     0.010     0.012
   gsm8k     granite42_30b             0.048     0.032     0.016
   gsm8k     llama32_3b                0.198     0.193     0.005
   gsm8k     ministral3_14b            0.040     0.021     0.019
   gsm8k     olmo3_32b_think           0.036     0.021     0.015
   gsm8k     phi4_mini_reasoning       0.070     0.051     0.019
   gsm8k     qwen38_27b                0.032     0.014     0.018
   math500   gemma4_31b                0.060     0.220     0.160
   math500   granite42_30b             0.255     0.239     0.016
   math500   llama32_3b                0.555     0.279     0.276
   math500   ministral3_14b            0.195     0.181     0.014
   math500   olmo3_32b_think           0.235     0.194     0.041
   math500   phi4_mini_reasoning       0.310     0.259     0.051
   math500   qwen38_27b                0.115     0.197     0.082
   mmlu      gemma4_31b                0.075     0.062     0.013
   mmlu      granite42_30b             0.160     0.061     0.099
   mmlu      llama32_3b                0.385     0.321     0.064
   mmlu      ministral3_14b            0.155     0.068     0.087
   mmlu      olmo3_32b_think           0.100     0.036     0.064
   mmlu      phi4_mini_reasoning       0.225     0.172     0.053
   mmlu      qwen38_27b                0.095     0.064     0.031
   medqa     gemma4_31b                0.075     0.101     0.026
   medqa     granite42_30b             0.325     0.243     0.082
   medqa     llama32_3b                0.460     0.424     0.036
   medqa     ministral3_14b            0.210     0.066     0.144
   medqa     olmo3_32b_think           0.220     0.157     0.063
   medqa     phi4_mini_reasoning       0.405     0.393     0.012
   medqa     qwen38_27b                0.070     0.091     0.021
   boolq     gemma4_31b                0.095     0.037     0.058
   boolq     granite42_30b             0.080     0.035     0.045
   boolq     llama32_3b                0.170     0.131     0.039
   boolq     ministral3_14b            0.095     0.023     0.072
   boolq     olmo3_32b_think           0.095     0.048     0.047
   boolq     phi4_mini_reasoning       0.170     0.102     0.068
   boolq     qwen38_27b                0.085     0.029     0.056
   arc       gemma4_31b                0.000     0.019     0.019
   arc       granite42_30b             0.040     0.021     0.019
   arc       llama32_3b                0.180     0.158     0.022
   arc       ministral3_14b            0.060     0.035     0.025
   arc       olmo3_32b_think           0.040     0.023     0.017
   arc       phi4_mini_reasoning       0.105     0.092     0.013
   arc       qwen38_27b                0.020     0.017     0.003
   mean absolute error of blind marginal recovery: 0.0486

4. EFFECTIVE SWARM SIZE  (N=10)
  composition                                   benchmark   rho_bar   N_eff
  homogeneous: gemma4_31b                       gsm8k        +0.867    1.14
  homogeneous: granite42_30b                    gsm8k        +0.613    1.53
  homogeneous: llama32_3b                       gsm8k        +0.483    1.87
  homogeneous: ministral3_14b                   gsm8k        +0.618    1.52
  homogeneous: olmo3_32b_think                  gsm8k        +0.655    1.45
  homogeneous: phi4_mini_reasoning              gsm8k        +0.572    1.63
  homogeneous: qwen38_27b                       gsm8k        +0.844    1.16
  mixed: gemma4_31b + granite42_30b             gsm8k        +0.558    1.66
  mixed: gemma4_31b + llama32_3b                gsm8k        +0.411    2.13
  mixed: gemma4_31b + ministral3_14b            gsm8k        +0.661    1.44
  mixed: gemma4_31b + olmo3_32b_think           gsm8k        +0.688    1.39
  mixed: gemma4_31b + phi4_mini_reasoning       gsm8k        +0.564    1.65
  mixed: gemma4_31b + qwen38_27b                gsm8k        +0.709    1.35
  mixed: granite42_30b + llama32_3b             gsm8k        +0.364    2.34
  mixed: granite42_30b + ministral3_14b         gsm8k        +0.566    1.64
  mixed: granite42_30b + olmo3_32b_think        gsm8k        +0.537    1.72
  mixed: granite42_30b + phi4_mini_reasoning    gsm8k        +0.474    1.90
  mixed: granite42_30b + qwen38_27b             gsm8k        +0.596    1.57
  mixed: llama32_3b + ministral3_14b            gsm8k        +0.359    2.36
  mixed: llama32_3b + olmo3_32b_think           gsm8k        +0.334    2.49
  mixed: llama32_3b + phi4_mini_reasoning       gsm8k        +0.345    2.44
  mixed: llama32_3b + qwen38_27b                gsm8k        +0.419    2.10
  mixed: ministral3_14b + olmo3_32b_think       gsm8k        +0.565    1.64
  mixed: ministral3_14b + phi4_mini_reasoning   gsm8k        +0.522    1.75
  mixed: ministral3_14b + qwen38_27b            gsm8k        +0.659    1.44
  mixed: olmo3_32b_think + phi4_mini_reasoning  gsm8k        +0.547    1.69
  mixed: olmo3_32b_think + qwen38_27b           gsm8k        +0.754    1.28
  mixed: phi4_mini_reasoning + qwen38_27b       gsm8k        +0.609    1.54
  mixed: gemma4_31b + granite42_30b             math500      +0.335    2.49
  mixed: gemma4_31b + llama32_3b                math500      +0.141    4.40
  mixed: gemma4_31b + ministral3_14b            math500      +0.354    2.39
  mixed: gemma4_31b + olmo3_32b_think           math500      +0.357    2.38
  mixed: gemma4_31b + phi4_mini_reasoning       math500      +0.331    2.51
  mixed: gemma4_31b + qwen38_27b                math500      +0.437    2.03
  mixed: granite42_30b + llama32_3b             math500      +0.362    2.35
  mixed: granite42_30b + ministral3_14b         math500      +0.639    1.48
  mixed: granite42_30b + olmo3_32b_think        math500      +0.758    1.28
  mixed: granite42_30b + phi4_mini_reasoning    math500      +0.749    1.29
  mixed: granite42_30b + qwen38_27b             math500      +0.544    1.70
  mixed: llama32_3b + ministral3_14b            math500      +0.263    2.97
  mixed: llama32_3b + olmo3_32b_think           math500      +0.401    2.17
  mixed: llama32_3b + phi4_mini_reasoning       math500      +0.361    2.35
  mixed: llama32_3b + qwen38_27b                math500      +0.228    3.27
  mixed: ministral3_14b + olmo3_32b_think       math500      +0.590    1.58
  mixed: ministral3_14b + phi4_mini_reasoning   math500      +0.598    1.57
  mixed: ministral3_14b + qwen38_27b            math500      +0.535    1.72
  mixed: olmo3_32b_think + phi4_mini_reasoning  math500      +0.776    1.25
  mixed: olmo3_32b_think + qwen38_27b           math500      +0.539    1.71
  mixed: phi4_mini_reasoning + qwen38_27b       math500      +0.504    1.81
  mixed: gemma4_31b + granite42_30b             mmlu         +0.445    2.00
  mixed: gemma4_31b + llama32_3b                mmlu         +0.126    4.69
  mixed: gemma4_31b + ministral3_14b            mmlu         +0.507    1.80
  mixed: gemma4_31b + olmo3_32b_think           mmlu         +0.475    1.90
  mixed: gemma4_31b + phi4_mini_reasoning       mmlu         +0.347    2.43
  mixed: gemma4_31b + qwen38_27b                mmlu         +0.555    1.67
  mixed: granite42_30b + llama32_3b             mmlu         +0.355    2.38
  mixed: granite42_30b + ministral3_14b         mmlu         +0.454    1.97
  mixed: granite42_30b + olmo3_32b_think        mmlu         +0.536    1.72
  mixed: granite42_30b + phi4_mini_reasoning    mmlu         +0.418    2.10
  mixed: granite42_30b + qwen38_27b             mmlu         +0.417    2.10
  mixed: llama32_3b + ministral3_14b            mmlu         +0.286    2.80
  mixed: llama32_3b + olmo3_32b_think           mmlu         +0.284    2.81
  mixed: llama32_3b + phi4_mini_reasoning       mmlu         +0.287    2.79
  mixed: llama32_3b + qwen38_27b                mmlu         +0.234    3.22
  mixed: ministral3_14b + olmo3_32b_think       mmlu         +0.548    1.69
  mixed: ministral3_14b + phi4_mini_reasoning   mmlu         +0.365    2.33
  mixed: ministral3_14b + qwen38_27b            mmlu         +0.380    2.26
  mixed: olmo3_32b_think + phi4_mini_reasoning  mmlu         +0.379    2.27
  mixed: olmo3_32b_think + qwen38_27b           mmlu         +0.574    1.62
  mixed: phi4_mini_reasoning + qwen38_27b       mmlu         +0.356    2.38
  mixed: gemma4_31b + granite42_30b             medqa        +0.167    3.99
  mixed: gemma4_31b + llama32_3b                medqa        +0.194    3.64
  mixed: gemma4_31b + ministral3_14b            medqa        +0.412    2.12
  mixed: gemma4_31b + olmo3_32b_think           medqa        +0.215    3.40
  mixed: gemma4_31b + phi4_mini_reasoning       medqa        +0.113    4.96
  mixed: gemma4_31b + qwen38_27b                medqa        +0.517    1.77
  mixed: granite42_30b + llama32_3b             medqa        +0.259    3.00
  mixed: granite42_30b + ministral3_14b         medqa        +0.429    2.06
  mixed: granite42_30b + olmo3_32b_think        medqa        +0.430    2.05
  mixed: granite42_30b + phi4_mini_reasoning    medqa        +0.189    3.71
  mixed: granite42_30b + qwen38_27b             medqa        +0.228    3.28
  mixed: llama32_3b + ministral3_14b            medqa        +0.263    2.97
  mixed: llama32_3b + olmo3_32b_think           medqa        +0.188    3.72
  mixed: llama32_3b + phi4_mini_reasoning       medqa        +0.240    3.17
  mixed: llama32_3b + qwen38_27b                medqa        +0.140    4.43
  mixed: ministral3_14b + olmo3_32b_think       medqa        +0.408    2.14
  mixed: ministral3_14b + phi4_mini_reasoning   medqa        +0.275    2.88
  mixed: ministral3_14b + qwen38_27b            medqa        +0.388    2.23
  mixed: olmo3_32b_think + phi4_mini_reasoning  medqa        +0.275    2.88
  mixed: olmo3_32b_think + qwen38_27b           medqa        +0.280    2.84
  mixed: phi4_mini_reasoning + qwen38_27b       medqa        +0.173    3.91
  mixed: gemma4_31b + granite42_30b             boolq        +0.596    1.57
  mixed: gemma4_31b + llama32_3b                boolq        +0.217    3.39
  mixed: gemma4_31b + ministral3_14b            boolq        +0.651    1.46
  mixed: gemma4_31b + olmo3_32b_think           boolq        +0.651    1.46
  mixed: gemma4_31b + phi4_mini_reasoning       boolq        +0.444    2.00
  mixed: gemma4_31b + qwen38_27b                boolq        +0.696    1.38
  mixed: granite42_30b + llama32_3b             boolq        +0.406    2.15
  mixed: granite42_30b + ministral3_14b         boolq        +0.596    1.57
  mixed: granite42_30b + olmo3_32b_think        boolq        +0.470    1.91
  mixed: granite42_30b + phi4_mini_reasoning    boolq        +0.406    2.15
  mixed: granite42_30b + qwen38_27b             boolq        +0.571    1.63
  mixed: llama32_3b + ministral3_14b            boolq        +0.444    2.00
  mixed: llama32_3b + olmo3_32b_think           boolq        +0.262    2.98
  mixed: llama32_3b + phi4_mini_reasoning       boolq        +0.362    2.35
  mixed: llama32_3b + qwen38_27b                boolq        +0.244    3.13
  mixed: ministral3_14b + olmo3_32b_think       boolq        +0.651    1.46
  mixed: ministral3_14b + phi4_mini_reasoning   boolq        +0.489    1.85
  mixed: ministral3_14b + qwen38_27b            boolq        +0.635    1.49
  mixed: olmo3_32b_think + phi4_mini_reasoning  boolq        +0.307    2.66
  mixed: olmo3_32b_think + qwen38_27b           boolq        +0.635    1.49
  mixed: phi4_mini_reasoning + qwen38_27b       boolq        +0.530    1.73
  mixed: gemma4_31b + granite42_30b             arc       undefined      --
  mixed: gemma4_31b + llama32_3b                arc       undefined      --
  mixed: gemma4_31b + ministral3_14b            arc       undefined      --
  mixed: gemma4_31b + olmo3_32b_think           arc       undefined      --
  mixed: gemma4_31b + phi4_mini_reasoning       arc       undefined      --
  mixed: gemma4_31b + qwen38_27b                arc       undefined      --
  mixed: granite42_30b + llama32_3b             arc          +0.303    2.68
  mixed: granite42_30b + ministral3_14b         arc          +0.378    2.27
  mixed: granite42_30b + olmo3_32b_think        arc          +0.479    1.88
  mixed: granite42_30b + phi4_mini_reasoning    arc          +0.346    2.43
  mixed: granite42_30b + qwen38_27b             arc          +0.335    2.49
  mixed: llama32_3b + ministral3_14b            arc          +0.265    2.95
  mixed: llama32_3b + olmo3_32b_think           arc          +0.170    3.95
  mixed: llama32_3b + phi4_mini_reasoning       arc          +0.222    3.34
  mixed: llama32_3b + qwen38_27b                arc          +0.212    3.44
  mixed: ministral3_14b + olmo3_32b_think       arc          +0.486    1.86
  mixed: ministral3_14b + phi4_mini_reasoning   arc          +0.257    3.02
  mixed: ministral3_14b + qwen38_27b            arc          +0.415    2.11
  mixed: olmo3_32b_think + phi4_mini_reasoning  arc          +0.263    2.97
  mixed: olmo3_32b_think + qwen38_27b           arc          +0.335    2.49
  mixed: phi4_mini_reasoning + qwen38_27b       arc          +0.068    6.22

wrote results/correlation/*.parquet and paper/figures/correlation_heatmap.pdf
=== 2026-09-20T15:47:23+00:00  .venv/bin/python scripts/phase_b2_multiclass.py ===
2026-09-20T15:47:24.229980Z [info     ] phase_b2.start                 [__main__] models=['gemma4_31b', 'granite42_30b', 'llama32_3b', 'ministral3_14b', 'ministral_8b', 'olmo2_7b', 'olmo3_32b_think', 'phi4_mini_reasoning', 'qwen38_27b'] resamples=1000
2026-09-20T15:55:27.516688Z [info     ] phase_b2.benchmark_done        [__main__] benchmark=gsm8k mae_error_binary=0.015 mae_error_mc=0.0104 mae_product_binary=0.0257 mae_product_delta=-0.008 mae_product_mc=0.0177 mae_q=0.2684 mean_q_blind=0.2198 mean_q_true=0.4626 n_both_wrong_pooled=472.0 q_pooled=0.4153
2026-09-20T16:08:14.188480Z [info     ] phase_b2.benchmark_done        [__main__] benchmark=math500 mae_error_binary=0.1702 mae_error_mc=0.044 mae_product_binary=0.0813 mae_product_delta=-0.0493 mae_product_mc=0.0319 mae_q=0.05 mean_q_blind=0.081 mean_q_true=0.0481 n_both_wrong_pooled=1224.0 q_pooled=0.0376
2026-09-20T16:19:29.705208Z [info     ] phase_b2.benchmark_done        [__main__] benchmark=mmlu mae_error_binary=0.062 mae_error_mc=0.0486 mae_product_binary=0.0791 mae_product_delta=-0.0183 mae_product_mc=0.0608 mae_q=0.144 mean_q_blind=0.6666 mean_q_true=0.8049 n_both_wrong_pooled=684.0 q_pooled=0.7485
2026-09-20T16:32:43.369357Z [info     ] phase_b2.benchmark_done        [__main__] benchmark=medqa mae_error_binary=0.0875 mae_error_mc=0.0375 mae_product_binary=0.0415 mae_product_delta=-0.0114 mae_product_mc=0.0301 mae_q=0.0894 mean_q_blind=0.5013 mean_q_true=0.5488 n_both_wrong_pooled=994.0 q_pooled=0.5443
2026-09-20T16:42:11.079970Z [info     ] phase_b2.benchmark_done        [__main__] benchmark=boolq mae_error_binary=0.0618 mae_error_mc=0.0494 mae_product_binary=0.1005 mae_product_delta=-0.0214 mae_product_mc=0.0791 mae_q=0.0 mean_q_blind=1.0 mean_q_true=1.0 n_both_wrong_pooled=471.0 q_pooled=1.0
2026-09-20T16:51:02.684544Z [info     ] phase_b2.benchmark_done        [__main__] benchmark=arc mae_error_binary=0.0229 mae_error_mc=0.0143 mae_product_binary=0.0271 mae_product_delta=-0.0104 mae_product_mc=0.0167 mae_q=0.1536 mean_q_blind=0.7072 mean_q_true=0.797 n_both_wrong_pooled=172.0 q_pooled=0.75

====================================================================================================
PHASE B2 — MULTICLASS ATTENUATION LAW
====================================================================================================
bootstrap: 1000 resamples over tasks, seed 20250825

1. PAIRWISE PRODUCT  (1-2e_i)(1-2e_j)/2 — MAE vs ground truth
benchmark              binary law [95% CI]           multiclass law [95% CI]       verdict
gsm8k              0.0257 [0.0134, 0.0405]           0.0177 [0.0069, 0.0310]      IMPROVED
math500            0.0813 [0.0621, 0.1035]           0.0319 [0.0181, 0.0506]      IMPROVED
mmlu               0.0791 [0.0496, 0.1120]           0.0608 [0.0296, 0.0921]      IMPROVED
medqa              0.0415 [0.0340, 0.0564]           0.0301 [0.0167, 0.0455]      IMPROVED
boolq              0.1005 [0.0618, 0.1411]           0.0791 [0.0422, 0.1216]      IMPROVED
arc                0.0271 [0.0148, 0.0426]           0.0167 [0.0029, 0.0343]      IMPROVED

   paired difference (multiclass - binary); negative favours multiclass
   benchmark                 delta MAE [95% CI]
   gsm8k             -0.0080 [-0.0109, -0.0051]
   math500           -0.0493 [-0.0702, -0.0284]
   mmlu              -0.0183 [-0.0254, -0.0112]
   medqa             -0.0114 [-0.0229, -0.0040]
   boolq             -0.0214 [-0.0285, -0.0137]
   arc               -0.0104 [-0.0173, -0.0036]

2. MARGINAL ERROR RATES e_i — MAE vs ground truth
benchmark              binary law [95% CI]           multiclass law [95% CI]       verdict
gsm8k              0.0150 [0.0076, 0.0238]           0.0104 [0.0044, 0.0187]      IMPROVED
math500            0.1702 [0.1119, 0.2114]           0.0440 [0.0253, 0.0667]      IMPROVED
mmlu               0.0620 [0.0418, 0.0932]           0.0486 [0.0240, 0.0768]      IMPROVED
medqa              0.0875 [0.0641, 0.1388]           0.0375 [0.0215, 0.0677]      IMPROVED
boolq              0.0618 [0.0368, 0.0899]           0.0494 [0.0272, 0.0779]      IMPROVED
arc                0.0229 [0.0126, 0.0382]           0.0143 [0.0025, 0.0306]      IMPROVED

3. COINCIDENCE q_ij — blind estimate vs ground truth
benchmark                  MAE(q) [95% CI]  mean q true  mean q blind
gsm8k              0.2684 [0.1771, 0.4329]       0.4626        0.2198
math500            0.0500 [0.0346, 0.0929]       0.0481        0.0810
mmlu               0.1440 [0.0962, 0.2310]       0.8049        0.6666
medqa              0.0894 [0.0806, 0.1830]       0.5488        0.5013
boolq              0.0000 [0.0000, 0.0000]       1.0000        1.0000
arc                0.1536 [0.0185, 0.2586]       0.7970        0.7072

4. POOLED HONEST q  (all jointly-wrong events on the benchmark)
benchmark   events               q pooled [95% CI]  chance  verdict
gsm8k          472            0.415 [0.236, 0.577]   0.000  ABOVE CHANCE
math500       1224            0.038 [0.017, 0.063]   0.000  ABOVE CHANCE
mmlu           684            0.749 [0.662, 0.815]   0.333  ABOVE CHANCE
medqa          994            0.544 [0.493, 0.600]   0.333  ABOVE CHANCE
boolq          471            1.000 [1.000, 1.000]   1.000  consistent with chance
arc            172            0.750 [0.616, 0.857]   0.333  ABOVE CHANCE

5. HONEST q_ij PER PAIR  (ground truth; chance is 1/3 on MMLU, ~0 open-ended)
benchmarkpair                                     n both wrong                  q [95% CI]  chance  above chance?
gsm8k    gemma4_31b + granite42_30b                          7        0.714 [0.250, 1.000]   0.000  YES
gsm8k    gemma4_31b + llama32_3b                             8        0.250 [0.000, 0.625]   0.000  no
gsm8k    gemma4_31b + ministral3_14b                         9        0.778 [0.500, 1.000]   0.000  YES
gsm8k    gemma4_31b + ministral_8b                           9        0.556 [0.200, 0.889]   0.000  YES
gsm8k    gemma4_31b + olmo2_7b                               8        0.375 [0.000, 0.750]   0.000  no
gsm8k    gemma4_31b + olmo3_32b_think                        9        0.778 [0.454, 1.000]   0.000  YES
gsm8k    gemma4_31b + phi4_mini_reasoning                    9        0.778 [0.444, 1.000]   0.000  YES
gsm8k    gemma4_31b + qwen38_27b                             8        0.750 [0.399, 1.000]   0.000  YES
gsm8k    granite42_30b + llama32_3b                         14        0.429 [0.167, 0.700]   0.000  YES
gsm8k    granite42_30b + ministral3_14b                     12        0.500 [0.200, 0.800]   0.000  YES
gsm8k    granite42_30b + ministral_8b                       13        0.385 [0.111, 0.667]   0.000  YES
gsm8k    granite42_30b + olmo2_7b                           12        0.333 [0.071, 0.625]   0.000  YES
gsm8k    granite42_30b + olmo3_32b_think                    10        0.400 [0.091, 0.700]   0.000  YES
gsm8k    granite42_30b + phi4_mini_reasoning                12        0.583 [0.273, 0.875]   0.000  YES
gsm8k    granite42_30b + qwen38_27b                         10        0.600 [0.250, 0.875]   0.000  YES
gsm8k    llama32_3b + ministral3_14b                        12        0.333 [0.071, 0.667]   0.000  YES
gsm8k    llama32_3b + ministral_8b                          34        0.206 [0.069, 0.357]   0.000  YES
gsm8k    llama32_3b + olmo2_7b                              41        0.220 [0.103, 0.349]   0.000  YES
gsm8k    llama32_3b + olmo3_32b_think                        9        0.333 [0.000, 0.714]   0.000  no
gsm8k    llama32_3b + phi4_mini_reasoning                   17        0.176 [0.000, 0.389]   0.000  no
gsm8k    llama32_3b + qwen38_27b                            11        0.273 [0.000, 0.571]   0.000  no
gsm8k    ministral3_14b + ministral_8b                      13        0.538 [0.235, 0.833]   0.000  YES
gsm8k    ministral3_14b + olmo2_7b                          12        0.417 [0.125, 0.714]   0.000  YES
gsm8k    ministral3_14b + olmo3_32b_think                   10        0.600 [0.250, 0.900]   0.000  YES
gsm8k    ministral3_14b + phi4_mini_reasoning               13        0.615 [0.333, 0.875]   0.000  YES
gsm8k    ministral3_14b + qwen38_27b                        11        0.636 [0.333, 0.917]   0.000  YES
gsm8k    ministral_8b + olmo2_7b                            31        0.258 [0.105, 0.417]   0.000  YES
gsm8k    ministral_8b + olmo3_32b_think                     11        0.455 [0.125, 0.778]   0.000  YES
gsm8k    ministral_8b + phi4_mini_reasoning                 14        0.286 [0.059, 0.529]   0.000  YES
gsm8k    ministral_8b + qwen38_27b                          11        0.545 [0.222, 0.833]   0.000  YES
gsm8k    olmo2_7b + olmo3_32b_think                         11        0.364 [0.083, 0.667]   0.000  YES
gsm8k    olmo2_7b + phi4_mini_reasoning                     12        0.250 [0.000, 0.500]   0.000  no
gsm8k    olmo2_7b + qwen38_27b                              10        0.400 [0.100, 0.750]   0.000  YES
gsm8k    olmo3_32b_think + phi4_mini_reasoning              13        0.462 [0.182, 0.706]   0.000  YES
gsm8k    olmo3_32b_think + qwen38_27b                       13        0.462 [0.181, 0.750]   0.000  YES
gsm8k    phi4_mini_reasoning + qwen38_27b                   13        0.615 [0.333, 0.867]   0.000  YES
math500  gemma4_31b + granite42_30b                         10        0.100 [0.000, 0.333]   0.000  no
math500  gemma4_31b + llama32_3b                            10        0.100 [0.000, 0.333]   0.000  no
math500  gemma4_31b + ministral3_14b                         9        0.222 [0.000, 0.500]   0.000  no
math500  gemma4_31b + ministral_8b                          11        0.091 [0.000, 0.300]   0.000  no
math500  gemma4_31b + olmo2_7b                              12        0.000 [0.000, 0.000]   0.000  no
math500  gemma4_31b + olmo3_32b_think                       10        0.000 [0.000, 0.000]   0.000  no
math500  gemma4_31b + phi4_mini_reasoning                   11        0.091 [0.000, 0.300]   0.000  no
math500  gemma4_31b + qwen38_27b                             8        0.125 [0.000, 0.429]   0.000  no
math500  granite42_30b + llama32_3b                         44        0.000 [0.000, 0.000]   0.000  no
math500  granite42_30b + ministral3_14b                     32        0.031 [0.000, 0.100]   0.000  no
math500  granite42_30b + ministral_8b                       42        0.024 [0.000, 0.079]   0.000  no
math500  granite42_30b + olmo2_7b                           46        0.043 [0.000, 0.109]   0.000  no
math500  granite42_30b + olmo3_32b_think                    40        0.000 [0.000, 0.000]   0.000  no
math500  granite42_30b + phi4_mini_reasoning                46        0.022 [0.000, 0.070]   0.000  no
math500  granite42_30b + qwen38_27b                         21        0.048 [0.000, 0.167]   0.000  no
math500  llama32_3b + ministral3_14b                        32        0.000 [0.000, 0.000]   0.000  no
math500  llama32_3b + ministral_8b                          72        0.028 [0.000, 0.069]   0.000  no
math500  llama32_3b + olmo2_7b                              98        0.061 [0.019, 0.113]   0.000  YES
math500  llama32_3b + olmo3_32b_think                       43        0.023 [0.000, 0.073]   0.000  no
math500  llama32_3b + phi4_mini_reasoning                   51        0.000 [0.000, 0.000]   0.000  no
math500  llama32_3b + qwen38_27b                            20        0.050 [0.000, 0.158]   0.000  no
math500  ministral3_14b + ministral_8b                      34        0.029 [0.000, 0.097]   0.000  no
math500  ministral3_14b + olmo2_7b                          36        0.000 [0.000, 0.000]   0.000  no
math500  ministral3_14b + olmo3_32b_think                   29        0.138 [0.029, 0.265]   0.000  YES
math500  ministral3_14b + phi4_mini_reasoning               34        0.118 [0.028, 0.235]   0.000  YES
math500  ministral3_14b + qwen38_27b                        18        0.000 [0.000, 0.000]   0.000  no
math500  ministral_8b + olmo2_7b                            84        0.048 [0.011, 0.097]   0.000  YES
math500  ministral_8b + olmo3_32b_think                     39        0.000 [0.000, 0.000]   0.000  no
math500  ministral_8b + phi4_mini_reasoning                 51        0.039 [0.000, 0.100]   0.000  no
math500  ministral_8b + qwen38_27b                          20        0.050 [0.000, 0.174]   0.000  no
math500  olmo2_7b + olmo3_32b_think                         45        0.000 [0.000, 0.000]   0.000  no
math500  olmo2_7b + phi4_mini_reasoning                     56        0.000 [0.000, 0.000]   0.000  no
math500  olmo2_7b + qwen38_27b                              23        0.087 [0.000, 0.227]   0.000  no
math500  olmo3_32b_think + phi4_mini_reasoning              45        0.067 [0.000, 0.146]   0.000  no
math500  olmo3_32b_think + qwen38_27b                       20        0.050 [0.000, 0.158]   0.000  no
math500  phi4_mini_reasoning + qwen38_27b                   22        0.045 [0.000, 0.167]   0.000  no
mmlu     gemma4_31b + granite42_30b                         11        1.000 [1.000, 1.000]   0.333  YES
mmlu     gemma4_31b + llama32_3b                             9        1.000 [1.000, 1.000]   0.333  YES
mmlu     gemma4_31b + ministral3_14b                        12        1.000 [1.000, 1.000]   0.333  YES
mmlu     gemma4_31b + ministral_8b                          10        0.900 [0.667, 1.000]   0.333  YES
mmlu     gemma4_31b + olmo2_7b                              14        0.643 [0.375, 0.889]   0.333  YES
mmlu     gemma4_31b + olmo3_32b_think                        9        1.000 [1.000, 1.000]   0.333  YES
mmlu     gemma4_31b + phi4_mini_reasoning                   11        0.727 [0.400, 1.000]   0.333  YES
mmlu     gemma4_31b + qwen38_27b                            10        0.900 [0.666, 1.000]   0.333  YES
mmlu     granite42_30b + llama32_3b                         25        0.880 [0.758, 1.000]   0.333  YES
mmlu     granite42_30b + ministral3_14b                     17        1.000 [1.000, 1.000]   0.333  YES
mmlu     granite42_30b + ministral_8b                       22        0.909 [0.773, 1.000]   0.333  YES
mmlu     granite42_30b + olmo2_7b                           19        0.684 [0.461, 0.875]   0.333  YES
mmlu     granite42_30b + olmo3_32b_think                    15        1.000 [1.000, 1.000]   0.333  YES
mmlu     granite42_30b + phi4_mini_reasoning                20        0.700 [0.483, 0.900]   0.333  YES
mmlu     granite42_30b + qwen38_27b                         12        0.833 [0.562, 1.000]   0.333  YES
mmlu     llama32_3b + ministral3_14b                        22        0.864 [0.695, 1.000]   0.333  YES
mmlu     llama32_3b + ministral_8b                          45        0.600 [0.465, 0.750]   0.333  YES
mmlu     llama32_3b + olmo2_7b                              48        0.542 [0.408, 0.680]   0.333  YES
mmlu     llama32_3b + olmo3_32b_think                       16        0.875 [0.684, 1.000]   0.333  YES
mmlu     llama32_3b + phi4_mini_reasoning                   29        0.552 [0.360, 0.730]   0.333  YES
mmlu     llama32_3b + qwen38_27b                            14        0.786 [0.500, 1.000]   0.333  YES
mmlu     ministral3_14b + ministral_8b                      22        0.818 [0.640, 0.957]   0.333  YES
mmlu     ministral3_14b + olmo2_7b                          24        0.542 [0.343, 0.735]   0.333  YES
mmlu     ministral3_14b + olmo3_32b_think                   15        1.000 [1.000, 1.000]   0.333  YES
mmlu     ministral3_14b + phi4_mini_reasoning               18        0.833 [0.625, 1.000]   0.333  YES
mmlu     ministral3_14b + qwen38_27b                        11        1.000 [1.000, 1.000]   0.333  YES
mmlu     ministral_8b + olmo2_7b                            49        0.571 [0.417, 0.714]   0.333  YES
mmlu     ministral_8b + olmo3_32b_think                     15        1.000 [1.000, 1.000]   0.333  YES
mmlu     ministral_8b + phi4_mini_reasoning                 28        0.714 [0.542, 0.879]   0.333  YES
mmlu     ministral_8b + qwen38_27b                          13        0.846 [0.600, 1.000]   0.333  YES
mmlu     olmo2_7b + olmo3_32b_think                         18        0.778 [0.577, 0.952]   0.333  YES
mmlu     olmo2_7b + phi4_mini_reasoning                     28        0.429 [0.240, 0.625]   0.333  no
mmlu     olmo2_7b + qwen38_27b                              14        0.643 [0.363, 0.882]   0.333  YES
mmlu     olmo3_32b_think + phi4_mini_reasoning              14        0.714 [0.455, 0.938]   0.333  YES
mmlu     olmo3_32b_think + qwen38_27b                       12        1.000 [1.000, 1.000]   0.333  YES
mmlu     phi4_mini_reasoning + qwen38_27b                   13        0.692 [0.429, 0.923]   0.333  YES
medqa    gemma4_31b + granite42_30b                          9        0.556 [0.167, 0.909]   0.333  no
medqa    gemma4_31b + llama32_3b                            12        0.500 [0.200, 0.800]   0.333  no
medqa    gemma4_31b + ministral3_14b                        12        0.667 [0.384, 0.929]   0.333  YES
medqa    gemma4_31b + ministral_8b                          11        0.545 [0.231, 0.857]   0.333  no
medqa    gemma4_31b + olmo2_7b                              12        0.500 [0.214, 0.818]   0.333  no
medqa    gemma4_31b + olmo3_32b_think                        8        0.625 [0.250, 1.000]   0.333  no
medqa    gemma4_31b + phi4_mini_reasoning                    9        0.444 [0.125, 0.800]   0.333  no
medqa    gemma4_31b + qwen38_27b                             8        0.750 [0.375, 1.000]   0.333  YES
medqa    granite42_30b + llama32_3b                         42        0.619 [0.468, 0.762]   0.333  YES
medqa    granite42_30b + ministral3_14b                     30        0.667 [0.476, 0.824]   0.333  YES
medqa    granite42_30b + ministral_8b                       47        0.553 [0.396, 0.691]   0.333  YES
medqa    granite42_30b + olmo2_7b                           52        0.462 [0.326, 0.600]   0.333  no
medqa    granite42_30b + olmo3_32b_think                    31        0.677 [0.500, 0.846]   0.333  YES
medqa    granite42_30b + phi4_mini_reasoning                35        0.543 [0.382, 0.714]   0.333  YES
medqa    granite42_30b + qwen38_27b                         10        0.500 [0.167, 0.857]   0.333  no
medqa    llama32_3b + ministral3_14b                        30        0.633 [0.452, 0.800]   0.333  YES
medqa    llama32_3b + ministral_8b                          60        0.617 [0.491, 0.735]   0.333  YES
medqa    llama32_3b + olmo2_7b                              63        0.556 [0.425, 0.679]   0.333  YES
medqa    llama32_3b + olmo3_32b_think                       28        0.571 [0.378, 0.760]   0.333  YES
medqa    llama32_3b + phi4_mini_reasoning                   49        0.408 [0.269, 0.547]   0.333  no
medqa    llama32_3b + qwen38_27b                            10        0.600 [0.250, 0.900]   0.333  no
medqa    ministral3_14b + ministral_8b                      26        0.500 [0.308, 0.700]   0.333  no
medqa    ministral3_14b + olmo2_7b                          30        0.333 [0.154, 0.519]   0.333  no
medqa    ministral3_14b + olmo3_32b_think                   23        0.783 [0.600, 0.944]   0.333  YES
medqa    ministral3_14b + phi4_mini_reasoning               28        0.571 [0.393, 0.762]   0.333  YES
medqa    ministral3_14b + qwen38_27b                        11        0.818 [0.538, 1.000]   0.333  YES
medqa    ministral_8b + olmo2_7b                            77        0.649 [0.539, 0.750]   0.333  YES
medqa    ministral_8b + olmo3_32b_think                     30        0.633 [0.452, 0.808]   0.333  YES
medqa    ministral_8b + phi4_mini_reasoning                 46        0.500 [0.367, 0.667]   0.333  YES
medqa    ministral_8b + qwen38_27b                          12        0.500 [0.222, 0.800]   0.333  no
medqa    olmo2_7b + olmo3_32b_think                         33        0.515 [0.344, 0.688]   0.333  YES
medqa    olmo2_7b + phi4_mini_reasoning                     50        0.320 [0.196, 0.458]   0.333  no
medqa    olmo2_7b + qwen38_27b                              12        0.417 [0.111, 0.727]   0.333  no
medqa    olmo3_32b_think + phi4_mini_reasoning              29        0.379 [0.200, 0.567]   0.333  no
medqa    olmo3_32b_think + qwen38_27b                        9        0.444 [0.111, 0.833]   0.333  no
medqa    phi4_mini_reasoning + qwen38_27b                   10        0.400 [0.100, 0.750]   0.333  no
boolq    gemma4_31b + granite42_30b                         11        1.000 [1.000, 1.000]   1.000  no
boolq    gemma4_31b + llama32_3b                             8        1.000 [1.000, 1.000]   1.000  no
boolq    gemma4_31b + ministral3_14b                        13        1.000 [1.000, 1.000]   1.000  no
boolq    gemma4_31b + ministral_8b                          12        1.000 [1.000, 1.000]   1.000  no
boolq    gemma4_31b + olmo2_7b                              14        1.000 [1.000, 1.000]   1.000  no
boolq    gemma4_31b + olmo3_32b_think                       13        1.000 [1.000, 1.000]   1.000  no
boolq    gemma4_31b + phi4_mini_reasoning                   13        1.000 [1.000, 1.000]   1.000  no
boolq    gemma4_31b + qwen38_27b                            13        1.000 [1.000, 1.000]   1.000  no
boolq    granite42_30b + llama32_3b                         11        1.000 [1.000, 1.000]   1.000  no
boolq    granite42_30b + ministral3_14b                     11        1.000 [1.000, 1.000]   1.000  no
boolq    granite42_30b + ministral_8b                       12        1.000 [1.000, 1.000]   1.000  no
boolq    granite42_30b + olmo2_7b                           12        1.000 [1.000, 1.000]   1.000  no
boolq    granite42_30b + olmo3_32b_think                     9        1.000 [1.000, 1.000]   1.000  no
boolq    granite42_30b + phi4_mini_reasoning                11        1.000 [1.000, 1.000]   1.000  no
boolq    granite42_30b + qwen38_27b                         10        1.000 [1.000, 1.000]   1.000  no
boolq    llama32_3b + ministral3_14b                        13        1.000 [1.000, 1.000]   1.000  no
boolq    llama32_3b + ministral_8b                          17        1.000 [1.000, 1.000]   1.000  no
boolq    llama32_3b + olmo2_7b                              21        1.000 [1.000, 1.000]   1.000  no
boolq    llama32_3b + olmo3_32b_think                        9        1.000 [1.000, 1.000]   1.000  no
boolq    llama32_3b + phi4_mini_reasoning                   16        1.000 [1.000, 1.000]   1.000  no
boolq    llama32_3b + qwen38_27b                             8        1.000 [1.000, 1.000]   1.000  no
boolq    ministral3_14b + ministral_8b                      12        1.000 [1.000, 1.000]   1.000  no
boolq    ministral3_14b + olmo2_7b                          17        1.000 [1.000, 1.000]   1.000  no
boolq    ministral3_14b + olmo3_32b_think                   13        1.000 [1.000, 1.000]   1.000  no
boolq    ministral3_14b + phi4_mini_reasoning               14        1.000 [1.000, 1.000]   1.000  no
boolq    ministral3_14b + qwen38_27b                        12        1.000 [1.000, 1.000]   1.000  no
boolq    ministral_8b + olmo2_7b                            20        1.000 [1.000, 1.000]   1.000  no
boolq    ministral_8b + olmo3_32b_think                     11        1.000 [1.000, 1.000]   1.000  no
boolq    ministral_8b + phi4_mini_reasoning                 18        1.000 [1.000, 1.000]   1.000  no
boolq    ministral_8b + qwen38_27b                          11        1.000 [1.000, 1.000]   1.000  no
boolq    olmo2_7b + olmo3_32b_think                         15        1.000 [1.000, 1.000]   1.000  no
boolq    olmo2_7b + phi4_mini_reasoning                     21        1.000 [1.000, 1.000]   1.000  no
boolq    olmo2_7b + qwen38_27b                              14        1.000 [1.000, 1.000]   1.000  no
boolq    olmo3_32b_think + phi4_mini_reasoning              10        1.000 [1.000, 1.000]   1.000  no
boolq    olmo3_32b_think + qwen38_27b                       12        1.000 [1.000, 1.000]   1.000  no
boolq    phi4_mini_reasoning + qwen38_27b                   14        1.000 [1.000, 1.000]   1.000  no
arc      gemma4_31b + granite42_30b                          0              nan [nan, nan]   0.333  no
arc      gemma4_31b + llama32_3b                             0              nan [nan, nan]   0.333  no
arc      gemma4_31b + ministral3_14b                         0              nan [nan, nan]   0.333  no
arc      gemma4_31b + ministral_8b                           0              nan [nan, nan]   0.333  no
arc      gemma4_31b + olmo2_7b                               0              nan [nan, nan]   0.333  no
arc      gemma4_31b + olmo3_32b_think                        0              nan [nan, nan]   0.333  no
arc      gemma4_31b + phi4_mini_reasoning                    0              nan [nan, nan]   0.333  no
arc      gemma4_31b + qwen38_27b                             0              nan [nan, nan]   0.333  no
arc      granite42_30b + llama32_3b                          6        0.667 [0.250, 1.000]   0.333  no
arc      granite42_30b + ministral3_14b                      4        1.000 [1.000, 1.000]   0.333  YES
arc      granite42_30b + ministral_8b                        5        0.800 [0.333, 1.000]   0.333  no
arc      granite42_30b + olmo2_7b                            8        0.750 [0.400, 1.000]   0.333  YES
arc      granite42_30b + olmo3_32b_think                     4        1.000 [1.000, 1.000]   0.333  YES
arc      granite42_30b + phi4_mini_reasoning                 5        0.600 [0.000, 1.000]   0.333  no
arc      granite42_30b + qwen38_27b                          2        1.000 [1.000, 1.000]   0.333  YES
arc      llama32_3b + ministral3_14b                         7        0.857 [0.500, 1.000]   0.333  YES
arc      llama32_3b + ministral_8b                          13        0.769 [0.500, 1.000]   0.333  YES
arc      llama32_3b + olmo2_7b                              17        0.588 [0.333, 0.826]   0.333  no
arc      llama32_3b + olmo3_32b_think                        4        1.000 [1.000, 1.000]   0.333  YES
arc      llama32_3b + phi4_mini_reasoning                    9        0.556 [0.181, 0.875]   0.333  no
arc      llama32_3b + qwen38_27b                             3        1.000 [1.000, 1.000]   0.333  YES
arc      ministral3_14b + ministral_8b                       6        1.000 [1.000, 1.000]   0.333  YES
arc      ministral3_14b + olmo2_7b                           9        0.889 [0.667, 1.000]   0.333  YES
arc      ministral3_14b + olmo3_32b_think                    5        1.000 [1.000, 1.000]   0.333  YES
arc      ministral3_14b + phi4_mini_reasoning                5        0.600 [0.000, 1.000]   0.333  no
arc      ministral3_14b + qwen38_27b                         3        1.000 [1.000, 1.000]   0.333  YES
arc      ministral_8b + olmo2_7b                            17        0.706 [0.499, 0.929]   0.333  YES
arc      ministral_8b + olmo3_32b_think                      5        1.000 [1.000, 1.000]   0.333  YES
arc      ministral_8b + phi4_mini_reasoning                 10        0.700 [0.375, 1.000]   0.333  YES
arc      ministral_8b + qwen38_27b                           2        0.500 [0.000, 1.000]   0.333  no
arc      olmo2_7b + olmo3_32b_think                          5        0.800 [0.333, 1.000]   0.333  no
arc      olmo2_7b + phi4_mini_reasoning                      7        0.286 [0.000, 0.714]   0.333  no
arc      olmo2_7b + qwen38_27b                               4        0.500 [0.000, 1.000]   0.333  no
arc      olmo3_32b_think + phi4_mini_reasoning               4        0.750 [0.000, 1.000]   0.333  no
arc      olmo3_32b_think + qwen38_27b                        2        1.000 [1.000, 1.000]   0.333  YES
arc      phi4_mini_reasoning + qwen38_27b                    1        1.000 [1.000, 1.000]   0.333  YES

wrote results/correlation/multiclass_validation.parquet and results/correlation/q_pairwise.parquet
=== 2026-09-20T16:51:03+00:00  .venv/bin/python scripts/calibrate_receiver_coherence.py ===
models: ['gemma4_31b', 'granite42_30b', 'llama32_3b', 'ministral3_14b', 'ministral_8b', 'olmo2_7b', 'olmo3_32b_think', 'phi4_mini_reasoning', 'qwen38_27b']
receiver-conditioned honest coherence (bootstrap 1000, seed 20250825)

benchmark                q_recv [95% CI]   gold-conditioned q (B2)
gsm8k               0.646 [0.588, 0.712]                     0.000
          -> ceiling (upper CI bound) = 0.712
math500             0.259 [0.222, 0.300]                     0.000
          -> ceiling (upper CI bound) = 0.300
mmlu                0.727 [0.682, 0.777]                     0.333
          -> ceiling (upper CI bound) = 0.777
medqa               0.637 [0.596, 0.681]                     0.333
          -> ceiling (upper CI bound) = 0.681
boolq               1.000 [1.000, 1.000]                     1.000
          -> ceiling (upper CI bound) = 1.000
arc                 0.828 [0.775, 0.895]                     0.333
          -> ceiling (upper CI bound) = 0.895
=== 2026-09-20T16:52:16+00:00  .venv/bin/python scripts/phase_c_aggregate.py ===
2026-09-20T16:52:17.933383Z [info     ] phase_c.resume                 [__main__] cells_done=3888
2026-09-20T16:52:18.142635Z [info     ] phase_c.benchmark              [__main__] accuracy={'gemma4_31b': 0.978, 'granite42_30b': 0.952, 'llama32_3b': 0.802, 'ministral3_14b': 0.96, 'ministral_8b': 0.896, 'olmo2_7b': 0.846, 'olmo3_32b_think': 0.964, 'phi4_mini_reasoning': 0.93, 'qwen38_27b': 0.968} benchmark=gsm8k n_tasks=500
2026-09-20T16:52:18.143047Z [info     ] phase_c.composition_done       [__main__] benchmark=gsm8k composition=hom_gemma4_31b rows=0
2026-09-20T16:52:18.143276Z [info     ] phase_c.composition_done       [__main__] benchmark=gsm8k composition=hom_granite42_30b rows=0
2026-09-20T16:52:18.143492Z [info     ] phase_c.composition_done       [__main__] benchmark=gsm8k composition=hom_llama32_3b rows=0
2026-09-20T16:52:18.143669Z [info     ] phase_c.composition_done       [__main__] benchmark=gsm8k composition=hom_ministral3_14b rows=0
2026-09-20T16:55:25.249777Z [info     ] phase_c.composition_done       [__main__] benchmark=gsm8k composition=hom_ministral_8b rows=1008
2026-09-20T16:58:26.949527Z [info     ] phase_c.composition_done       [__main__] benchmark=gsm8k composition=hom_olmo2_7b rows=2016
2026-09-20T16:58:26.949849Z [info     ] phase_c.composition_done       [__main__] benchmark=gsm8k composition=hom_olmo3_32b_think rows=2016
2026-09-20T16:58:26.949989Z [info     ] phase_c.composition_done       [__main__] benchmark=gsm8k composition=hom_phi4_mini_reasoning rows=2016
2026-09-20T16:58:26.950111Z [info     ] phase_c.composition_done       [__main__] benchmark=gsm8k composition=hom_qwen38_27b rows=2016
2026-09-20T16:58:26.950222Z [info     ] phase_c.composition_done       [__main__] benchmark=gsm8k composition=mix_all4 rows=2016
2026-09-20T16:58:26.950334Z [info     ] phase_c.composition_done       [__main__] benchmark=gsm8k composition=mix_strong_weak rows=2016
2026-09-20T16:58:27.090996Z [info     ] phase_c.benchmark              [__main__] accuracy={'gemma4_31b': 0.75, 'granite42_30b': 0.635, 'llama32_3b': 0.39, 'ministral3_14b': 0.6, 'ministral_8b': 0.475, 'olmo2_7b': 0.27, 'olmo3_32b_think': 0.595, 'phi4_mini_reasoning': 0.545, 'qwen38_27b': 0.74} benchmark=math500 n_tasks=200
2026-09-20T16:58:27.091247Z [info     ] phase_c.composition_done       [__main__] benchmark=math500 composition=hom_gemma4_31b rows=2016
2026-09-20T16:58:27.091370Z [info     ] phase_c.composition_done       [__main__] benchmark=math500 composition=hom_granite42_30b rows=2016
2026-09-20T16:58:27.091513Z [info     ] phase_c.composition_done       [__main__] benchmark=math500 composition=hom_llama32_3b rows=2016
2026-09-20T16:58:27.091646Z [info     ] phase_c.composition_done       [__main__] benchmark=math500 composition=hom_ministral3_14b rows=2016
2026-09-20T16:59:34.709491Z [info     ] phase_c.composition_done       [__main__] benchmark=math500 composition=hom_ministral_8b rows=3024
2026-09-20T17:00:56.525597Z [info     ] phase_c.composition_done       [__main__] benchmark=math500 composition=hom_olmo2_7b rows=4032
2026-09-20T17:00:56.525884Z [info     ] phase_c.composition_done       [__main__] benchmark=math500 composition=hom_olmo3_32b_think rows=4032
2026-09-20T17:00:56.526012Z [info     ] phase_c.composition_done       [__main__] benchmark=math500 composition=hom_phi4_mini_reasoning rows=4032
2026-09-20T17:00:56.526121Z [info     ] phase_c.composition_done       [__main__] benchmark=math500 composition=hom_qwen38_27b rows=4032
2026-09-20T17:00:56.526226Z [info     ] phase_c.composition_done       [__main__] benchmark=math500 composition=mix_all4 rows=4032
2026-09-20T17:00:56.526327Z [info     ] phase_c.composition_done       [__main__] benchmark=math500 composition=mix_strong_weak rows=4032
2026-09-20T17:00:56.705608Z [info     ] phase_c.benchmark              [__main__] accuracy={'gemma4_31b': 0.925, 'granite42_30b': 0.84, 'llama32_3b': 0.615, 'ministral3_14b': 0.845, 'ministral_8b': 0.675, 'olmo2_7b': 0.605, 'olmo3_32b_think': 0.9, 'phi4_mini_reasoning': 0.775, 'qwen38_27b': 0.905} benchmark=mmlu n_tasks=200
2026-09-20T17:00:56.705974Z [info     ] phase_c.composition_done       [__main__] benchmark=mmlu composition=hom_gemma4_31b rows=4032
2026-09-20T17:00:56.706193Z [info     ] phase_c.composition_done       [__main__] benchmark=mmlu composition=hom_granite42_30b rows=4032
2026-09-20T17:00:56.706382Z [info     ] phase_c.composition_done       [__main__] benchmark=mmlu composition=hom_llama32_3b rows=4032
2026-09-20T17:00:56.706590Z [info     ] phase_c.composition_done       [__main__] benchmark=mmlu composition=hom_ministral3_14b rows=4032
2026-09-20T17:02:39.746041Z [info     ] phase_c.composition_done       [__main__] benchmark=mmlu composition=hom_ministral_8b rows=5040
2026-09-20T17:04:29.192607Z [info     ] phase_c.composition_done       [__main__] benchmark=mmlu composition=hom_olmo2_7b rows=6048
2026-09-20T17:04:29.192915Z [info     ] phase_c.composition_done       [__main__] benchmark=mmlu composition=hom_olmo3_32b_think rows=6048
2026-09-20T17:04:29.193064Z [info     ] phase_c.composition_done       [__main__] benchmark=mmlu composition=hom_phi4_mini_reasoning rows=6048
2026-09-20T17:04:29.193188Z [info     ] phase_c.composition_done       [__main__] benchmark=mmlu composition=hom_qwen38_27b rows=6048
2026-09-20T17:04:29.193328Z [info     ] phase_c.composition_done       [__main__] benchmark=mmlu composition=mix_all4 rows=6048
2026-09-20T17:04:29.193449Z [info     ] phase_c.composition_done       [__main__] benchmark=mmlu composition=mix_strong_weak rows=6048
2026-09-20T17:04:29.355890Z [info     ] phase_c.benchmark              [__main__] accuracy={'gemma4_31b': 0.925, 'granite42_30b': 0.675, 'llama32_3b': 0.54, 'ministral3_14b': 0.79, 'ministral_8b': 0.535, 'olmo2_7b': 0.45, 'olmo3_32b_think': 0.78, 'phi4_mini_reasoning': 0.595, 'qwen38_27b': 0.93} benchmark=medqa n_tasks=200
2026-09-20T17:04:29.356259Z [info     ] phase_c.composition_done       [__main__] benchmark=medqa composition=hom_gemma4_31b rows=6048
2026-09-20T17:04:29.356480Z [info     ] phase_c.composition_done       [__main__] benchmark=medqa composition=hom_granite42_30b rows=6048
2026-09-20T17:04:29.356674Z [info     ] phase_c.composition_done       [__main__] benchmark=medqa composition=hom_llama32_3b rows=6048
2026-09-20T17:04:29.356863Z [info     ] phase_c.composition_done       [__main__] benchmark=medqa composition=hom_ministral3_14b rows=6048
2026-09-20T17:06:09.341059Z [info     ] phase_c.composition_done       [__main__] benchmark=medqa composition=hom_ministral_8b rows=7056
2026-09-20T17:07:41.389247Z [info     ] phase_c.composition_done       [__main__] benchmark=medqa composition=hom_olmo2_7b rows=8064
2026-09-20T17:07:41.389534Z [info     ] phase_c.composition_done       [__main__] benchmark=medqa composition=hom_olmo3_32b_think rows=8064
2026-09-20T17:07:41.389654Z [info     ] phase_c.composition_done       [__main__] benchmark=medqa composition=hom_phi4_mini_reasoning rows=8064
2026-09-20T17:07:41.389761Z [info     ] phase_c.composition_done       [__main__] benchmark=medqa composition=hom_qwen38_27b rows=8064
2026-09-20T17:07:41.389877Z [info     ] phase_c.composition_done       [__main__] benchmark=medqa composition=mix_all4 rows=8064
2026-09-20T17:07:41.389979Z [info     ] phase_c.composition_done       [__main__] benchmark=medqa composition=mix_strong_weak rows=8064
2026-09-20T17:07:41.507908Z [info     ] phase_c.benchmark              [__main__] accuracy={'gemma4_31b': 0.905, 'granite42_30b': 0.92, 'llama32_3b': 0.83, 'ministral3_14b': 0.905, 'ministral_8b': 0.855, 'olmo2_7b': 0.82, 'olmo3_32b_think': 0.905, 'phi4_mini_reasoning': 0.83, 'qwen38_27b': 0.915} benchmark=boolq n_tasks=200
2026-09-20T17:07:41.508146Z [info     ] phase_c.composition_done       [__main__] benchmark=boolq composition=hom_gemma4_31b rows=8064
2026-09-20T17:07:41.508272Z [info     ] phase_c.composition_done       [__main__] benchmark=boolq composition=hom_granite42_30b rows=8064
2026-09-20T17:07:41.508377Z [info     ] phase_c.composition_done       [__main__] benchmark=boolq composition=hom_llama32_3b rows=8064
2026-09-20T17:07:41.508481Z [info     ] phase_c.composition_done       [__main__] benchmark=boolq composition=hom_ministral3_14b rows=8064
2026-09-20T17:09:38.681105Z [info     ] phase_c.composition_done       [__main__] benchmark=boolq composition=hom_ministral_8b rows=9072
2026-09-20T17:11:52.585877Z [info     ] phase_c.composition_done       [__main__] benchmark=boolq composition=hom_olmo2_7b rows=10080
2026-09-20T17:11:52.586170Z [info     ] phase_c.composition_done       [__main__] benchmark=boolq composition=hom_olmo3_32b_think rows=10080
2026-09-20T17:11:52.586305Z [info     ] phase_c.composition_done       [__main__] benchmark=boolq composition=hom_phi4_mini_reasoning rows=10080
2026-09-20T17:11:52.586425Z [info     ] phase_c.composition_done       [__main__] benchmark=boolq composition=hom_qwen38_27b rows=10080
2026-09-20T17:11:52.586548Z [info     ] phase_c.composition_done       [__main__] benchmark=boolq composition=mix_all4 rows=10080
2026-09-20T17:11:52.586662Z [info     ] phase_c.composition_done       [__main__] benchmark=boolq composition=mix_strong_weak rows=10080
2026-09-20T17:11:52.744909Z [info     ] phase_c.benchmark              [__main__] accuracy={'gemma4_31b': 1.0, 'granite42_30b': 0.96, 'llama32_3b': 0.82, 'ministral3_14b': 0.94, 'ministral_8b': 0.85, 'olmo2_7b': 0.79, 'olmo3_32b_think': 0.96, 'phi4_mini_reasoning': 0.895, 'qwen38_27b': 0.98} benchmark=arc n_tasks=200
2026-09-20T17:11:52.745195Z [info     ] phase_c.composition_done       [__main__] benchmark=arc composition=hom_gemma4_31b rows=10080
2026-09-20T17:11:52.745328Z [info     ] phase_c.composition_done       [__main__] benchmark=arc composition=hom_granite42_30b rows=10080
2026-09-20T17:11:52.745438Z [info     ] phase_c.composition_done       [__main__] benchmark=arc composition=hom_llama32_3b rows=10080
2026-09-20T17:11:52.745563Z [info     ] phase_c.composition_done       [__main__] benchmark=arc composition=hom_ministral3_14b rows=10080
2026-09-20T17:13:57.368362Z [info     ] phase_c.composition_done       [__main__] benchmark=arc composition=hom_ministral_8b rows=11088
2026-09-20T17:16:05.614615Z [info     ] phase_c.composition_done       [__main__] benchmark=arc composition=hom_olmo2_7b rows=12096
2026-09-20T17:16:05.614905Z [info     ] phase_c.composition_done       [__main__] benchmark=arc composition=hom_olmo3_32b_think rows=12096
2026-09-20T17:16:05.615027Z [info     ] phase_c.composition_done       [__main__] benchmark=arc composition=hom_phi4_mini_reasoning rows=12096
2026-09-20T17:16:05.615139Z [info     ] phase_c.composition_done       [__main__] benchmark=arc composition=hom_qwen38_27b rows=12096
2026-09-20T17:16:05.615251Z [info     ] phase_c.composition_done       [__main__] benchmark=arc composition=mix_all4 rows=12096
2026-09-20T17:16:05.615352Z [info     ] phase_c.composition_done       [__main__] benchmark=arc composition=mix_strong_weak rows=12096
2026-09-20T17:16:05.833588Z [info     ] phase_c.done                   [__main__] path=results/aggregation/sweep.parquet rows=66528

wrote results/aggregation/sweep.parquet  (66528 rows)
=== 2026-09-20T17:16:06+00:00  .venv/bin/python scripts/phase_c_report.py ===
sweep rows: 66528   methods: 14   cells: 4752

========================================================================================================
1. ACCURACY vs f  (mix_all4, complete graph, p_obs=1, coherent adversary,
   matched parity)
========================================================================================================

  gsm8k
f                                 0.0    0.1    0.2    0.3    0.4    0.5    0.6    0.7
method                                                                                
aip_gated                       0.976  0.976  0.980  0.984  0.980  0.984  0.980  0.976
aip_naive                       0.747  0.017  0.021  0.073  0.789  0.947  0.968  0.969
aip_trust_only                  0.976  0.976  0.960  0.952  0.804  0.000  0.000  0.000
confidence_weighted             0.977  0.977  0.976  0.972  0.955  0.870  0.600  0.000
confidence_weighted_selfreport  0.975  0.973  0.949  0.921  0.563  0.288  0.037  0.000
coord_median                    0.966  0.960  0.956  0.956  0.820  0.736  0.000  0.000
dawid_skene                     0.976  0.980  0.980  0.982  0.980  0.000  0.000  0.000
dawid_skene_anchors             0.976  0.980  0.980  0.982  0.980  0.000  0.000  0.000
geometric_median                0.974  0.974  0.964  0.954  0.820  0.736  0.000  0.000
krum                            0.978  0.968  0.962  0.956  0.734  0.898  0.940  0.000
majority                        0.974  0.974  0.964  0.954  0.820  0.736  0.000  0.000
multi_krum                      0.974  0.974  0.962  0.958  0.900  0.752  0.000  0.000
sac_filter_refine               0.971  0.972  0.974  0.976  0.955  0.870  0.000  0.000
trimmed_mean                    0.974  0.974  0.964  0.954  0.820  0.736  0.000  0.000

  math500
f                                 0.0    0.1    0.2    0.3    0.4    0.5    0.6    0.7
method                                                                                
aip_gated                       0.477  0.463  0.387  0.179  0.114  0.000  0.000  0.000
aip_naive                       0.270  0.122  0.182  0.281  0.408  0.387  0.425  0.523
aip_trust_only                  0.477  0.453  0.387  0.179  0.000  0.000  0.000  0.000
confidence_weighted             0.552  0.550  0.513  0.511  0.424  0.297  0.156  0.000
confidence_weighted_selfreport  0.578  0.560  0.496  0.410  0.158  0.067  0.012  0.000
coord_median                    0.455  0.455  0.445  0.415  0.235  0.165  0.000  0.000
dawid_skene                     0.515  0.515  0.515  0.000  0.000  0.000  0.000  0.000
dawid_skene_anchors             0.515  0.515  0.515  0.000  0.000  0.000  0.000  0.000
geometric_median                0.555  0.535  0.480  0.400  0.235  0.165  0.000  0.000
krum                            0.555  0.550  0.480  0.455  0.280  0.190  0.000  0.000
majority                        0.555  0.535  0.480  0.400  0.235  0.165  0.000  0.000
multi_krum                      0.555  0.535  0.480  0.455  0.235  0.000  0.235  0.000
sac_filter_refine               0.558  0.559  0.506  0.499  0.217  0.083  0.000  0.000
trimmed_mean                    0.555  0.535  0.480  0.400  0.235  0.165  0.000  0.000

  mmlu
f                                 0.0    0.1    0.2    0.3    0.4    0.5    0.6    0.7
method                                                                                
aip_gated                       0.888  0.877  0.918  0.920  0.911  0.889  0.911  0.902
aip_naive                       0.017  0.024  0.022  0.025  0.017  0.028  0.041  0.062
aip_trust_only                  0.885  0.877  0.874  0.828  0.538  0.000  0.000  0.000
confidence_weighted             0.908  0.904  0.902  0.906  0.818  0.591  0.190  0.000
confidence_weighted_selfreport  0.898  0.904  0.888  0.838  0.528  0.112  0.024  0.000
coord_median                    0.880  0.860  0.855  0.815  0.685  0.205  0.000  0.000
dawid_skene                     0.885  0.910  0.925  0.925  0.910  0.000  0.000  0.000
dawid_skene_anchors             0.885  0.910  0.925  0.925  0.910  0.000  0.000  0.000
geometric_median                0.885  0.870  0.875  0.835  0.690  0.205  0.000  0.000
krum                            0.880  0.875  0.865  0.845  0.755  0.000  0.790  0.000
majority                        0.885  0.870  0.875  0.835  0.690  0.205  0.000  0.000
multi_krum                      0.885  0.870  0.875  0.840  0.750  0.645  0.000  0.000
sac_filter_refine               0.918  0.914  0.918  0.926  0.818  0.154  0.000  0.000
trimmed_mean                    0.885  0.870  0.875  0.835  0.685  0.205  0.000  0.000

  medqa
f                                 0.0    0.1    0.2    0.3    0.4    0.5    0.6    0.7
method                                                                                
aip_gated                       0.870  0.867  0.933  0.917  0.872  0.862  0.869  0.842
aip_naive                       0.036  0.023  0.050  0.033  0.044  0.049  0.070  0.200
aip_trust_only                  0.870  0.867  0.875  0.573  0.000  0.000  0.000  0.000
confidence_weighted             0.896  0.879  0.909  0.826  0.695  0.551  0.121  0.000
confidence_weighted_selfreport  0.887  0.879  0.886  0.665  0.075  0.003  0.000  0.000
coord_median                    0.850  0.835  0.835  0.735  0.555  0.195  0.000  0.000
dawid_skene                     0.920  0.935  0.925  0.920  0.895  0.000  0.000  0.000
dawid_skene_anchors             0.920  0.935  0.925  0.920  0.895  0.000  0.000  0.000
geometric_median                0.840  0.840  0.855  0.765  0.535  0.195  0.000  0.000
krum                            0.835  0.850  0.875  0.740  0.600  0.605  0.615  0.745
majority                        0.840  0.840  0.855  0.765  0.535  0.195  0.000  0.000
multi_krum                      0.840  0.840  0.855  0.750  0.630  0.385  0.555  0.000
sac_filter_refine               0.905  0.879  0.918  0.891  0.695  0.122  0.000  0.000
trimmed_mean                    0.840  0.840  0.855  0.765  0.555  0.195  0.000  0.000

  boolq
f                                 0.0    0.1    0.2    0.3    0.4    0.5    0.6    0.7
method                                                                                
aip_gated                       0.920  0.907  0.893  0.861  0.701  0.000  0.000  0.000
aip_naive                       0.920  0.907  0.893  0.861  0.701  0.000  0.000  0.000
aip_trust_only                  0.920  0.907  0.893  0.861  0.701  0.000  0.000  0.000
confidence_weighted             0.922  0.918  0.908  0.884  0.839  0.737  0.292  0.000
confidence_weighted_selfreport  0.918  0.912  0.892  0.870  0.769  0.624  0.194  0.000
coord_median                    0.925  0.910  0.890  0.870  0.770  0.335  0.000  0.000
dawid_skene                     0.920  0.930  0.930  0.960  1.000  0.000  0.000  0.000
dawid_skene_anchors             0.920  0.930  0.930  0.960  1.000  0.000  0.000  0.000
geometric_median                0.925  0.910  0.890  0.870  0.770  0.335  0.000  0.000
krum                            0.930  0.915  0.905  0.830  0.825  0.860  0.890  0.815
majority                        0.925  0.910  0.890  0.870  0.770  0.335  0.000  0.000
multi_krum                      0.925  0.915  0.880  0.850  0.830  0.850  0.410  0.000
sac_filter_refine               0.921  0.920  0.921  0.921  0.839  0.557  0.000  0.000
trimmed_mean                    0.925  0.910  0.890  0.870  0.770  0.335  0.000  0.000

  arc
f                                 0.0    0.1    0.2    0.3    0.4    0.5    0.6    0.7
method                                                                                
aip_gated                       0.984  0.986  0.999  0.991  0.989  0.975  0.980  0.978
aip_naive                       0.001  0.002  0.002  0.000  0.004  0.001  0.008  0.010
aip_trust_only                  0.984  0.986  0.981  0.961  0.840  0.000  0.000  0.000
confidence_weighted             0.982  0.983  0.990  0.979  0.956  0.882  0.282  0.000
confidence_weighted_selfreport  0.988  0.986  0.983  0.954  0.537  0.252  0.011  0.000
coord_median                    0.975  0.985  0.975  0.960  0.890  0.350  0.000  0.000
dawid_skene                     0.990  0.990  1.000  0.995  0.990  0.000  0.000  0.000
dawid_skene_anchors             0.990  0.990  1.000  0.995  0.990  0.000  0.000  0.000
geometric_median                0.975  0.985  0.980  0.970  0.885  0.350  0.000  0.000
krum                            0.975  0.980  0.975  0.960  0.840  0.805  0.935  0.000
majority                        0.975  0.985  0.980  0.970  0.885  0.350  0.000  0.000
multi_krum                      0.975  0.985  0.980  0.975  0.870  0.800  0.865  0.000
sac_filter_refine               0.986  0.983  0.992  0.981  0.956  0.077  0.000  0.000
trimmed_mean                    0.975  0.985  0.980  0.970  0.890  0.350  0.000  0.000

========================================================================================================
2. WHERE INVERSION HELPS AND WHERE IT HURTS
========================================================================================================
benchmark    f  AIP-gated  best baseline                  name    delta
gsm8k      0.0      0.976          0.978                  krum   -0.002
gsm8k      0.1      0.976          0.980           dawid_skene   -0.004
gsm8k      0.2      0.980          0.980           dawid_skene   +0.000
gsm8k      0.3      0.984          0.982           dawid_skene   +0.002
gsm8k      0.4      0.980          0.980           dawid_skene   +0.000
gsm8k      0.5      0.984          0.898                  krum   +0.086  <-- inversion wins
gsm8k      0.6      0.980          0.940                  krum   +0.040  <-- inversion wins
gsm8k      0.7      0.976          0.000              majority   +0.976  <-- inversion wins
math500    0.0      0.477          0.578confidence_weighted_selfreport   -0.101  <-- inversion loses
math500    0.1      0.463          0.560confidence_weighted_selfreport   -0.097  <-- inversion loses
math500    0.2      0.387          0.515           dawid_skene   -0.128  <-- inversion loses
math500    0.3      0.179          0.511   confidence_weighted   -0.331  <-- inversion loses
math500    0.4      0.114          0.424   confidence_weighted   -0.310  <-- inversion loses
math500    0.5      0.000          0.297   confidence_weighted   -0.297  <-- inversion loses
math500    0.6      0.000          0.235            multi_krum   -0.235  <-- inversion loses
math500    0.7      0.000          0.000              majority   +0.000
mmlu       0.0      0.888          0.917     sac_filter_refine   -0.029  <-- inversion loses
mmlu       0.1      0.877          0.914     sac_filter_refine   -0.038  <-- inversion loses
mmlu       0.2      0.917          0.925           dawid_skene   -0.008
mmlu       0.3      0.920          0.926     sac_filter_refine   -0.006
mmlu       0.4      0.911          0.910           dawid_skene   +0.001
mmlu       0.5      0.889          0.645            multi_krum   +0.244  <-- inversion wins
mmlu       0.6      0.911          0.790                  krum   +0.121  <-- inversion wins
mmlu       0.7      0.902          0.000              majority   +0.902  <-- inversion wins
medqa      0.0      0.870          0.920           dawid_skene   -0.050  <-- inversion loses
medqa      0.1      0.867          0.935           dawid_skene   -0.068  <-- inversion loses
medqa      0.2      0.933          0.925           dawid_skene   +0.008
medqa      0.3      0.917          0.920           dawid_skene   -0.003
medqa      0.4      0.872          0.895           dawid_skene   -0.023  <-- inversion loses
medqa      0.5      0.862          0.605                  krum   +0.257  <-- inversion wins
medqa      0.6      0.869          0.615                  krum   +0.254  <-- inversion wins
medqa      0.7      0.842          0.745                  krum   +0.097  <-- inversion wins
boolq      0.0      0.920          0.930                  krum   -0.010
boolq      0.1      0.907          0.930           dawid_skene   -0.023  <-- inversion loses
boolq      0.2      0.893          0.930           dawid_skene   -0.037  <-- inversion loses
boolq      0.3      0.861          0.960           dawid_skene   -0.099  <-- inversion loses
boolq      0.4      0.701          1.000           dawid_skene   -0.299  <-- inversion loses
boolq      0.5      0.000          0.860                  krum   -0.860  <-- inversion loses
boolq      0.6      0.000          0.890                  krum   -0.890  <-- inversion loses
boolq      0.7      0.000          0.815                  krum   -0.815  <-- inversion loses
arc        0.0      0.984          0.990           dawid_skene   -0.006
arc        0.1      0.986          0.990           dawid_skene   -0.004
arc        0.2      0.999          1.000           dawid_skene   -0.001
arc        0.3      0.991          0.995           dawid_skene   -0.004
arc        0.4      0.989          0.990           dawid_skene   -0.001
arc        0.5      0.975          0.882   confidence_weighted   +0.093  <-- inversion wins
arc        0.6      0.980          0.935                  krum   +0.045  <-- inversion wins
arc        0.7      0.978          0.000              majority   +0.978  <-- inversion wins

========================================================================================================
3. DID THE HONEST-q THRESHOLD DO ITS JOB?
========================================================================================================
   honest channels inverted / honest channels judged
benchmarkmethod                  0.0      0.1      0.2      0.3      0.4      0.5      0.6      0.7
gsm8k    aip_gated              0.00     0.00     0.00     0.00     0.00     0.00     0.00     0.00
gsm8k    aip_naive              0.91     0.92     0.93     0.95     1.00     1.00     1.00     1.00
math500  aip_gated              0.00     0.00     0.00     0.00     0.00     0.00     0.00     0.00
math500  aip_naive              0.91     0.92     0.93     0.95     1.00     1.00     1.00     1.00
mmlu     aip_gated              0.04     0.00     0.00     0.00     0.00     0.00     0.00     0.00
mmlu     aip_naive              0.91     0.92     0.93     0.95     1.00     1.00     1.00     1.00
medqa    aip_gated              0.00     0.00     0.00     0.00     0.00     0.00     0.00     0.00
medqa    aip_naive              0.93     0.94     0.96     1.00     1.00     1.00     1.00     1.00
boolq    aip_gated              0.00     0.00     0.00     0.00     0.00     0.00     0.00     0.00
boolq    aip_naive              0.00     0.00     0.00     0.00     0.00     0.00     0.00     0.00
arc      aip_gated              0.00     0.00     0.00     0.00     0.00     0.00     0.00     0.00
arc      aip_naive              0.93     0.94     0.96     1.00     1.00     1.00     1.00     1.00

   accuracy cost of naive inversion (gated minus naive)
benchmark      0.0      0.1      0.2      0.3      0.4      0.5      0.6      0.7
gsm8k       +0.229   +0.960   +0.959   +0.911   +0.191   +0.036   +0.011   +0.007
math500     +0.207   +0.342   +0.204   -0.101   -0.294   -0.387   -0.425   -0.523
mmlu        +0.871   +0.853   +0.896   +0.895   +0.894   +0.861   +0.870   +0.840
medqa       +0.834   +0.844   +0.883   +0.884   +0.827   +0.813   +0.799   +0.642
boolq       +0.000   +0.000   +0.000   +0.000   +0.000   +0.000   +0.000   +0.000
arc         +0.983   +0.983   +0.997   +0.991   +0.985   +0.974   +0.973   +0.968

========================================================================================================
4. NORMALIZATION-PARITY AUDIT
========================================================================================================
method                           mean |effect|  max |effect|  n cells  weighted?
aip_gated                               0.0283        0.8400      528  yes
aip_trust_only                          0.0279        0.8400      528  yes
confidence_weighted_selfreport          0.0100        0.1890      528  yes
aip_naive                               0.0089        0.4850      528  yes
confidence_weighted                     0.0063        0.4225      528  yes
sac_filter_refine                       0.0037        0.3690      528  yes
coord_median                            0.0000        0.0000      528  no
dawid_skene                             0.0000        0.0000      528  no
geometric_median                        0.0000        0.0000      528  no
dawid_skene_anchors                     0.0000        0.0000      528  no
krum                                    0.0000        0.0000      528  no
majority                                0.0000        0.0000      528  no
multi_krum                              0.0000        0.0000      528  no
trimmed_mean                            0.0000        0.0000      528  no

   Effect = unmatched minus matched accuracy. A method with a large effect is 
   partly being scored on how much it leans on its own vote rather than on how 
   well it weights peers, which is exactly the confound parity controls for.

   wrote results/aggregation/parity_audit.parquet

========================================================================================================
5. SENSITIVITY: topology and partial observability
========================================================================================================
   AIP-gated accuracy by topology (p_obs=1)
f                      0.0    0.1    0.2    0.3    0.4    0.5    0.6    0.7
benchmark topology                                                         
arc       complete   0.984  0.986  0.999  0.991  0.989  0.975  0.980  0.978
          k_nearest  0.972  0.969  0.975  0.967  0.954  0.973  0.462  0.657
          ring       0.966  0.953  0.937  0.804  0.633  0.159  0.682  0.000
boolq     complete   0.920  0.907  0.893  0.861  0.701  0.000  0.000  0.000
          k_nearest  0.914  0.903  0.868  0.855  0.696  0.480  0.585  0.760
          ring       0.911  0.902  0.884  0.741  0.587  0.662  0.875  0.000
gsm8k     complete   0.976  0.976  0.980  0.984  0.980  0.984  0.980  0.976
          k_nearest  0.966  0.946  0.963  0.966  0.971  0.770  0.726  0.649
          ring       0.957  0.926  0.951  0.685  0.599  0.152  0.462  0.000
math500   complete   0.477  0.463  0.387  0.179  0.114  0.000  0.000  0.000
          k_nearest  0.417  0.449  0.382  0.251  0.130  0.312  0.000  0.178
          ring       0.390  0.439  0.438  0.269  0.167  0.352  0.252  0.265
medqa     complete   0.870  0.867  0.933  0.917  0.872  0.862  0.869  0.842
          k_nearest  0.762  0.811  0.786  0.809  0.771  0.470  0.784  0.732
          ring       0.828  0.681  0.632  0.369  0.268  0.157  0.000  0.000
mmlu      complete   0.888  0.877  0.918  0.920  0.911  0.889  0.911  0.902
          k_nearest  0.859  0.853  0.868  0.881  0.882  0.876  0.866  0.508
          ring       0.815  0.671  0.632  0.524  0.412  0.330  0.380  0.000

   AIP-gated accuracy by p_obs (complete graph)
f                  0.0    0.1    0.2    0.3    0.4    0.5    0.6    0.7
benchmark p_obs                                                        
arc       0.10   0.934  0.901  0.837  0.761  0.699  0.625  0.736  0.925
          0.25   0.944  0.929  0.881  0.761  0.640  0.560  0.929  0.925
          0.50   0.972  0.969  0.948  0.851  0.678  0.465  0.929  0.925
          1.00   0.984  0.986  0.999  0.991  0.989  0.975  0.980  0.978
boolq     0.10   0.886  0.855  0.779  0.724  0.638  0.611  0.520  0.475
          0.25   0.897  0.860  0.778  0.691  0.544  0.394  0.311  0.263
          0.50   0.902  0.894  0.850  0.783  0.621  0.385  0.249  0.058
          1.00   0.920  0.907  0.893  0.861  0.701  0.000  0.000  0.000
gsm8k     0.10   0.932  0.879  0.848  0.790  0.729  0.633  0.845  0.903
          0.25   0.943  0.898  0.867  0.765  0.663  0.524  0.917  0.903
          0.50   0.966  0.946  0.926  0.830  0.648  0.437  0.917  0.903
          1.00   0.976  0.976  0.980  0.984  0.980  0.984  0.980  0.976
math500   0.10   0.418  0.424  0.388  0.383  0.378  0.315  0.264  0.195
          0.25   0.452  0.451  0.413  0.353  0.303  0.290  0.158  0.113
          0.50   0.497  0.481  0.427  0.367  0.228  0.146  0.178  0.023
          1.00   0.477  0.463  0.387  0.179  0.114  0.000  0.000  0.000
medqa     0.10   0.736  0.718  0.676  0.626  0.531  0.579  0.726  0.422
          0.25   0.781  0.753  0.700  0.621  0.525  0.646  0.726  0.707
          0.50   0.822  0.811  0.781  0.647  0.449  0.468  0.726  0.707
          1.00   0.870  0.867  0.933  0.917  0.872  0.862  0.869  0.842
mmlu      0.10   0.812  0.764  0.744  0.689  0.609  0.585  0.748  0.638
          0.25   0.837  0.803  0.752  0.703  0.573  0.477  0.801  0.787
          0.50   0.870  0.838  0.836  0.759  0.557  0.414  0.801  0.787
          1.00   0.888  0.877  0.918  0.920  0.911  0.889  0.911  0.902

   Coherent vs noise adversary (AIP-gated, p_obs=1, complete)
f                         0.0    0.1    0.2    0.3    0.4    0.5    0.6    0.7
benchmark adversary                                                           
arc       always_wrong  0.984  0.986  0.999  0.991  0.989  0.975  0.980  0.978
          noise         0.984  0.978  0.985  0.954  0.939  0.874  0.604  0.000
boolq     always_wrong  0.920  0.907  0.893  0.861  0.701  0.000  0.000  0.000
          noise         0.920  0.907  0.893  0.861  0.701  0.000  0.000  0.000
gsm8k     always_wrong  0.976  0.976  0.980  0.984  0.980  0.984  0.980  0.976
          noise         0.976  0.976  0.980  0.984  0.986  0.988  0.986  0.986
math500   always_wrong  0.477  0.463  0.387  0.179  0.114  0.000  0.000  0.000
          noise         0.477  0.443  0.493  0.483  0.508  0.456  0.229  0.000
medqa     always_wrong  0.870  0.867  0.933  0.917  0.872  0.862  0.869  0.842
          noise         0.870  0.859  0.879  0.736  0.453  0.243  0.040  0.000
mmlu      always_wrong  0.888  0.877  0.918  0.920  0.911  0.889  0.911  0.902
          noise         0.888  0.875  0.877  0.868  0.789  0.616  0.155  0.000
=== 2026-09-20T17:16:11+00:00  .venv/bin/python scripts/phase_d_sweep.py ===
2026-09-20T17:19:55.723595Z [info     ] phase_d.attack_done            [__main__] attack=always_wrong benchmark=gsm8k rows=624
2026-09-20T17:23:53.954514Z [info     ] phase_d.attack_done            [__main__] attack=semantic_negation benchmark=gsm8k rows=1248
2026-09-20T17:27:18.162605Z [info     ] phase_d.attack_done            [__main__] attack=semantic_hallucination benchmark=gsm8k rows=1872
2026-09-20T17:30:54.672787Z [info     ] phase_d.attack_done            [__main__] attack=rushing benchmark=gsm8k rows=2496
2026-09-20T17:34:58.268752Z [info     ] phase_d.attack_done            [__main__] attack=falsified_confidence benchmark=gsm8k rows=3120
2026-09-20T17:39:01.031150Z [info     ] phase_d.attack_done            [__main__] attack=burst benchmark=gsm8k rows=3744
2026-09-20T17:42:30.829962Z [info     ] phase_d.attack_done            [__main__] attack=noise benchmark=gsm8k rows=4368
2026-09-20T17:44:11.803501Z [info     ] phase_d.attack_done            [__main__] attack=always_wrong benchmark=math500 rows=4992
2026-09-20T17:45:38.776026Z [info     ] phase_d.attack_done            [__main__] attack=semantic_negation benchmark=math500 rows=5616
2026-09-20T17:47:15.975728Z [info     ] phase_d.attack_done            [__main__] attack=semantic_hallucination benchmark=math500 rows=6240
2026-09-20T17:48:51.071334Z [info     ] phase_d.attack_done            [__main__] attack=rushing benchmark=math500 rows=6864
2026-09-20T17:50:20.733658Z [info     ] phase_d.attack_done            [__main__] attack=falsified_confidence benchmark=math500 rows=7488
2026-09-20T17:51:53.954223Z [info     ] phase_d.attack_done            [__main__] attack=burst benchmark=math500 rows=8112
2026-09-20T17:53:33.448450Z [info     ] phase_d.attack_done            [__main__] attack=noise benchmark=math500 rows=8736
2026-09-20T17:54:55.524602Z [info     ] phase_d.attack_done            [__main__] attack=always_wrong benchmark=mmlu rows=9360
2026-09-20T17:56:12.607209Z [info     ] phase_d.attack_done            [__main__] attack=semantic_negation benchmark=mmlu rows=9984
2026-09-20T17:57:30.815703Z [info     ] phase_d.attack_done            [__main__] attack=semantic_hallucination benchmark=mmlu rows=10608
2026-09-20T17:58:43.261432Z [info     ] phase_d.attack_done            [__main__] attack=rushing benchmark=mmlu rows=11232
2026-09-20T17:59:57.457679Z [info     ] phase_d.attack_done            [__main__] attack=falsified_confidence benchmark=mmlu rows=11856
2026-09-20T18:01:41.362029Z [info     ] phase_d.attack_done            [__main__] attack=burst benchmark=mmlu rows=12480
2026-09-20T18:03:09.364432Z [info     ] phase_d.attack_done            [__main__] attack=noise benchmark=mmlu rows=13104
2026-09-20T18:04:44.430547Z [info     ] phase_d.attack_done            [__main__] attack=always_wrong benchmark=medqa rows=13728
2026-09-20T18:06:34.857350Z [info     ] phase_d.attack_done            [__main__] attack=semantic_negation benchmark=medqa rows=14352
2026-09-20T18:08:15.303405Z [info     ] phase_d.attack_done            [__main__] attack=semantic_hallucination benchmark=medqa rows=14976
2026-09-20T18:09:41.234572Z [info     ] phase_d.attack_done            [__main__] attack=rushing benchmark=medqa rows=15600
2026-09-20T18:11:44.092336Z [info     ] phase_d.attack_done            [__main__] attack=falsified_confidence benchmark=medqa rows=16224
2026-09-20T18:13:31.362998Z [info     ] phase_d.attack_done            [__main__] attack=burst benchmark=medqa rows=16848
2026-09-20T18:15:22.840422Z [info     ] phase_d.attack_done            [__main__] attack=noise benchmark=medqa rows=17472
2026-09-20T18:16:26.676071Z [info     ] phase_d.attack_done            [__main__] attack=always_wrong benchmark=boolq rows=18096
2026-09-20T18:17:42.975319Z [info     ] phase_d.attack_done            [__main__] attack=semantic_negation benchmark=boolq rows=18720
2026-09-20T18:19:04.803005Z [info     ] phase_d.attack_done            [__main__] attack=semantic_hallucination benchmark=boolq rows=19344
2026-09-20T18:20:15.993297Z [info     ] phase_d.attack_done            [__main__] attack=rushing benchmark=boolq rows=19968
2026-09-20T18:21:22.699045Z [info     ] phase_d.attack_done            [__main__] attack=falsified_confidence benchmark=boolq rows=20592
2026-09-20T18:22:44.808446Z [info     ] phase_d.attack_done            [__main__] attack=burst benchmark=boolq rows=21216
2026-09-20T18:24:07.541972Z [info     ] phase_d.attack_done            [__main__] attack=noise benchmark=boolq rows=21840
2026-09-20T18:25:26.607721Z [info     ] phase_d.attack_done            [__main__] attack=always_wrong benchmark=arc rows=22464
2026-09-20T18:26:55.669292Z [info     ] phase_d.attack_done            [__main__] attack=semantic_negation benchmark=arc rows=23088
2026-09-20T18:28:13.570715Z [info     ] phase_d.attack_done            [__main__] attack=semantic_hallucination benchmark=arc rows=23712
2026-09-20T18:29:24.353813Z [info     ] phase_d.attack_done            [__main__] attack=rushing benchmark=arc rows=24336
2026-09-20T18:30:43.408783Z [info     ] phase_d.attack_done            [__main__] attack=falsified_confidence benchmark=arc rows=24960
2026-09-20T18:32:26.479973Z [info     ] phase_d.attack_done            [__main__] attack=burst benchmark=arc rows=25584
2026-09-20T18:33:41.404256Z [info     ] phase_d.attack_done            [__main__] attack=noise benchmark=arc rows=26208

wrote results/adversarial/adversarial_sweep.parquet (26208 rows)
=== 2026-09-20T18:33:41+00:00  .venv/bin/python scripts/phase_d_bandit.py ===

==============================================================================
DETERRENCE: adaptive adversary vs each defence (gsm8k, f=0.6)
==============================================================================

  aip_gated
    final arm values : coherent_lie=0.134  noise=0.133
    noise share (2nd half of run): 5%
    mean swarm accuracy: 0.866
    arm trace: NCCCCCCCCCCCNCCCCCCCCCCCNCCCCCCCCCCCCCCC

  sac_filter_refine
    final arm values : coherent_lie=0.991  noise=0.300
    noise share (2nd half of run): 0%
    mean swarm accuracy: 0.043
    arm trace: NCCCCCCCCCCCNCCCCCCCCCCCCCCCCCCCCCCCCCCC

wrote results/adversarial/bandit_log.parquet
=== 2026-09-20T18:33:46+00:00  .venv/bin/python scripts/phase_gate_aware.py ===
2026-09-20T18:33:51.089100Z [warning  ] gate_aware.cell                [__main__] benchmark=math500 p=0.0 q=0.0
2026-09-20T18:33:53.461995Z [warning  ] gate_aware.cell                [__main__] benchmark=math500 p=0.2 q=0.04
2026-09-20T18:33:54.849305Z [warning  ] gate_aware.cell                [__main__] benchmark=math500 p=0.4 q=0.16
2026-09-20T18:33:56.272775Z [warning  ] gate_aware.cell                [__main__] benchmark=math500 p=0.5 q=0.25
2026-09-20T18:33:57.694100Z [warning  ] gate_aware.cell                [__main__] benchmark=math500 p=0.6 q=0.36
2026-09-20T18:33:59.078796Z [warning  ] gate_aware.cell                [__main__] benchmark=math500 p=0.7 q=0.49
2026-09-20T18:34:00.500606Z [warning  ] gate_aware.cell                [__main__] benchmark=math500 p=0.8 q=0.64
2026-09-20T18:34:01.867245Z [warning  ] gate_aware.cell                [__main__] benchmark=math500 p=0.9 q=0.81
2026-09-20T18:34:03.245228Z [warning  ] gate_aware.cell                [__main__] benchmark=math500 p=1.0 q=1.0
2026-09-20T18:34:04.863007Z [warning  ] gate_aware.cell                [__main__] benchmark=medqa p=0.0 q=0.333
2026-09-20T18:34:06.315867Z [warning  ] gate_aware.cell                [__main__] benchmark=medqa p=0.2 q=0.253
2026-09-20T18:34:07.799733Z [warning  ] gate_aware.cell                [__main__] benchmark=medqa p=0.4 q=0.28
2026-09-20T18:34:09.281597Z [warning  ] gate_aware.cell                [__main__] benchmark=medqa p=0.5 q=0.333
2026-09-20T18:34:10.742146Z [warning  ] gate_aware.cell                [__main__] benchmark=medqa p=0.6 q=0.413
2026-09-20T18:34:12.242619Z [warning  ] gate_aware.cell                [__main__] benchmark=medqa p=0.7 q=0.52
2026-09-20T18:34:13.725320Z [warning  ] gate_aware.cell                [__main__] benchmark=medqa p=0.8 q=0.653
2026-09-20T18:34:15.177463Z [warning  ] gate_aware.cell                [__main__] benchmark=medqa p=0.9 q=0.813
2026-09-20T18:34:16.615510Z [warning  ] gate_aware.cell                [__main__] benchmark=medqa p=1.0 q=1.0
2026-09-20T18:34:18.172644Z [warning  ] gate_aware.cell                [__main__] benchmark=mmlu p=0.0 q=0.333
2026-09-20T18:34:19.616111Z [warning  ] gate_aware.cell                [__main__] benchmark=mmlu p=0.2 q=0.253
2026-09-20T18:34:21.075241Z [warning  ] gate_aware.cell                [__main__] benchmark=mmlu p=0.4 q=0.28
2026-09-20T18:34:22.543736Z [warning  ] gate_aware.cell                [__main__] benchmark=mmlu p=0.5 q=0.333
2026-09-20T18:34:24.021146Z [warning  ] gate_aware.cell                [__main__] benchmark=mmlu p=0.6 q=0.413
2026-09-20T18:34:25.456609Z [warning  ] gate_aware.cell                [__main__] benchmark=mmlu p=0.7 q=0.52
2026-09-20T18:34:26.932385Z [warning  ] gate_aware.cell                [__main__] benchmark=mmlu p=0.8 q=0.653
2026-09-20T18:34:28.378629Z [warning  ] gate_aware.cell                [__main__] benchmark=mmlu p=0.9 q=0.813
2026-09-20T18:34:29.772416Z [warning  ] gate_aware.cell                [__main__] benchmark=mmlu p=1.0 q=1.0

wrote results/adversarial/gate_aware.parquet (567 rows)

INVERSION GAIN by realised coherence (does the gate still fire?):

  math500  (ceiling 0.198)
f                   0.3    0.5    0.7
q_realised_gated                     
0.00              0.017  0.316  0.550
0.04              0.058  0.308  0.550
0.16              0.046  0.468  0.547
0.25              0.068  0.471  0.545
0.36              0.131  0.451  0.542
0.49              0.195  0.460  0.535
0.64              0.230  0.445  0.537
0.81              0.259  0.448  0.523
1.00              0.269  0.446  0.502

  medqa  (ceiling 0.677)
f                   0.3    0.5    0.7
q_realised_gated                     
0.253333          0.000  0.000  0.000
0.280000          0.000  0.000  0.000
0.333333          0.000  0.000  0.000
0.413333          0.000  0.000  0.000
0.520000          0.000  0.000  0.000
0.653333          0.431  0.856  0.913
0.813333          0.437  0.859  0.872
1.000000          0.508  0.889  0.833

  mmlu  (ceiling 0.677)
f                   0.3    0.5    0.7
q_realised_gated                     
0.253333          0.000  0.000  0.000
0.280000          0.000  0.000  0.000
0.333333          0.000  0.000  0.000
0.413333          0.000  0.000  0.000
0.520000          0.000  0.000  0.000
0.653333          0.069  0.641  0.908
0.813333          0.165  0.847  0.917
1.000000          0.202  0.903  0.922
=== 2026-09-20T18:34:29+00:00  .venv/bin/python scripts/phase_e_sleeper_sybil.py ===
wrote sleeper_e1.parquet (162 rows) and sybil_e2.parquet (144 rows)
=== 2026-09-20T18:35:54+00:00  .venv/bin/python scripts/phase_e_burst.py ===

============================================================================================
WINDOWED CHANNEL STATISTICS vs BURST (gsm8k)
============================================================================================

burst
f                    0.3    0.4    0.5    0.6    0.7
method                                              
aip_gated          0.964  0.929  0.851  0.610  0.474
aip_gated_w10      0.977  0.974  0.971  0.972  0.959
aip_gated_w20      0.979  0.977  0.977  0.976  0.969
aip_gated_w5       0.971  0.966  0.966  0.969  0.958
coord_median       0.932  0.856  0.680  0.424  0.420
geometric_median   0.960  0.892  0.720  0.494  0.372
majority           0.960  0.892  0.720  0.494  0.372
sac_filter_refine  0.980  0.975  0.965  0.834  0.231

semantic_negation
f                    0.3    0.4    0.5    0.6    0.7
method                                              
aip_gated          0.976  0.974  0.970  0.969  0.965
aip_gated_w10      0.974  0.973  0.968  0.970  0.959
aip_gated_w20      0.977  0.975  0.974  0.974  0.967
aip_gated_w5       0.969  0.965  0.962  0.968  0.959
coord_median       0.938  0.888  0.610  0.110  0.108
geometric_median   0.980  0.962  0.694  0.230  0.008
majority           0.980  0.962  0.694  0.230  0.008
sac_filter_refine  0.979  0.971  0.936  0.004  0.002

noise
f                    0.3    0.4    0.5    0.6    0.7
method                                              
aip_gated          0.949  0.819  0.744  0.770  0.847
aip_gated_w10      0.976  0.967  0.968  0.966  0.958
aip_gated_w20      0.979  0.973  0.974  0.974  0.967
aip_gated_w5       0.968  0.959  0.960  0.966  0.955
coord_median       0.926  0.838  0.750  0.732  0.770
geometric_median   0.946  0.858  0.778  0.770  0.778
majority           0.946  0.858  0.778  0.770  0.778
sac_filter_refine  0.980  0.973  0.971  0.942  0.784

============================================================================================
SUCCESS CRITERION
============================================================================================
  best discard baseline (mean over f): 0.835
  AIP static                          : 0.766   gap -0.069
  AIP windowed W=5                    : 0.966   recovered +0.200 of 0.035 needed  [MEETS]  regime flags 0
  AIP windowed W=10                   : 0.970   recovered +0.205 of 0.035 needed  [MEETS]  regime flags 0
  AIP windowed W=20                   : 0.975   recovered +0.210 of 0.035 needed  [MEETS]  regime flags 0

  stationary controls (windowed minus static; must stay within CI width)
    semantic_negation    W=5   0.965 vs 0.971  delta -0.006  CI width 0.029  [ok]
    semantic_negation    W=10  0.969 vs 0.971  delta -0.002  CI width 0.029  [ok]
    semantic_negation    W=20  0.973 vs 0.971  delta +0.003  CI width 0.029  [ok]
    noise                W=5   0.962 vs 0.826  delta +0.136  CI width 0.061  [ok]
    noise                W=10  0.967 vs 0.826  delta +0.142  CI width 0.061  [ok]
    noise                W=20  0.973 vs 0.826  delta +0.148  CI width 0.061  [ok]

wrote results/adversarial/burst_windowed.parquet
=== 2026-09-20T18:37:32+00:00  .venv/bin/python scripts/phase_e_decomposition.py ===

====================================================================================================
COORDINATABILITY: adversary coherence vs the honest floor
====================================================================================================
benchmarkclass            attack                   q_hat adv  honest q  ceiling  above honest?
gsm8k    open_numeric     semantic_negation            0.674     0.597    0.800  YES
gsm8k    open_numeric     always_wrong                 0.102     0.597    0.800  no
gsm8k    open_numeric     semantic_hallucination       0.066     0.597    0.800  no
gsm8k    open_numeric     rushing                      0.156     0.597    0.800  no
math500  open_text        semantic_negation            0.175     0.143    0.198  YES
math500  open_text        always_wrong                 0.050     0.143    0.198  no
math500  open_text        semantic_hallucination       0.030     0.143    0.198  no
math500  open_text        rushing                      0.160     0.143    0.198  YES
mmlu     multiple_choice  semantic_negation            0.325     0.535    0.677  no
mmlu     multiple_choice  always_wrong                 0.300     0.535    0.677  no
mmlu     multiple_choice  semantic_hallucination       0.260     0.535    0.677  no
mmlu     multiple_choice  rushing                      0.370     0.535    0.677  no
medqa    multiple_choice  semantic_negation            0.190     0.535    0.677  no
medqa    multiple_choice  always_wrong                 0.280     0.535    0.677  no
medqa    multiple_choice  semantic_hallucination       0.310     0.535    0.677  no
medqa    multiple_choice  rushing                      0.260     0.535    0.677  no
boolq    binary           semantic_negation            0.455       nan    1.000  no
boolq    binary           always_wrong                 0.605       nan    1.000  no
boolq    binary           semantic_hallucination       0.545       nan    1.000  no
boolq    binary           rushing                      0.630       nan    1.000  no
arc      multiple_choice  semantic_negation            0.265     0.535    0.677  no
arc      multiple_choice  always_wrong                 0.305     0.535    0.677  no
arc      multiple_choice  semantic_hallucination       0.275     0.535    0.677  no
arc      multiple_choice  rushing                      0.275     0.535    0.677  no

====================================================================================================
CHANNEL DECISIONS (honest receivers only)
====================================================================================================
benchmarkattack                      fchannel      inverted  trusted  discarded
gsm8k    semantic_negation         0.3honest             0%     100%         0%
gsm8k    semantic_negation         0.3adversary         67%      33%         0%
gsm8k    semantic_negation         0.5honest             0%     100%         0%
gsm8k    semantic_negation         0.5adversary        100%       0%         0%
gsm8k    semantic_negation         0.7honest             0%     100%         0%
gsm8k    semantic_negation         0.7adversary        100%       0%         0%
gsm8k    always_wrong              0.3honest             0%     100%         0%
gsm8k    always_wrong              0.3adversary         67%      33%         0%
gsm8k    always_wrong              0.5honest             0%     100%         0%
gsm8k    always_wrong              0.5adversary        100%       0%         0%
gsm8k    always_wrong              0.7honest             0%     100%         0%
gsm8k    always_wrong              0.7adversary        100%       0%         0%
gsm8k    semantic_hallucination    0.3honest             0%     100%         0%
gsm8k    semantic_hallucination    0.3adversary         67%      33%         0%
gsm8k    semantic_hallucination    0.5honest             0%     100%         0%
gsm8k    semantic_hallucination    0.5adversary        100%       0%         0%
gsm8k    semantic_hallucination    0.7honest             0%     100%         0%
gsm8k    semantic_hallucination    0.7adversary        100%       0%         0%
gsm8k    rushing                   0.3honest             0%     100%         0%
gsm8k    rushing                   0.3adversary         67%      33%         0%
gsm8k    rushing                   0.5honest             0%     100%         0%
gsm8k    rushing                   0.5adversary        100%       0%         0%
gsm8k    rushing                   0.7honest             0%     100%         0%
gsm8k    rushing                   0.7adversary        100%       0%         0%
math500  semantic_negation         0.3honest             0%     100%         0%
math500  semantic_negation         0.3adversary         38%      62%         0%
math500  semantic_negation         0.5honest             0%     100%         0%
math500  semantic_negation         0.5adversary        100%       0%         0%
math500  semantic_negation         0.7honest             0%     100%         0%
math500  semantic_negation         0.7adversary        100%       0%         0%
math500  always_wrong              0.3honest             0%     100%         0%
math500  always_wrong              0.3adversary         57%      43%         0%
math500  always_wrong              0.5honest             0%     100%         0%
math500  always_wrong              0.5adversary        100%       0%         0%
math500  always_wrong              0.7honest             0%     100%         0%
math500  always_wrong              0.7adversary        100%       0%         0%
math500  semantic_hallucination    0.3honest             0%     100%         0%
math500  semantic_hallucination    0.3adversary         57%      43%         0%
math500  semantic_hallucination    0.5honest             0%     100%         0%
math500  semantic_hallucination    0.5adversary        100%       0%         0%
math500  semantic_hallucination    0.7honest             0%     100%         0%
math500  semantic_hallucination    0.7adversary        100%       0%         0%
math500  rushing                   0.3honest             0%     100%         0%
math500  rushing                   0.3adversary         10%      90%         0%
math500  rushing                   0.5honest             0%     100%         0%
math500  rushing                   0.5adversary        100%       0%         0%
math500  rushing                   0.7honest             0%     100%         0%
math500  rushing                   0.7adversary        100%       0%         0%
mmlu     semantic_negation         0.3honest             0%     100%         0%
mmlu     semantic_negation         0.3adversary         67%      33%         0%
mmlu     semantic_negation         0.5honest             0%     100%         0%
mmlu     semantic_negation         0.5adversary        100%       0%         0%
mmlu     semantic_negation         0.7honest             0%     100%         0%
mmlu     semantic_negation         0.7adversary        100%       0%         0%
mmlu     always_wrong              0.3honest             0%     100%         0%
mmlu     always_wrong              0.3adversary         67%      33%         0%
mmlu     always_wrong              0.5honest             0%     100%         0%
mmlu     always_wrong              0.5adversary        100%       0%         0%
mmlu     always_wrong              0.7honest             0%     100%         0%
mmlu     always_wrong              0.7adversary        100%       0%         0%
mmlu     semantic_hallucination    0.3honest             0%     100%         0%
mmlu     semantic_hallucination    0.3adversary         67%      33%         0%
mmlu     semantic_hallucination    0.5honest             0%     100%         0%
mmlu     semantic_hallucination    0.5adversary        100%       0%         0%
mmlu     semantic_hallucination    0.7honest             0%     100%         0%
mmlu     semantic_hallucination    0.7adversary        100%       0%         0%
mmlu     rushing                   0.3honest             0%     100%         0%
mmlu     rushing                   0.3adversary         67%      33%         0%
mmlu     rushing                   0.5honest             0%     100%         0%
mmlu     rushing                   0.5adversary        100%       0%         0%
mmlu     rushing                   0.7honest             0%     100%         0%
mmlu     rushing                   0.7adversary        100%       0%         0%
medqa    semantic_negation         0.3honest             0%     100%         0%
medqa    semantic_negation         0.3adversary         67%      33%         0%
medqa    semantic_negation         0.5honest             0%     100%         0%
medqa    semantic_negation         0.5adversary         60%      40%         0%
medqa    semantic_negation         0.7honest             0%     100%         0%
medqa    semantic_negation         0.7adversary         57%      43%         0%
medqa    always_wrong              0.3honest             0%     100%         0%
medqa    always_wrong              0.3adversary         38%      62%         0%
medqa    always_wrong              0.5honest             0%     100%         0%
medqa    always_wrong              0.5adversary         80%      20%         0%
medqa    always_wrong              0.7honest             0%     100%         0%
medqa    always_wrong              0.7adversary        100%       0%         0%
medqa    semantic_hallucination    0.3honest             0%     100%         0%
medqa    semantic_hallucination    0.3adversary         38%      62%         0%
medqa    semantic_hallucination    0.5honest             0%     100%         0%
medqa    semantic_hallucination    0.5adversary        100%       0%         0%
medqa    semantic_hallucination    0.7honest             0%     100%         0%
medqa    semantic_hallucination    0.7adversary        100%       0%         0%
medqa    rushing                   0.3honest             0%     100%         0%
medqa    rushing                   0.3adversary         67%      33%         0%
medqa    rushing                   0.5honest             0%     100%         0%
medqa    rushing                   0.5adversary         84%      16%         0%
medqa    rushing                   0.7honest             0%     100%         0%
medqa    rushing                   0.7adversary         86%      14%         0%
boolq    semantic_negation         0.3honest             0%     100%         0%
boolq    semantic_negation         0.3adversary          0%     100%         0%
boolq    semantic_negation         0.5honest             0%     100%         0%
boolq    semantic_negation         0.5adversary          0%     100%         0%
boolq    semantic_negation         0.7honest             0%     100%         0%
boolq    semantic_negation         0.7adversary          0%     100%         0%
boolq    always_wrong              0.3honest             0%     100%         0%
boolq    always_wrong              0.3adversary          0%     100%         0%
boolq    always_wrong              0.5honest             0%     100%         0%
boolq    always_wrong              0.5adversary          0%     100%         0%
boolq    always_wrong              0.7honest             0%     100%         0%
boolq    always_wrong              0.7adversary          0%     100%         0%
boolq    semantic_hallucination    0.3honest             0%     100%         0%
boolq    semantic_hallucination    0.3adversary          0%     100%         0%
boolq    semantic_hallucination    0.5honest             0%     100%         0%
boolq    semantic_hallucination    0.5adversary          0%     100%         0%
boolq    semantic_hallucination    0.7honest             0%     100%         0%
boolq    semantic_hallucination    0.7adversary          0%     100%         0%
boolq    rushing                   0.3honest             0%     100%         0%
boolq    rushing                   0.3adversary          0%     100%         0%
boolq    rushing                   0.5honest             0%     100%         0%
boolq    rushing                   0.5adversary          0%     100%         0%
boolq    rushing                   0.7honest             0%     100%         0%
boolq    rushing                   0.7adversary          0%     100%         0%
arc      semantic_negation         0.3honest             0%     100%         0%
arc      semantic_negation         0.3adversary         67%      33%         0%
arc      semantic_negation         0.5honest             0%     100%         0%
arc      semantic_negation         0.5adversary        100%       0%         0%
arc      semantic_negation         0.7honest             0%     100%         0%
arc      semantic_negation         0.7adversary        100%       0%         0%
arc      always_wrong              0.3honest             0%     100%         0%
arc      always_wrong              0.3adversary         67%      33%         0%
arc      always_wrong              0.5honest             0%     100%         0%
arc      always_wrong              0.5adversary        100%       0%         0%
arc      always_wrong              0.7honest             0%     100%         0%
arc      always_wrong              0.7adversary        100%       0%         0%
arc      semantic_hallucination    0.3honest             0%     100%         0%
arc      semantic_hallucination    0.3adversary         67%      33%         0%
arc      semantic_hallucination    0.5honest             0%     100%         0%
arc      semantic_hallucination    0.5adversary        100%       0%         0%
arc      semantic_hallucination    0.7honest             0%     100%         0%
arc      semantic_hallucination    0.7adversary        100%       0%         0%
arc      rushing                   0.3honest             0%     100%         0%
arc      rushing                   0.3adversary         67%      33%         0%
arc      rushing                   0.5honest             0%     100%         0%
arc      rushing                   0.5adversary        100%       0%         0%
arc      rushing                   0.7honest             0%     100%         0%
arc      rushing                   0.7adversary        100%       0%         0%

====================================================================================================
DIAGNOSIS
====================================================================================================
  gsm8k: negation q_hat=0.674 vs honest 0.597; honest channels inverted 0%, adversary channels inverted 89%
  math500: negation q_hat=0.175 vs honest 0.143; honest channels inverted 0%, adversary channels inverted 79%
  mmlu: negation q_hat=0.325 vs honest 0.535; honest channels inverted 0%, adversary channels inverted 89%
  medqa: negation q_hat=0.190 vs honest 0.535; honest channels inverted 0%, adversary channels inverted 61%
  boolq: negation q_hat=0.455 vs honest nan; honest channels inverted 0%, adversary channels inverted 0%
  arc: negation q_hat=0.265 vs honest 0.535; honest channels inverted 0%, adversary channels inverted 89%

wrote results/adversarial/channel_decisions.parquet, results/adversarial/q_by_answer_space.parquet
=== 2026-09-20T18:37:43+00:00  .venv/bin/python scripts/phase_e_tables.py ===
gate delta skipped: no v1 archive at results/aggregation/v1_archive/sweep_v1.parquet (single-gate regime)

================================================================================================
2. MINIMAX REGRET over f (deployable, non-oracle methods only)
================================================================================================
benchmark method                              minimax regret  mean regret
arc       aip_gated                                    0.006        0.002
arc       confidence_weighted                          0.978        0.230
arc       confidence_weighted_selfreport               0.978        0.398
arc       aip_trust_only                               0.980        0.393
arc       coord_median                                 0.980        0.345
arc       dawid_skene                                  0.980        0.367
arc       geometric_median                             0.980        0.344
arc       majority                                     0.980        0.344
arc       sac_filter_refine                            0.980        0.365
arc       aip_naive                                    0.998        0.984
boolq     confidence_weighted                          0.161        0.034
boolq     confidence_weighted_selfreport               0.231        0.074
boolq     sac_filter_refine                            0.292        0.087
boolq     coord_median                                 0.402        0.134
boolq     geometric_median                             0.402        0.134
boolq     majority                                     0.402        0.134
boolq     aip_gated                                    0.737        0.186
boolq     aip_naive                                    0.737        0.186
boolq     aip_trust_only                               0.737        0.186
boolq     dawid_skene                                  0.737        0.129
gsm8k     aip_gated                                    0.004        0.001
gsm8k     aip_naive                                    0.963        0.414
gsm8k     confidence_weighted                          0.976        0.189
gsm8k     confidence_weighted_selfreport               0.976        0.392
gsm8k     coord_median                                 0.980        0.306
gsm8k     geometric_median                             0.980        0.302
gsm8k     majority                                     0.980        0.302
gsm8k     sac_filter_refine                            0.980        0.265
gsm8k     aip_trust_only                               0.984        0.397
gsm8k     dawid_skene                                  0.984        0.368
math500   aip_naive                                    0.438        0.166
math500   aip_gated                                    0.523        0.288
math500   aip_trust_only                               0.523        0.303
math500   confidence_weighted                          0.523        0.115
math500   confidence_weighted_selfreport               0.523        0.205
math500   coord_median                                 0.523        0.219
math500   dawid_skene                                  0.523        0.297
math500   geometric_median                             0.523        0.194
math500   majority                                     0.523        0.194
math500   sac_filter_refine                            0.523        0.188
medqa     aip_gated                                    0.068        0.018
medqa     confidence_weighted                          0.842        0.287
medqa     confidence_weighted_selfreport               0.869        0.473
medqa     coord_median                                 0.869        0.396
medqa     dawid_skene                                  0.869        0.323
medqa     geometric_median                             0.869        0.393
medqa     majority                                     0.869        0.393
medqa     sac_filter_refine                            0.869        0.346
medqa     aip_trust_only                               0.895        0.499
medqa     aip_naive                                    0.912        0.834
mmlu      aip_gated                                    0.038        0.010
mmlu      confidence_weighted                          0.902        0.259
mmlu      confidence_weighted_selfreport               0.902        0.388
mmlu      aip_naive                                    0.903        0.883
mmlu      aip_trust_only                               0.911        0.412
mmlu      coord_median                                 0.911        0.374
mmlu      dawid_skene                                  0.911        0.343
mmlu      geometric_median                             0.911        0.367
mmlu      majority                                     0.911        0.367
mmlu      sac_filter_refine                            0.911        0.331

  Oracle methods (Krum, Multi-Krum, trimmed mean) are excluded: they are given
  the true Byzantine count, which no deployed agent has.

================================================================================================
3. NORMALIZATION-PARITY AUDIT (v2)
================================================================================================
method                              mean |effect|  max |effect|  cells
aip_gated                                  0.0283        0.8400    528
aip_trust_only                             0.0279        0.8400    528
confidence_weighted_selfreport             0.0100        0.1890    528
aip_naive                                  0.0089        0.4850    528
confidence_weighted                        0.0063        0.4225    528
sac_filter_refine                          0.0037        0.3690    528
coord_median                               0.0000        0.0000    528
dawid_skene                                0.0000        0.0000    528
geometric_median                           0.0000        0.0000    528
dawid_skene_anchors                        0.0000        0.0000    528
krum                                       0.0000        0.0000    528
majority                                   0.0000        0.0000    528
multi_krum                                 0.0000        0.0000    528
trimmed_mean                               0.0000        0.0000    528

================================================================================================
4. MODEL-ACCURACY LANDSCAPE (Phase A gate f)
================================================================================================
benchmark            gsm8k  math500  mmlu
model                                    
llama32_3b            0.84     0.45  0.59
ministral_8b          0.87     0.57  0.68
olmo2_7b              0.89     0.34  0.63
phi4_mini_reasoning   0.93     0.72  0.74

  cells above 0.95 or below 0.20: 0 (none)

wrote results/aggregation/minimax_regret.parquet, parity_audit.parquet, accuracy_landscape.parquet
=== 2026-09-20T18:37:52+00:00  .venv/bin/python scripts/phase_e_claims.py ===
wrote results/claims.md  (17 supported, 4 unsupported)
  [H1-gsm8k] range 0.976–0.984, spread 0.008
  [H1-mmlu] range 0.877–0.920, spread 0.043
  [H2] max accuracy across those methods at f=0.7 = 0.000
  [I1] gsm8k negation q̂=0.674 gain 0.044; hallucination q̂=0.066 gain 0.032
  [I2] gain over best discard = 0.032 (vs 0.044 for negation)
  [G1] max honest inverted 0.0%; mean adversary inverted at f>=0.5 80.6%
  [G2] mmlu q̂=0.325 vs honest 0.535; gsm8k q̂=0.674 vs honest 0.597
  [C1] within 0.665 vs cross 0.432 on gsm8k (ratio 1.54x)
  [C2] homogeneous N_eff 1.14–1.87; best heterogeneous 6.22 of 10
  [C3] mmlu mean q=0.805 vs chance 0.333; math500 mean q=0.048 vs chance 0
  [C4] gsm8k: product MAE binary 0.026 -> mc 0.018; math500: product MAE binary 0.081 -> mc 0.032; mmlu: product MAE binary 0.079 -> mc 0.061; medqa: product MAE binary 0.041 -> mc 0.030; boolq: product MAE binary 0.101 -> mc 0.079; arc: product MAE binary 0.027 -> mc 0.017
  [F1] gsm8k: AIP -0.001, self-report reader -0.000; math500: AIP 0.000, self-report reader -0.183; mmlu: AIP 0.000, self-report reader -0.163; medqa: AIP 0.000, self-report reader -0.100; boolq: AIP 0.000, self-report reader -0.062; arc: AIP 0.000, self-report reader -0.238
  [B1] static 0.766 -> W=5 0.966, W=10 0.970, W=20 0.975
  [D1] aip_gated: value(coherent)=0.134 value(noise)=0.133 acc=0.866; sac_filter_refine: value(coherent)=0.991 value(noise)=0.300 acc=0.043
  [D2] arm share unchanged; see D1 values
  [M1] max mean |effect| among unweighted methods 0.0000 (sanity: ~0); aip_gated 0.0283
  [M2] lowest minimax regret per benchmark — arc: aip_gated (0.006); boolq: confidence_weighted (0.161); gsm8k: aip_gated (0.004); math500: aip_naive (0.438); medqa: aip_gated (0.068); mmlu: aip_gated (0.038)
=== 2026-09-20T18:37:52+00:00  .venv/bin/python scripts/task6_audit_pending.py ===

=== H2 ===
  regime benchmark  floor  aip_gated  discard_min  discard_max best_deployable  sep_vs_deployable verdict_deployable  oracle_max  best_oracle  sep_vs_oracle verdict_oracle
real-LLM       arc 0.1003   0.673333        0.040        0.400    coord_median           0.273333          CONFIRMED       0.400 trimmed_mean       0.273333      CONFIRMED
real-LLM     boolq 0.1003   0.305000        0.450        0.600        majority          -0.295000            REFUTED       0.610   multi_krum      -0.305000        REFUTED
real-LLM     gsm8k 0.0684   0.965333        0.002        0.108    coord_median           0.857333          CONFIRMED       0.856   multi_krum       0.109333      CONFIRMED
real-LLM   math500 0.1003   0.658333        0.015        0.130    coord_median           0.528333          CONFIRMED       0.130 trimmed_mean       0.528333      CONFIRMED
real-LLM     medqa 0.1003   0.510000        0.085        0.490    coord_median           0.020000       UNDETECTABLE       0.775   multi_krum      -0.265000        REFUTED
real-LLM      mmlu 0.1003   0.580000        0.080        0.380    coord_median           0.200000          CONFIRMED       0.635         krum      -0.055000   UNDETECTABLE
symbolic       arc 0.1003   0.978333        0.000        0.000        majority           0.978333          CONFIRMED       0.000         krum       0.978333      CONFIRMED
symbolic     boolq 0.1003   0.000000        0.000        0.000        majority           0.000000       UNDETECTABLE       0.815         krum      -0.815000        REFUTED
symbolic     gsm8k 0.0684   0.976000        0.000        0.000        majority           0.976000          CONFIRMED       0.000         krum       0.976000      CONFIRMED
symbolic   math500 0.1003   0.000000        0.000        0.000        majority           0.000000       UNDETECTABLE       0.000         krum       0.000000   UNDETECTABLE
symbolic     medqa 0.1003   0.841667        0.000        0.000        majority           0.841667          CONFIRMED       0.745         krum       0.096667   UNDETECTABLE
symbolic      mmlu 0.1003   0.901667        0.000        0.000        majority           0.901667          CONFIRMED       0.000         krum       0.901667      CONFIRMED
  * Against the SYMBOLIC coherent adversary the original wording holds exactly for deployable methods: every one of them reads 0.000 at f=0.7 on all 6 benchmarks -- an exact zero, not a rounded one.
  * It does NOT hold for oracle methods even there: boolq krum 0.815, medqa krum 0.745. 'Including oracle methods' is REFUTED.
  * Nor does AIP win everywhere in that regime: boolq +0.000, math500 +0.000 (AIP itself reads 0.000 on those two).
  * Against the REAL-LLM coherent adversary (semantic_negation) nothing reaches zero: deployable discard spans 0.002 to 0.600. AIP separates on 4 of 6 benchmarks, is UNDETECTABLE on 1, and LOSES on 1.
  * The claim must therefore name its adversary and its method class. Stated unconditionally it is false in three separate ways.

=== F1 ===
benchmark           control  controlled                         method  under_attack  under_control    effect  floor  moved
      arc semantic_negation        True                      aip_gated      0.882100       0.882100  0.000000 0.1003  False
      arc semantic_negation        True confidence_weighted_selfreport      0.642771       0.881252 -0.238481 0.1003   True
      arc semantic_negation        True            confidence_weighted      0.847817       0.847817  0.000000 0.1003  False
      arc      always_wrong       False                      aip_gated      0.882100       0.744867  0.137233 0.1003   True
      arc      always_wrong       False confidence_weighted_selfreport      0.642771       0.900310 -0.257538 0.1003   True
      arc      always_wrong       False            confidence_weighted      0.847817       0.918124 -0.070307 0.1003  False
    boolq semantic_negation        True                      aip_gated      0.717119       0.717119  0.000000 0.1003  False
    boolq semantic_negation        True confidence_weighted_selfreport      0.762993       0.825402 -0.062410 0.1003  False
    boolq semantic_negation        True            confidence_weighted      0.829262       0.829262  0.000000 0.1003  False
    boolq      always_wrong       False                      aip_gated      0.717119       0.760429 -0.043310 0.1003  False
    boolq      always_wrong       False confidence_weighted_selfreport      0.762993       0.813817 -0.050824 0.1003  False
    boolq      always_wrong       False            confidence_weighted      0.829262       0.822619  0.006643 0.1003  False
    gsm8k semantic_negation        True                      aip_gated      0.970034       0.970583 -0.000549 0.0684  False
    gsm8k semantic_negation        True confidence_weighted_selfreport      0.450794       0.450950 -0.000155 0.0684  False
    gsm8k semantic_negation        True            confidence_weighted      0.715424       0.717107 -0.001683 0.0684  False
    gsm8k      always_wrong       False                      aip_gated      0.970034       0.918301  0.051733 0.0684  False
    gsm8k      always_wrong       False confidence_weighted_selfreport      0.450794       0.630132 -0.179338 0.0684   True
    gsm8k      always_wrong       False            confidence_weighted      0.715424       0.915676 -0.200252 0.0684   True
  math500 semantic_negation        True                      aip_gated      0.637367       0.637367  0.000000 0.1003  False
  math500 semantic_negation        True confidence_weighted_selfreport      0.351295       0.533821 -0.182526 0.1003   True
  math500 semantic_negation        True            confidence_weighted      0.506550       0.506550  0.000000 0.1003  False
  math500      always_wrong       False                      aip_gated      0.637367       0.616038  0.021329 0.1003  False
  math500      always_wrong       False confidence_weighted_selfreport      0.351295       0.502721 -0.151426 0.1003   True
  math500      always_wrong       False            confidence_weighted      0.506550       0.599224 -0.092674 0.1003  False
    medqa semantic_negation        True                      aip_gated      0.646219       0.646219  0.000000 0.1003  False
    medqa semantic_negation        True confidence_weighted_selfreport      0.555617       0.655124 -0.099507 0.1003  False
    medqa semantic_negation        True            confidence_weighted      0.684821       0.685321 -0.000500 0.1003  False
    medqa      always_wrong       False                      aip_gated      0.646219       0.552329  0.093890 0.1003  False
    medqa      always_wrong       False confidence_weighted_selfreport      0.555617       0.674667 -0.119050 0.1003   True
    medqa      always_wrong       False            confidence_weighted      0.684821       0.723024 -0.038202 0.1003  False
     mmlu semantic_negation        True                      aip_gated      0.717048       0.717048  0.000000 0.1003  False
     mmlu semantic_negation        True confidence_weighted_selfreport      0.573462       0.736631 -0.163169 0.1003   True
     mmlu semantic_negation        True            confidence_weighted      0.729383       0.729383  0.000000 0.1003  False
     mmlu      always_wrong       False                      aip_gated      0.717048       0.596536  0.120512 0.1003   True
     mmlu      always_wrong       False confidence_weighted_selfreport      0.573462       0.799019 -0.225557 0.1003   True
     mmlu      always_wrong       False            confidence_weighted      0.729383       0.816900 -0.087517 0.1003  False
  * Controlled contrast only (falsified_confidence vs semantic_negation: same answers, same logprobs, self-report inverted).
  * AIP-gated moves by 0.001 on every benchmark -- an exact zero, not an estimate below the floor. The gate never reads the self-report, so the attack is a no-op for it by construction; this is an implementation identity of the same kind as the C=2 attenuation identity, and the audit confirms the implementation matches the specification.
  * The logprob-reading weighted baseline is likewise unmoved (max 0.002), which localises the effect to the self-report channel rather than to confidence weighting as such.
  * The self-report reader degrades on 3/6 benchmarks: arc -0.238, math500 -0.183, mmlu -0.163. The remaining 3 (boolq, gsm8k, medqa) are UNDETECTABLE at this scale, not unaffected.

=== B1 ===
benchmark            attack   f   pooled  best_window  windowed  recovery  floor      verdict  best_baseline
    gsm8k             burst 0.3 0.964286           20  0.978857  0.014571 0.0684 UNDETECTABLE       0.980286
    gsm8k             burst 0.4 0.929333           20  0.977000  0.047667 0.0684 UNDETECTABLE       0.975000
    gsm8k             burst 0.5 0.850800           20  0.976800  0.126000 0.0684    CONFIRMED       0.965200
    gsm8k             burst 0.6 0.610500           20  0.975500  0.365000 0.0684    CONFIRMED       0.833500
    gsm8k             burst 0.7 0.474000           20  0.968667  0.494667 0.0684    CONFIRMED       0.420000
    gsm8k             noise 0.3 0.948857           20  0.978857  0.030000 0.0684 UNDETECTABLE       0.979714
    gsm8k             noise 0.4 0.819333           20  0.972667  0.153333 0.0684    CONFIRMED       0.973333
    gsm8k             noise 0.5 0.744000           20  0.973600  0.229600 0.0684    CONFIRMED       0.970800
    gsm8k             noise 0.6 0.770000           20  0.974000  0.204000 0.0684    CONFIRMED       0.941500
    gsm8k             noise 0.7 0.846667           20  0.967333  0.120667 0.0684    CONFIRMED       0.784000
    gsm8k semantic_negation 0.3 0.976000           20  0.976857  0.000857 0.0684 UNDETECTABLE       0.980000
    gsm8k semantic_negation 0.4 0.973667           20  0.975333  0.001667 0.0684 UNDETECTABLE       0.970667
    gsm8k semantic_negation 0.5 0.970000           20  0.973600  0.003600 0.0684 UNDETECTABLE       0.935600
    gsm8k semantic_negation 0.6 0.969000           20  0.974000  0.005000 0.0684 UNDETECTABLE       0.230000
    gsm8k semantic_negation 0.7 0.965333           20  0.967333  0.002000 0.0684 UNDETECTABLE       0.108000
  * Burst: pooled AIP falls to 0.474 at f=0.7; the best window holds 0.969 across all f. Maximum recovery +0.495 against a 0.068 floor.
  * Stationary control (semantic_negation): recovery ranges +0.001 to +0.005; 5/5 cells are below floor, so windowing is not measurably costly where the attack is stationary.

=== G2 ===
benchmark answer_space_class                 attack   n  q_hat     q_lo     q_hi  honest_q  ceiling  margin_vs_honest  exceeds_honest_ci
    gsm8k       open_numeric      semantic_negation 500  0.674 0.631721 0.713625     0.597    0.800             0.077               True
    gsm8k       open_numeric           always_wrong 500  0.102 0.078434 0.131635     0.597    0.800            -0.495              False
    gsm8k       open_numeric semantic_hallucination 500  0.066 0.047378 0.091240     0.597    0.800            -0.531              False
    gsm8k       open_numeric                rushing 500  0.156 0.126830 0.190415     0.597    0.800            -0.441              False
  math500          open_text      semantic_negation 200  0.175 0.128604 0.233645     0.143    0.198             0.032              False
  math500          open_text           always_wrong 200  0.050 0.027382 0.089579     0.143    0.198            -0.093              False
  math500          open_text semantic_hallucination 200  0.030 0.013820 0.063895     0.143    0.198            -0.113              False
  math500          open_text                rushing 200  0.160 0.115673 0.217142     0.143    0.198             0.017              False
     mmlu    multiple_choice      semantic_negation 200  0.325 0.263915 0.392681     0.535    0.677            -0.210              False
     mmlu    multiple_choice           always_wrong 200  0.300 0.240746 0.366792     0.535    0.677            -0.235              False
     mmlu    multiple_choice semantic_hallucination 200  0.260 0.204137 0.324909     0.535    0.677            -0.275              False
     mmlu    multiple_choice                rushing 200  0.370 0.306125 0.438775     0.535    0.677            -0.165              False
    medqa    multiple_choice      semantic_negation 200  0.190 0.141671 0.250014     0.535    0.677            -0.345              False
    medqa    multiple_choice           always_wrong 200  0.280 0.222368 0.345924     0.535    0.677            -0.255              False
    medqa    multiple_choice semantic_hallucination 200  0.310 0.249988 0.377173     0.535    0.677            -0.225              False
    medqa    multiple_choice                rushing 200  0.260 0.204137 0.324909     0.535    0.677            -0.275              False
    boolq             binary      semantic_negation 200  0.455 0.387481 0.524215       NaN    1.000               NaN              False
    boolq             binary           always_wrong 200  0.605 0.535882 0.670160       NaN    1.000               NaN              False
    boolq             binary semantic_hallucination 200  0.545 0.475785 0.612519       NaN    1.000               NaN              False
    boolq             binary                rushing 200  0.630 0.561225 0.693875       NaN    1.000               NaN              False
      arc    multiple_choice      semantic_negation 200  0.265 0.208681 0.330177     0.535    0.677            -0.270              False
      arc    multiple_choice           always_wrong 200  0.305 0.245363 0.371987     0.535    0.677            -0.230              False
      arc    multiple_choice semantic_hallucination 200  0.275 0.217796 0.340685     0.535    0.677            -0.260              False
      arc    multiple_choice                rushing 200  0.275 0.217796 0.340685     0.535    0.677            -0.260              False
  * Raw coordinatability does NOT collapse on closed label spaces -- it is highest there: binary 0.559, multiple choice 0.285, versus open text 0.104. The original wording inverts the measured direction and is REFUTED as stated.
  * What collapses is the *margin over honest agreement*: on 4-way multiple choice no attack's Wilson interval clears the honest receiver-conditioned q of 0.535, so there is no coherent channel a gate can license inversion on.
  * DATA GAP: no receiver-conditioned honest q is calibrated for boolq (binary class). The margin is unaudited there and the claim is restricted to the classes that carry a calibration.

=== M2 ===
                        method   f  n_cells  mean_abs_effect  max_abs_effect  n_over_floor  mean_signed_over_floor
                     aip_gated 0.0       66         0.002071        0.035000             0                0.000000
                     aip_gated 0.1       66         0.001902        0.062222             0                0.000000
                     aip_gated 0.2       66         0.003778        0.135000             1               -0.135000
                     aip_gated 0.3       66         0.000762        0.033571             0                0.000000
                     aip_gated 0.4       66         0.003346        0.105000             2               -0.105000
                     aip_gated 0.5       66         0.211806        0.840000            33                0.423485
                     aip_gated 0.6       66         0.002992        0.110000             1               -0.110000
                     aip_gated 0.7       66         0.000020        0.001333             0                0.000000
                     aip_naive 0.0       66         0.000750        0.032500             0                0.000000
                     aip_naive 0.1       66         0.000396        0.017222             0                0.000000
                     aip_naive 0.2       66         0.000360        0.011250             0                0.000000
                     aip_naive 0.3       66         0.000797        0.023571             0                0.000000
                     aip_naive 0.4       66         0.000593        0.018333             0                0.000000
                     aip_naive 0.5       66         0.063545        0.485000             9                0.463889
                     aip_naive 0.6       66         0.004659        0.285000             1                0.285000
                     aip_naive 0.7       66         0.000000        0.000000             0                0.000000
                aip_trust_only 0.0       66         0.002071        0.035000             0                0.000000
                aip_trust_only 0.1       66         0.001970        0.062222             0                0.000000
                aip_trust_only 0.2       66         0.003682        0.135000             1               -0.135000
                aip_trust_only 0.3       66         0.001753        0.070000             0                0.000000
                aip_trust_only 0.4       66         0.001982        0.047500             0                0.000000
                aip_trust_only 0.5       66         0.211742        0.840000            33                0.423485
                aip_trust_only 0.6       66         0.000000        0.000000             0                0.000000
                aip_trust_only 0.7       66         0.000000        0.000000             0                0.000000
           confidence_weighted 0.0       66         0.000233        0.006500             0                0.000000
           confidence_weighted 0.1       66         0.000258        0.006111             0                0.000000
           confidence_weighted 0.2       66         0.000229        0.007500             0                0.000000
           confidence_weighted 0.3       66         0.021742        0.106429             1                0.106429
           confidence_weighted 0.4       66         0.002015        0.025000             0                0.000000
           confidence_weighted 0.5       66         0.007736        0.090000             0                0.000000
           confidence_weighted 0.6       66         0.018379        0.422500             5                0.240850
           confidence_weighted 0.7       66         0.000000        0.000000             0                0.000000
confidence_weighted_selfreport 0.0       66         0.000265        0.003500             0                0.000000
confidence_weighted_selfreport 0.1       66         0.000530        0.008333             0                0.000000
confidence_weighted_selfreport 0.2       66         0.000551        0.014375             0                0.000000
confidence_weighted_selfreport 0.3       66         0.056665        0.126571            15                0.105352
confidence_weighted_selfreport 0.4       66         0.004593        0.092500             0                0.000000
confidence_weighted_selfreport 0.5       66         0.011324        0.189000             3                0.166667
confidence_weighted_selfreport 0.6       66         0.005962        0.141250             2                0.126125
confidence_weighted_selfreport 0.7       66         0.000000        0.000000             0                0.000000
             sac_filter_refine 0.0       66         0.000117        0.002500             0                0.000000
             sac_filter_refine 0.1       66         0.000207        0.008889             0                0.000000
             sac_filter_refine 0.2       66         0.000242        0.005625             0                0.000000
             sac_filter_refine 0.3       66         0.000435        0.009286             0                0.000000
             sac_filter_refine 0.4       66         0.001813        0.025000             0                0.000000
             sac_filter_refine 0.5       66         0.002070        0.066000             0                0.000000
             sac_filter_refine 0.6       66         0.024364        0.369000             6                0.252583
             sac_filter_refine 0.7       66         0.000000        0.000000             0                0.000000
  * Sanity: the unweighted/discard family is exactly parity-invariant (max |effect| 0.0000 over 3696 cells), confirming the audit instrument itself is not manufacturing an effect.
  * AIP-gated away from the tie (f != 0.5): 4 of 462 cells clear the floor (0.9%), largest |effect| 0.135. Self-vote share is not detectable as a general property away from the tie, but it is not exactly zero either.
  * AIP-gated AT f = 0.5: 33 of 66 cells clear the floor, mean signed effect +0.423, max 0.840. 'AIP does not exploit self-vote share' is REFUTED at the exact tie: with the swarm split 50/50 the normalisation of the adversary's own vote decides the outcome.
  * Scope: the audit contrasts matched@0.1 against unmatched under the always_wrong adversary, the least coherent one in the sweep, so the tie regime is where the adversary's own vote carries the whole decision.
  * Consequence for the f = 0.5 anchor: any result stated at the tie must name its parity condition, because the two differ by up to 0.840 on this method. The gate-aware sweep (scripts/phase_gate_aware.py) constructs its aggregators with ParityConfig(0.1), i.e. the matched -- confound-controlled -- condition, so the evasion anchor is not contaminated by this effect.

wrote /home/ubuntu/Liars_Are_Information/results/pending_claims_audit.md and results/pending_claims_audit.parquet
=== 2026-09-20T18:37:53+00:00  .venv/bin/python scripts/phase_e3_cost.py ===
================================================================================================
E3 AGGREGATION COST -- microseconds per receiver-decision, f = 0.5
================================================================================================
benchmark         math500  medqa   mmlu
method                                 
majority              3.2    3.1    3.3
krum                 21.6   20.9   21.0
trimmed_mean         68.1   60.2   57.2
aip_trust_only       64.6   79.3   79.4
aip_gated            66.6   83.0   81.8
coord_median         90.2   81.1   80.1
multi_krum           94.4   85.5   81.8
geometric_median    482.4  961.5  755.5

with intervals:
  math500  majority               3.2 us [3.2, 3.3]   p95      3.6
  math500  krum                  21.6 us [21.5, 21.7]   p95     23.8
  math500  aip_trust_only        64.6 us [62.3, 67.0]   p95     97.3
  math500  aip_gated             66.6 us [64.1, 69.1]   p95     99.7
  math500  trimmed_mean          68.1 us [65.7, 70.3]   p95    100.0
  math500  coord_median          90.2 us [88.0, 93.0]   p95    123.5
  math500  multi_krum            94.4 us [92.0, 97.0]   p95    129.1
  math500  geometric_median     482.4 us [445.3, 520.6]   p95    801.7
  medqa    majority               3.1 us [3.1, 3.2]   p95      3.5
  medqa    krum                  20.9 us [20.8, 21.1]   p95     22.9
  medqa    trimmed_mean          60.2 us [58.8, 61.6]   p95     81.8
  medqa    aip_trust_only        79.3 us [79.0, 79.6]   p95     83.3
  medqa    coord_median          81.1 us [79.7, 82.6]   p95    103.0
  medqa    aip_gated             83.0 us [82.4, 83.8]   p95     92.4
  medqa    multi_krum            85.5 us [84.0, 87.1]   p95    106.8
  medqa    geometric_median     961.5 us [846.8, 1086.4]   p95   2478.4
  mmlu     majority               3.3 us [3.2, 3.4]   p95      3.5
  mmlu     krum                  21.0 us [20.9, 21.1]   p95     23.3
  mmlu     trimmed_mean          57.2 us [55.8, 58.5]   p95     70.6
  mmlu     aip_trust_only        79.4 us [79.1, 79.8]   p95     84.3
  mmlu     coord_median          80.1 us [78.6, 81.8]   p95     97.0
  mmlu     aip_gated             81.8 us [81.4, 82.3]   p95     87.6
  mmlu     multi_krum            81.8 us [80.5, 83.2]   p95     96.6
  mmlu     geometric_median     755.5 us [642.1, 876.2]   p95   2510.9

================================================================================================
INFERENCE COST -- identical for every aggregation rule
================================================================================================
           completion_tokens_mean  completion_tokens_p95
benchmark                                               
math500                    1104.6                 2483.5
medqa                       482.8                 1270.4
mmlu                        315.8                  854.4

The slowest aggregation rule costs 961 us per decision. One completion averages 634 tokens; at a generous 100 tokens/s that is ~6598x the aggregation cost. Aggregation is not the bottleneck for any method here.

wrote results/aggregation/cost_of_defence.parquet, results/aggregation/inference_cost.parquet
=== 2026-09-20T18:38:07+00:00  .venv/bin/python scripts/phase_composition.py ===
========================================================================================================
9b COMPOSITION GUIDANCE -- {3: 35, 5: 21} subsets of 7 models, 10-agent swarms
========================================================================================================

DOES COMPOSITION MATTER? swarm-accuracy range across subsets vs the floor
  arc       k=3  range 0.043  floor 0.100  undetectable best gain over best single model +0.010
  arc       k=5  range 0.025  floor 0.100  undetectable best gain over best single model +0.000
  boolq     k=3  range 0.045  floor 0.100  undetectable best gain over best single model +0.015
  boolq     k=5  range 0.020  floor 0.100  undetectable best gain over best single model +0.010
  gsm8k     k=3  range 0.021  floor 0.064  undetectable best gain over best single model +0.013
  gsm8k     k=5  range 0.010  floor 0.064  undetectable best gain over best single model +0.010
  math500   k=3  range 0.170  floor 0.100  DETECTABLE   best gain over best single model -0.140
  math500   k=5  range 0.150  floor 0.100  DETECTABLE   best gain over best single model -0.165
  medqa     k=3  range 0.285  floor 0.100  DETECTABLE   best gain over best single model +0.018
  medqa     k=5  range 0.125  floor 0.100  DETECTABLE   best gain over best single model -0.010
  mmlu      k=3  range 0.103  floor 0.100  DETECTABLE   best gain over best single model +0.007
  mmlu      k=5  range 0.060  floor 0.100  undetectable best gain over best single model +0.010

--- gsm8k, k=3 :: measured (within-model rho available) ---
  ranked by n_eff
    TOP    N_eff  2.45  swarm acc 0.958  best single 0.952  gain +0.006  acc mean 0.895 spread 0.150  granite42_30b + llama32_3b + phi4_mini_reasoning
    TOP    N_eff  2.38  swarm acc 0.967  best single 0.964  gain +0.003  acc mean 0.906 spread 0.162  granite42_30b + llama32_3b + olmo3_32b_think
    TOP    N_eff  2.37  swarm acc 0.963  best single 0.964  gain -0.001  acc mean 0.899 spread 0.162  llama32_3b + olmo3_32b_think + phi4_mini_reasoning
    TOP    N_eff  2.35  swarm acc 0.963  best single 0.960  gain +0.003  acc mean 0.897 spread 0.158  llama32_3b + ministral3_14b + phi4_mini_reasoning
    TOP    N_eff  2.33  swarm acc 0.971  best single 0.964  gain +0.007  acc mean 0.909 spread 0.162  llama32_3b + ministral3_14b + olmo3_32b_think
    BOTTOM N_eff  1.53  swarm acc 0.977  best single 0.978  gain -0.001  acc mean 0.967 spread 0.018  gemma4_31b + ministral3_14b + olmo3_32b_think
    BOTTOM N_eff  1.52  swarm acc 0.971  best single 0.968  gain +0.003  acc mean 0.954 spread 0.038  olmo3_32b_think + phi4_mini_reasoning + qwen38_27b
    BOTTOM N_eff  1.47  swarm acc 0.977  best single 0.978  gain -0.001  acc mean 0.969 spread 0.018  gemma4_31b + ministral3_14b + qwen38_27b
    BOTTOM N_eff  1.47  swarm acc 0.969  best single 0.968  gain +0.001  acc mean 0.964 spread 0.008  ministral3_14b + olmo3_32b_think + qwen38_27b
    BOTTOM N_eff  1.38  swarm acc 0.971  best single 0.978  gain -0.007  acc mean 0.970 spread 0.014  gemma4_31b + olmo3_32b_think + qwen38_27b
  ranked by swarm_accuracy
    TOP    N_eff  1.63  swarm acc 0.979  best single 0.978  gain +0.001  acc mean 0.966 spread 0.026  gemma4_31b + granite42_30b + qwen38_27b
    TOP    N_eff  1.66  swarm acc 0.978  best single 0.978  gain +0.000  acc mean 0.965 spread 0.026  gemma4_31b + granite42_30b + olmo3_32b_think
    TOP    N_eff  2.00  swarm acc 0.977  best single 0.978  gain -0.001  acc mean 0.916 spread 0.176  gemma4_31b + llama32_3b + qwen38_27b
    TOP    N_eff  1.53  swarm acc 0.977  best single 0.978  gain -0.001  acc mean 0.967 spread 0.018  gemma4_31b + ministral3_14b + olmo3_32b_think
    TOP    N_eff  1.47  swarm acc 0.977  best single 0.978  gain -0.001  acc mean 0.969 spread 0.018  gemma4_31b + ministral3_14b + qwen38_27b
    BOTTOM N_eff  2.24  swarm acc 0.965  best single 0.960  gain +0.005  acc mean 0.905 spread 0.158  granite42_30b + llama32_3b + ministral3_14b
    BOTTOM N_eff  2.17  swarm acc 0.964  best single 0.968  gain -0.004  acc mean 0.900 spread 0.166  llama32_3b + phi4_mini_reasoning + qwen38_27b
    BOTTOM N_eff  2.37  swarm acc 0.963  best single 0.964  gain -0.001  acc mean 0.899 spread 0.162  llama32_3b + olmo3_32b_think + phi4_mini_reasoning
    BOTTOM N_eff  2.35  swarm acc 0.963  best single 0.960  gain +0.003  acc mean 0.897 spread 0.158  llama32_3b + ministral3_14b + phi4_mini_reasoning
    BOTTOM N_eff  2.45  swarm acc 0.958  best single 0.952  gain +0.006  acc mean 0.895 spread 0.150  granite42_30b + llama32_3b + phi4_mini_reasoning

--- gsm8k, k=5 :: measured (within-model rho available) ---
  ranked by n_eff
    TOP    N_eff  2.24  swarm acc 0.974  best single 0.964  gain +0.010  acc mean 0.922 spread 0.162  granite42_30b + llama32_3b + ministral3_14b + olmo3_32b_think + phi4_mini_reasoning
    TOP    N_eff  2.22  swarm acc 0.980  best single 0.978  gain +0.002  acc mean 0.925 spread 0.176  gemma4_31b + granite42_30b + llama32_3b + olmo3_32b_think + phi4_mini_reasoning
    TOP    N_eff  2.20  swarm acc 0.978  best single 0.978  gain +0.000  acc mean 0.924 spread 0.176  gemma4_31b + granite42_30b + llama32_3b + ministral3_14b + phi4_mini_reasoning
    TOP    N_eff  2.16  swarm acc 0.980  best single 0.978  gain +0.002  acc mean 0.926 spread 0.176  gemma4_31b + granite42_30b + llama32_3b + phi4_mini_reasoning + qwen38_27b
    TOP    N_eff  2.13  swarm acc 0.972  best single 0.968  gain +0.004  acc mean 0.922 spread 0.166  granite42_30b + llama32_3b + ministral3_14b + phi4_mini_reasoning + qwen38_27b
    BOTTOM N_eff  1.75  swarm acc 0.976  best single 0.978  gain -0.002  acc mean 0.958 spread 0.048  gemma4_31b + granite42_30b + ministral3_14b + phi4_mini_reasoning + qwen38_27b
    BOTTOM N_eff  1.72  swarm acc 0.972  best single 0.968  gain +0.004  acc mean 0.955 spread 0.038  granite42_30b + ministral3_14b + olmo3_32b_think + phi4_mini_reasoning + qwen38_27b
    BOTTOM N_eff  1.71  swarm acc 0.976  best single 0.978  gain -0.002  acc mean 0.958 spread 0.048  gemma4_31b + granite42_30b + olmo3_32b_think + phi4_mini_reasoning + qwen38_27b
    BOTTOM N_eff  1.62  swarm acc 0.978  best single 0.978  gain +0.000  acc mean 0.964 spread 0.026  gemma4_31b + granite42_30b + ministral3_14b + olmo3_32b_think + qwen38_27b
    BOTTOM N_eff  1.61  swarm acc 0.972  best single 0.978  gain -0.006  acc mean 0.960 spread 0.048  gemma4_31b + ministral3_14b + olmo3_32b_think + phi4_mini_reasoning + qwen38_27b
  ranked by swarm_accuracy
    TOP    N_eff  2.03  swarm acc 0.980  best single 0.978  gain +0.002  acc mean 0.932 spread 0.176  gemma4_31b + granite42_30b + llama32_3b + ministral3_14b + qwen38_27b
    TOP    N_eff  2.00  swarm acc 0.980  best single 0.978  gain +0.002  acc mean 0.933 spread 0.176  gemma4_31b + granite42_30b + llama32_3b + olmo3_32b_think + qwen38_27b
    TOP    N_eff  2.22  swarm acc 0.980  best single 0.978  gain +0.002  acc mean 0.925 spread 0.176  gemma4_31b + granite42_30b + llama32_3b + olmo3_32b_think + phi4_mini_reasoning
    TOP    N_eff  2.16  swarm acc 0.980  best single 0.978  gain +0.002  acc mean 0.926 spread 0.176  gemma4_31b + granite42_30b + llama32_3b + phi4_mini_reasoning + qwen38_27b
    TOP    N_eff  2.10  swarm acc 0.978  best single 0.978  gain +0.000  acc mean 0.931 spread 0.176  gemma4_31b + granite42_30b + llama32_3b + ministral3_14b + olmo3_32b_think
    BOTTOM N_eff  1.61  swarm acc 0.972  best single 0.978  gain -0.006  acc mean 0.960 spread 0.048  gemma4_31b + ministral3_14b + olmo3_32b_think + phi4_mini_reasoning + qwen38_27b
    BOTTOM N_eff  1.98  swarm acc 0.972  best single 0.978  gain -0.006  acc mean 0.928 spread 0.176  gemma4_31b + llama32_3b + olmo3_32b_think + phi4_mini_reasoning + qwen38_27b
    BOTTOM N_eff  2.13  swarm acc 0.972  best single 0.968  gain +0.004  acc mean 0.922 spread 0.166  granite42_30b + llama32_3b + ministral3_14b + phi4_mini_reasoning + qwen38_27b
    BOTTOM N_eff  1.72  swarm acc 0.972  best single 0.968  gain +0.004  acc mean 0.955 spread 0.038  granite42_30b + ministral3_14b + olmo3_32b_think + phi4_mini_reasoning + qwen38_27b
    BOTTOM N_eff  2.03  swarm acc 0.970  best single 0.968  gain +0.002  acc mean 0.925 spread 0.166  llama32_3b + ministral3_14b + olmo3_32b_think + phi4_mini_reasoning + qwen38_27b

--- math500, k=3 :: cross-model pairs only -- UPPER BOUND on N_eff ---
  ranked by n_eff
    TOP    N_eff  3.05  swarm acc 0.683  best single 0.940  gain -0.257  acc mean 0.730 spread 0.495  gemma4_31b + llama32_3b + ministral3_14b
    TOP    N_eff  2.92  swarm acc 0.740  best single 0.940  gain -0.200  acc mean 0.757 spread 0.495  gemma4_31b + llama32_3b + qwen38_27b
    TOP    N_eff  2.86  swarm acc 0.645  best single 0.940  gain -0.295  acc mean 0.692 spread 0.495  gemma4_31b + llama32_3b + phi4_mini_reasoning
    TOP    N_eff  2.84  swarm acc 0.683  best single 0.940  gain -0.257  acc mean 0.710 spread 0.495  gemma4_31b + granite42_30b + llama32_3b
    TOP    N_eff  2.70  swarm acc 0.673  best single 0.940  gain -0.267  acc mean 0.717 spread 0.495  gemma4_31b + llama32_3b + olmo3_32b_think
    BOTTOM N_eff  1.53  swarm acc 0.690  best single 0.885  gain -0.195  acc mean 0.798 spread 0.140  granite42_30b + olmo3_32b_think + qwen38_27b
    BOTTOM N_eff  1.45  swarm acc 0.598  best single 0.805  gain -0.207  acc mean 0.753 spread 0.115  ministral3_14b + olmo3_32b_think + phi4_mini_reasoning
    BOTTOM N_eff  1.44  swarm acc 0.607  best single 0.805  gain -0.198  acc mean 0.747 spread 0.115  granite42_30b + ministral3_14b + phi4_mini_reasoning
    BOTTOM N_eff  1.44  swarm acc 0.623  best single 0.805  gain -0.182  acc mean 0.772 spread 0.060  granite42_30b + ministral3_14b + olmo3_32b_think
    BOTTOM N_eff  1.27  swarm acc 0.605  best single 0.765  gain -0.160  acc mean 0.733 spread 0.075  granite42_30b + olmo3_32b_think + phi4_mini_reasoning
  ranked by swarm_accuracy
    TOP    N_eff  2.02  swarm acc 0.750  best single 0.940  gain -0.190  acc mean 0.857 spread 0.195  gemma4_31b + granite42_30b + qwen38_27b
    TOP    N_eff  2.92  swarm acc 0.740  best single 0.940  gain -0.200  acc mean 0.757 spread 0.495  gemma4_31b + llama32_3b + qwen38_27b
    TOP    N_eff  2.01  swarm acc 0.738  best single 0.940  gain -0.202  acc mean 0.877 spread 0.135  gemma4_31b + ministral3_14b + qwen38_27b
    TOP    N_eff  2.00  swarm acc 0.733  best single 0.940  gain -0.207  acc mean 0.863 spread 0.175  gemma4_31b + olmo3_32b_think + qwen38_27b
    TOP    N_eff  2.08  swarm acc 0.728  best single 0.940  gain -0.212  acc mean 0.838 spread 0.250  gemma4_31b + phi4_mini_reasoning + qwen38_27b
    BOTTOM N_eff  1.27  swarm acc 0.605  best single 0.765  gain -0.160  acc mean 0.733 spread 0.075  granite42_30b + olmo3_32b_think + phi4_mini_reasoning
    BOTTOM N_eff  1.85  swarm acc 0.603  best single 0.745  gain -0.142  acc mean 0.627 spread 0.300  granite42_30b + llama32_3b + phi4_mini_reasoning
    BOTTOM N_eff  1.45  swarm acc 0.598  best single 0.805  gain -0.207  acc mean 0.753 spread 0.115  ministral3_14b + olmo3_32b_think + phi4_mini_reasoning
    BOTTOM N_eff  2.14  swarm acc 0.583  best single 0.805  gain -0.222  acc mean 0.647 spread 0.360  llama32_3b + ministral3_14b + phi4_mini_reasoning
    BOTTOM N_eff  1.78  swarm acc 0.580  best single 0.765  gain -0.185  acc mean 0.633 spread 0.320  llama32_3b + olmo3_32b_think + phi4_mini_reasoning

--- math500, k=5 :: cross-model pairs only -- UPPER BOUND on N_eff ---
  ranked by n_eff
    TOP    N_eff  2.28  swarm acc 0.735  best single 0.940  gain -0.205  acc mean 0.753 spread 0.495  gemma4_31b + llama32_3b + ministral3_14b + phi4_mini_reasoning + qwen38_27b
    TOP    N_eff  2.24  swarm acc 0.755  best single 0.940  gain -0.185  acc mean 0.764 spread 0.495  gemma4_31b + granite42_30b + llama32_3b + ministral3_14b + qwen38_27b
    TOP    N_eff  2.24  swarm acc 0.720  best single 0.940  gain -0.220  acc mean 0.768 spread 0.495  gemma4_31b + llama32_3b + ministral3_14b + olmo3_32b_think + qwen38_27b
    TOP    N_eff  2.18  swarm acc 0.760  best single 0.940  gain -0.180  acc mean 0.741 spread 0.495  gemma4_31b + granite42_30b + llama32_3b + phi4_mini_reasoning + qwen38_27b
    TOP    N_eff  2.14  swarm acc 0.745  best single 0.940  gain -0.195  acc mean 0.745 spread 0.495  gemma4_31b + llama32_3b + olmo3_32b_think + phi4_mini_reasoning + qwen38_27b
    BOTTOM N_eff  1.75  swarm acc 0.665  best single 0.885  gain -0.220  acc mean 0.706 spread 0.440  granite42_30b + llama32_3b + olmo3_32b_think + phi4_mini_reasoning + qwen38_27b
    BOTTOM N_eff  1.72  swarm acc 0.755  best single 0.940  gain -0.185  acc mean 0.805 spread 0.250  gemma4_31b + granite42_30b + olmo3_32b_think + phi4_mini_reasoning + qwen38_27b
    BOTTOM N_eff  1.68  swarm acc 0.690  best single 0.940  gain -0.250  acc mean 0.789 spread 0.250  gemma4_31b + granite42_30b + ministral3_14b + olmo3_32b_think + phi4_mini_reasoning
    BOTTOM N_eff  1.68  swarm acc 0.625  best single 0.805  gain -0.180  acc mean 0.690 spread 0.360  granite42_30b + llama32_3b + ministral3_14b + olmo3_32b_think + phi4_mini_reasoning
    BOTTOM N_eff  1.51  swarm acc 0.670  best single 0.885  gain -0.215  acc mean 0.778 spread 0.195  granite42_30b + ministral3_14b + olmo3_32b_think + phi4_mini_reasoning + qwen38_27b
  ranked by swarm_accuracy
    TOP    N_eff  2.13  swarm acc 0.775  best single 0.940  gain -0.165  acc mean 0.756 spread 0.495  gemma4_31b + granite42_30b + llama32_3b + olmo3_32b_think + qwen38_27b
    TOP    N_eff  2.18  swarm acc 0.760  best single 0.940  gain -0.180  acc mean 0.741 spread 0.495  gemma4_31b + granite42_30b + llama32_3b + phi4_mini_reasoning + qwen38_27b
    TOP    N_eff  2.24  swarm acc 0.755  best single 0.940  gain -0.185  acc mean 0.764 spread 0.495  gemma4_31b + granite42_30b + llama32_3b + ministral3_14b + qwen38_27b
    TOP    N_eff  1.72  swarm acc 0.755  best single 0.940  gain -0.185  acc mean 0.805 spread 0.250  gemma4_31b + granite42_30b + olmo3_32b_think + phi4_mini_reasoning + qwen38_27b
    TOP    N_eff  1.79  swarm acc 0.745  best single 0.940  gain -0.195  acc mean 0.828 spread 0.195  gemma4_31b + granite42_30b + ministral3_14b + olmo3_32b_think + qwen38_27b
    BOTTOM N_eff  2.10  swarm acc 0.670  best single 0.940  gain -0.270  acc mean 0.729 spread 0.495  gemma4_31b + llama32_3b + ministral3_14b + olmo3_32b_think + phi4_mini_reasoning
    BOTTOM N_eff  1.51  swarm acc 0.670  best single 0.885  gain -0.215  acc mean 0.778 spread 0.195  granite42_30b + ministral3_14b + olmo3_32b_think + phi4_mini_reasoning + qwen38_27b
    BOTTOM N_eff  1.75  swarm acc 0.665  best single 0.885  gain -0.220  acc mean 0.706 spread 0.440  granite42_30b + llama32_3b + olmo3_32b_think + phi4_mini_reasoning + qwen38_27b
    BOTTOM N_eff  1.88  swarm acc 0.660  best single 0.885  gain -0.225  acc mean 0.718 spread 0.440  llama32_3b + ministral3_14b + olmo3_32b_think + phi4_mini_reasoning + qwen38_27b
    BOTTOM N_eff  1.68  swarm acc 0.625  best single 0.805  gain -0.180  acc mean 0.690 spread 0.360  granite42_30b + llama32_3b + ministral3_14b + olmo3_32b_think + phi4_mini_reasoning

--- medqa, k=3 :: cross-model pairs only -- UPPER BOUND on N_eff ---
  ranked by n_eff
    TOP    N_eff  4.15  swarm acc 0.827  best single 0.925  gain -0.098  acc mean 0.732 spread 0.330  gemma4_31b + granite42_30b + phi4_mini_reasoning
    TOP    N_eff  3.79  swarm acc 0.770  best single 0.925  gain -0.155  acc mean 0.687 spread 0.385  gemma4_31b + llama32_3b + phi4_mini_reasoning
    TOP    N_eff  3.76  swarm acc 0.768  best single 0.930  gain -0.162  acc mean 0.688 spread 0.390  llama32_3b + phi4_mini_reasoning + qwen38_27b
    TOP    N_eff  3.61  swarm acc 0.822  best single 0.930  gain -0.108  acc mean 0.733 spread 0.335  granite42_30b + phi4_mini_reasoning + qwen38_27b
    TOP    N_eff  3.58  swarm acc 0.840  best single 0.925  gain -0.085  acc mean 0.748 spread 0.385  gemma4_31b + llama32_3b + olmo3_32b_think
    BOTTOM N_eff  2.43  swarm acc 0.870  best single 0.925  gain -0.055  acc mean 0.832 spread 0.145  gemma4_31b + ministral3_14b + olmo3_32b_think
    BOTTOM N_eff  2.42  swarm acc 0.837  best single 0.930  gain -0.093  acc mean 0.798 spread 0.255  granite42_30b + ministral3_14b + qwen38_27b
    BOTTOM N_eff  2.37  swarm acc 0.862  best single 0.930  gain -0.068  acc mean 0.833 spread 0.150  ministral3_14b + olmo3_32b_think + qwen38_27b
    BOTTOM N_eff  2.08  swarm acc 0.775  best single 0.790  gain -0.015  acc mean 0.748 spread 0.115  granite42_30b + ministral3_14b + olmo3_32b_think
    BOTTOM N_eff  2.02  swarm acc 0.928  best single 0.930  gain -0.002  acc mean 0.882 spread 0.140  gemma4_31b + ministral3_14b + qwen38_27b
  ranked by swarm_accuracy
    TOP    N_eff  2.48  swarm acc 0.948  best single 0.930  gain +0.018  acc mean 0.878 spread 0.150  gemma4_31b + olmo3_32b_think + qwen38_27b
    TOP    N_eff  2.68  swarm acc 0.930  best single 0.930  gain +0.000  acc mean 0.843 spread 0.255  gemma4_31b + granite42_30b + qwen38_27b
    TOP    N_eff  2.02  swarm acc 0.928  best single 0.930  gain -0.002  acc mean 0.882 spread 0.140  gemma4_31b + ministral3_14b + qwen38_27b
    TOP    N_eff  2.81  swarm acc 0.927  best single 0.930  gain -0.003  acc mean 0.798 spread 0.390  gemma4_31b + llama32_3b + qwen38_27b
    TOP    N_eff  2.93  swarm acc 0.925  best single 0.930  gain -0.005  acc mean 0.817 spread 0.335  gemma4_31b + phi4_mini_reasoning + qwen38_27b
    BOTTOM N_eff  2.72  swarm acc 0.742  best single 0.780  gain -0.038  acc mean 0.683 spread 0.185  granite42_30b + olmo3_32b_think + phi4_mini_reasoning
    BOTTOM N_eff  2.75  swarm acc 0.730  best single 0.780  gain -0.050  acc mean 0.665 spread 0.240  granite42_30b + llama32_3b + olmo3_32b_think
    BOTTOM N_eff  3.00  swarm acc 0.720  best single 0.790  gain -0.070  acc mean 0.642 spread 0.250  llama32_3b + ministral3_14b + phi4_mini_reasoning
    BOTTOM N_eff  3.22  swarm acc 0.703  best single 0.780  gain -0.077  acc mean 0.638 spread 0.240  llama32_3b + olmo3_32b_think + phi4_mini_reasoning
    BOTTOM N_eff  3.26  swarm acc 0.663  best single 0.675  gain -0.012  acc mean 0.603 spread 0.135  granite42_30b + llama32_3b + phi4_mini_reasoning

--- medqa, k=5 :: cross-model pairs only -- UPPER BOUND on N_eff ---
  ranked by n_eff
    TOP    N_eff  3.34  swarm acc 0.900  best single 0.930  gain -0.030  acc mean 0.733 spread 0.390  gemma4_31b + granite42_30b + llama32_3b + phi4_mini_reasoning + qwen38_27b
    TOP    N_eff  3.29  swarm acc 0.820  best single 0.925  gain -0.105  acc mean 0.703 spread 0.385  gemma4_31b + granite42_30b + llama32_3b + olmo3_32b_think + phi4_mini_reasoning
    TOP    N_eff  3.22  swarm acc 0.895  best single 0.930  gain -0.035  acc mean 0.754 spread 0.390  gemma4_31b + llama32_3b + olmo3_32b_think + phi4_mini_reasoning + qwen38_27b
    TOP    N_eff  3.16  swarm acc 0.830  best single 0.930  gain -0.100  acc mean 0.704 spread 0.390  granite42_30b + llama32_3b + olmo3_32b_think + phi4_mini_reasoning + qwen38_27b
    TOP    N_eff  3.04  swarm acc 0.850  best single 0.925  gain -0.075  acc mean 0.705 spread 0.385  gemma4_31b + granite42_30b + llama32_3b + ministral3_14b + phi4_mini_reasoning
    BOTTOM N_eff  2.70  swarm acc 0.890  best single 0.930  gain -0.040  acc mean 0.793 spread 0.390  gemma4_31b + llama32_3b + ministral3_14b + olmo3_32b_think + qwen38_27b
    BOTTOM N_eff  2.69  swarm acc 0.845  best single 0.930  gain -0.085  acc mean 0.743 spread 0.390  granite42_30b + llama32_3b + ministral3_14b + olmo3_32b_think + qwen38_27b
    BOTTOM N_eff  2.67  swarm acc 0.895  best single 0.930  gain -0.035  acc mean 0.804 spread 0.335  gemma4_31b + ministral3_14b + olmo3_32b_think + phi4_mini_reasoning + qwen38_27b
    BOTTOM N_eff  2.66  swarm acc 0.820  best single 0.930  gain -0.110  acc mean 0.754 spread 0.335  granite42_30b + ministral3_14b + olmo3_32b_think + phi4_mini_reasoning + qwen38_27b
    BOTTOM N_eff  2.42  swarm acc 0.880  best single 0.930  gain -0.050  acc mean 0.820 spread 0.255  gemma4_31b + granite42_30b + ministral3_14b + olmo3_32b_think + qwen38_27b
  ranked by swarm_accuracy
    TOP    N_eff  3.00  swarm acc 0.905  best single 0.930  gain -0.025  acc mean 0.781 spread 0.335  gemma4_31b + granite42_30b + olmo3_32b_think + phi4_mini_reasoning + qwen38_27b
    TOP    N_eff  3.34  swarm acc 0.900  best single 0.930  gain -0.030  acc mean 0.733 spread 0.390  gemma4_31b + granite42_30b + llama32_3b + phi4_mini_reasoning + qwen38_27b
    TOP    N_eff  2.98  swarm acc 0.900  best single 0.930  gain -0.030  acc mean 0.770 spread 0.390  gemma4_31b + granite42_30b + llama32_3b + olmo3_32b_think + qwen38_27b
    TOP    N_eff  3.22  swarm acc 0.895  best single 0.930  gain -0.035  acc mean 0.754 spread 0.390  gemma4_31b + llama32_3b + olmo3_32b_think + phi4_mini_reasoning + qwen38_27b
    TOP    N_eff  2.67  swarm acc 0.895  best single 0.930  gain -0.035  acc mean 0.804 spread 0.335  gemma4_31b + ministral3_14b + olmo3_32b_think + phi4_mini_reasoning + qwen38_27b
    BOTTOM N_eff  3.16  swarm acc 0.830  best single 0.930  gain -0.100  acc mean 0.704 spread 0.390  granite42_30b + llama32_3b + olmo3_32b_think + phi4_mini_reasoning + qwen38_27b
    BOTTOM N_eff  2.97  swarm acc 0.825  best single 0.930  gain -0.105  acc mean 0.727 spread 0.390  llama32_3b + ministral3_14b + olmo3_32b_think + phi4_mini_reasoning + qwen38_27b
    BOTTOM N_eff  3.29  swarm acc 0.820  best single 0.925  gain -0.105  acc mean 0.703 spread 0.385  gemma4_31b + granite42_30b + llama32_3b + olmo3_32b_think + phi4_mini_reasoning
    BOTTOM N_eff  2.66  swarm acc 0.820  best single 0.930  gain -0.110  acc mean 0.754 spread 0.335  granite42_30b + ministral3_14b + olmo3_32b_think + phi4_mini_reasoning + qwen38_27b
    BOTTOM N_eff  2.73  swarm acc 0.780  best single 0.790  gain -0.010  acc mean 0.676 spread 0.250  granite42_30b + llama32_3b + ministral3_14b + olmo3_32b_think + phi4_mini_reasoning

--- mmlu, k=3 :: cross-model pairs only -- UPPER BOUND on N_eff ---
  ranked by n_eff
    TOP    N_eff  3.05  swarm acc 0.855  best single 0.925  gain -0.070  acc mean 0.772 spread 0.310  gemma4_31b + llama32_3b + phi4_mini_reasoning
    TOP    N_eff  2.75  swarm acc 0.848  best single 0.905  gain -0.057  acc mean 0.765 spread 0.290  llama32_3b + phi4_mini_reasoning + qwen38_27b
    TOP    N_eff  2.74  swarm acc 0.913  best single 0.925  gain -0.012  acc mean 0.813 spread 0.310  gemma4_31b + llama32_3b + olmo3_32b_think
    TOP    N_eff  2.70  swarm acc 0.867  best single 0.905  gain -0.038  acc mean 0.788 spread 0.290  llama32_3b + ministral3_14b + qwen38_27b
    TOP    N_eff  2.67  swarm acc 0.918  best single 0.925  gain -0.007  acc mean 0.815 spread 0.310  gemma4_31b + llama32_3b + qwen38_27b
    BOTTOM N_eff  1.82  swarm acc 0.910  best single 0.905  gain +0.005  acc mean 0.883 spread 0.060  ministral3_14b + olmo3_32b_think + qwen38_27b
    BOTTOM N_eff  1.79  swarm acc 0.908  best single 0.905  gain +0.003  acc mean 0.882 spread 0.065  granite42_30b + olmo3_32b_think + qwen38_27b
    BOTTOM N_eff  1.79  swarm acc 0.910  best single 0.925  gain -0.015  acc mean 0.890 spread 0.080  gemma4_31b + ministral3_14b + olmo3_32b_think
    BOTTOM N_eff  1.78  swarm acc 0.885  best single 0.900  gain -0.015  acc mean 0.862 spread 0.060  granite42_30b + ministral3_14b + olmo3_32b_think
    BOTTOM N_eff  1.72  swarm acc 0.927  best single 0.925  gain +0.002  acc mean 0.910 spread 0.025  gemma4_31b + olmo3_32b_think + qwen38_27b
  ranked by swarm_accuracy
    TOP    N_eff  1.72  swarm acc 0.927  best single 0.925  gain +0.002  acc mean 0.910 spread 0.025  gemma4_31b + olmo3_32b_think + qwen38_27b
    TOP    N_eff  1.88  swarm acc 0.927  best single 0.925  gain +0.002  acc mean 0.892 spread 0.080  gemma4_31b + ministral3_14b + qwen38_27b
    TOP    N_eff  1.90  swarm acc 0.927  best single 0.925  gain +0.002  acc mean 0.890 spread 0.085  gemma4_31b + granite42_30b + qwen38_27b
    TOP    N_eff  2.67  swarm acc 0.918  best single 0.925  gain -0.007  acc mean 0.815 spread 0.310  gemma4_31b + llama32_3b + qwen38_27b
    TOP    N_eff  1.86  swarm acc 0.915  best single 0.925  gain -0.010  acc mean 0.888 spread 0.085  gemma4_31b + granite42_30b + olmo3_32b_think
    BOTTOM N_eff  2.75  swarm acc 0.848  best single 0.905  gain -0.057  acc mean 0.765 spread 0.290  llama32_3b + phi4_mini_reasoning + qwen38_27b
    BOTTOM N_eff  2.60  swarm acc 0.843  best single 0.900  gain -0.057  acc mean 0.763 spread 0.285  llama32_3b + olmo3_32b_think + phi4_mini_reasoning
    BOTTOM N_eff  2.33  swarm acc 0.842  best single 0.845  gain -0.003  acc mean 0.767 spread 0.230  granite42_30b + llama32_3b + ministral3_14b
    BOTTOM N_eff  2.62  swarm acc 0.832  best single 0.845  gain -0.013  acc mean 0.745 spread 0.230  llama32_3b + ministral3_14b + phi4_mini_reasoning
    BOTTOM N_eff  2.39  swarm acc 0.823  best single 0.840  gain -0.017  acc mean 0.743 spread 0.225  granite42_30b + llama32_3b + phi4_mini_reasoning

--- mmlu, k=5 :: cross-model pairs only -- UPPER BOUND on N_eff ---
  ranked by n_eff
    TOP    N_eff  2.44  swarm acc 0.890  best single 0.925  gain -0.035  acc mean 0.813 spread 0.310  gemma4_31b + llama32_3b + ministral3_14b + phi4_mini_reasoning + qwen38_27b
    TOP    N_eff  2.39  swarm acc 0.895  best single 0.925  gain -0.030  acc mean 0.812 spread 0.310  gemma4_31b + granite42_30b + llama32_3b + phi4_mini_reasoning + qwen38_27b
    TOP    N_eff  2.38  swarm acc 0.870  best single 0.905  gain -0.035  acc mean 0.796 spread 0.290  granite42_30b + llama32_3b + ministral3_14b + phi4_mini_reasoning + qwen38_27b
    TOP    N_eff  2.36  swarm acc 0.870  best single 0.925  gain -0.055  acc mean 0.800 spread 0.310  gemma4_31b + granite42_30b + llama32_3b + ministral3_14b + phi4_mini_reasoning
    TOP    N_eff  2.36  swarm acc 0.895  best single 0.925  gain -0.030  acc mean 0.812 spread 0.310  gemma4_31b + llama32_3b + ministral3_14b + olmo3_32b_think + phi4_mini_reasoning
    BOTTOM N_eff  2.01  swarm acc 0.915  best single 0.905  gain +0.010  acc mean 0.853 spread 0.130  granite42_30b + ministral3_14b + olmo3_32b_think + phi4_mini_reasoning + qwen38_27b
    BOTTOM N_eff  1.99  swarm acc 0.900  best single 0.925  gain -0.025  acc mean 0.857 spread 0.150  gemma4_31b + granite42_30b + ministral3_14b + olmo3_32b_think + phi4_mini_reasoning
    BOTTOM N_eff  1.99  swarm acc 0.915  best single 0.925  gain -0.010  acc mean 0.870 spread 0.150  gemma4_31b + ministral3_14b + olmo3_32b_think + phi4_mini_reasoning + qwen38_27b
    BOTTOM N_eff  1.98  swarm acc 0.925  best single 0.925  gain +0.000  acc mean 0.869 spread 0.150  gemma4_31b + granite42_30b + olmo3_32b_think + phi4_mini_reasoning + qwen38_27b
    BOTTOM N_eff  1.85  swarm acc 0.915  best single 0.925  gain -0.010  acc mean 0.883 spread 0.085  gemma4_31b + granite42_30b + ministral3_14b + olmo3_32b_think + qwen38_27b
  ranked by swarm_accuracy
    TOP    N_eff  1.98  swarm acc 0.925  best single 0.925  gain +0.000  acc mean 0.869 spread 0.150  gemma4_31b + granite42_30b + olmo3_32b_think + phi4_mini_reasoning + qwen38_27b
    TOP    N_eff  2.19  swarm acc 0.920  best single 0.925  gain -0.005  acc mean 0.838 spread 0.310  gemma4_31b + llama32_3b + ministral3_14b + olmo3_32b_think + qwen38_27b
    TOP    N_eff  1.85  swarm acc 0.915  best single 0.925  gain -0.010  acc mean 0.883 spread 0.085  gemma4_31b + granite42_30b + ministral3_14b + olmo3_32b_think + qwen38_27b
    TOP    N_eff  2.35  swarm acc 0.915  best single 0.925  gain -0.010  acc mean 0.824 spread 0.310  gemma4_31b + llama32_3b + olmo3_32b_think + phi4_mini_reasoning + qwen38_27b
    TOP    N_eff  2.17  swarm acc 0.915  best single 0.925  gain -0.010  acc mean 0.837 spread 0.310  gemma4_31b + granite42_30b + llama32_3b + olmo3_32b_think + qwen38_27b
    BOTTOM N_eff  2.44  swarm acc 0.890  best single 0.925  gain -0.035  acc mean 0.813 spread 0.310  gemma4_31b + llama32_3b + ministral3_14b + phi4_mini_reasoning + qwen38_27b
    BOTTOM N_eff  2.24  swarm acc 0.885  best single 0.905  gain -0.020  acc mean 0.807 spread 0.290  granite42_30b + llama32_3b + olmo3_32b_think + phi4_mini_reasoning + qwen38_27b
    BOTTOM N_eff  2.36  swarm acc 0.870  best single 0.925  gain -0.055  acc mean 0.800 spread 0.310  gemma4_31b + granite42_30b + llama32_3b + ministral3_14b + phi4_mini_reasoning
    BOTTOM N_eff  2.38  swarm acc 0.870  best single 0.905  gain -0.035  acc mean 0.796 spread 0.290  granite42_30b + llama32_3b + ministral3_14b + phi4_mini_reasoning + qwen38_27b
    BOTTOM N_eff  2.21  swarm acc 0.865  best single 0.900  gain -0.035  acc mean 0.795 spread 0.285  granite42_30b + llama32_3b + ministral3_14b + olmo3_32b_think + phi4_mini_reasoning

========================================================================================================
WHAT PREDICTS N_eff (Spearman against N_eff, within benchmark and k)
========================================================================================================

### target: n_eff
  gsm8k, k=3
    acc_mean       -0.934  p=2.82e-16  
    acc_min        -0.899  p=2.38e-13  partial (controlling mean accuracy) +0.30
    has_weak       +0.857  p=4.76e-11  partial (controlling mean accuracy) -0.32
    acc_spread     +0.778  p=3.69e-08  partial (controlling mean accuracy) -0.34
    param_ratio    +0.766  p=8.26e-08  partial (controlling mean accuracy) -0.03
    n_tiers        +0.389  p=0.0209  partial (controlling mean accuracy) -0.17
    n_families          --      constant across subsets -- cannot discriminate
  gsm8k, k=5
    acc_mean       -0.918  p=4.46e-09  
    acc_min        -0.785  p=2.54e-05  partial (controlling mean accuracy) +0.39
    has_weak       +0.783  p=2.67e-05  partial (controlling mean accuracy) -0.31
    acc_spread     +0.587  p=0.00515  partial (controlling mean accuracy) -0.33
    param_ratio    +0.568  p=0.00719  partial (controlling mean accuracy) -0.20
    n_tiers        +0.512  p=0.0177  partial (controlling mean accuracy) -0.23
    n_families          --      constant across subsets -- cannot discriminate
  math500, k=3
    acc_spread     +0.853  p=7.5e-11  partial (controlling mean accuracy) +0.94
    has_weak       +0.686  p=5.4e-06  partial (controlling mean accuracy) +0.92
    acc_min        -0.561  p=0.000454  partial (controlling mean accuracy) -0.94
    param_ratio    +0.460  p=0.00547  partial (controlling mean accuracy) +0.20
    acc_mean       -0.256  p=0.138  
    n_tiers        +0.244  p=0.158  partial (controlling mean accuracy) +0.14
    n_families          --      constant across subsets -- cannot discriminate
  math500, k=5
    acc_spread     +0.879  p=1.55e-07  partial (controlling mean accuracy) +0.95
    has_weak       +0.644  p=0.00163  partial (controlling mean accuracy) +0.90
    acc_min        -0.633  p=0.00206  partial (controlling mean accuracy) -0.92
    param_ratio    +0.362  p=0.107  partial (controlling mean accuracy) +0.52
    n_tiers        +0.282  p=0.215  partial (controlling mean accuracy) +0.27
    acc_mean       -0.092  p=0.691  
    n_families          --      constant across subsets -- cannot discriminate
  medqa, k=3
    acc_spread     +0.663  p=1.42e-05  partial (controlling mean accuracy) +0.70
    acc_min        -0.644  p=2.94e-05  partial (controlling mean accuracy) -0.58
    param_ratio    +0.539  p=0.00084  partial (controlling mean accuracy) +0.53
    acc_mean       -0.467  p=0.00469  
    has_weak       +0.452  p=0.00646  partial (controlling mean accuracy) +0.16
    n_tiers        +0.063  p=0.717  partial (controlling mean accuracy) -0.16
    n_families          --      constant across subsets -- cannot discriminate
  medqa, k=5
    acc_mean       -0.579  p=0.00598  
    acc_min        -0.493  p=0.023  partial (controlling mean accuracy) -0.28
    has_weak       +0.470  p=0.0316  partial (controlling mean accuracy) +0.21
    acc_spread     +0.386  p=0.0843  partial (controlling mean accuracy) +0.35
    param_ratio    +0.328  p=0.146  partial (controlling mean accuracy) +0.30
    n_tiers        -0.085  p=0.713  partial (controlling mean accuracy) -0.44
    n_families          --      constant across subsets -- cannot discriminate
  mmlu, k=3
    acc_spread     +0.924  p=2.41e-15  partial (controlling mean accuracy) +0.63
    acc_min        -0.920  p=5.51e-15  partial (controlling mean accuracy) -0.53
    has_weak       +0.846  p=1.55e-10  partial (controlling mean accuracy) +0.32
    acc_mean       -0.840  p=2.68e-10  
    param_ratio    +0.773  p=5.39e-08  partial (controlling mean accuracy) +0.36
    n_tiers        +0.365  p=0.0312  partial (controlling mean accuracy) -0.14
    n_families          --      constant across subsets -- cannot discriminate
  mmlu, k=5
    acc_min        -0.790  p=2.08e-05  partial (controlling mean accuracy) -0.51
    has_weak       +0.783  p=2.67e-05  partial (controlling mean accuracy) +0.38
    acc_mean       -0.781  p=2.88e-05  
    acc_spread     +0.739  p=0.000128  partial (controlling mean accuracy) +0.53
    n_tiers        +0.462  p=0.035  partial (controlling mean accuracy) -0.14
    param_ratio    +0.437  p=0.0477  partial (controlling mean accuracy) +0.13
    n_families          --      constant across subsets -- cannot discriminate

### target: swarm_accuracy
  gsm8k, k=3
    acc_mean       +0.658  p=1.77e-05  
    n_eff          -0.506  p=0.00195  partial (controlling mean accuracy) -0.01
    acc_min        +0.465  p=0.00484  partial (controlling mean accuracy) -0.71
    has_weak       -0.396  p=0.0185  partial (controlling mean accuracy) +0.67
    param_ratio    -0.381  p=0.0239  partial (controlling mean accuracy) -0.06
    n_tiers        -0.370  p=0.0287  partial (controlling mean accuracy) -0.06
    acc_spread     -0.256  p=0.138  partial (controlling mean accuracy) +0.68
    n_families          --      constant across subsets -- cannot discriminate
  gsm8k, k=5
    acc_spread     +0.440  p=0.0457  partial (controlling mean accuracy) +0.48
    n_eff          +0.209  p=0.363  partial (controlling mean accuracy) +0.47
    has_weak       +0.204  p=0.376  partial (controlling mean accuracy) +0.54
    n_tiers        -0.181  p=0.432  partial (controlling mean accuracy) -0.19
    acc_min        -0.167  p=0.468  partial (controlling mean accuracy) -0.45
    acc_mean       +0.113  p=0.626  
    param_ratio    +0.040  p=0.864  partial (controlling mean accuracy) +0.00
    n_families          --      constant across subsets -- cannot discriminate
  math500, k=3
    acc_mean       +0.628  p=5.37e-05  
    n_tiers        -0.447  p=0.00704  partial (controlling mean accuracy) -0.15
    param_ratio    -0.366  p=0.0306  partial (controlling mean accuracy) +0.06
    n_eff          +0.351  p=0.0387  partial (controlling mean accuracy) +0.79
    acc_min        +0.346  p=0.0418  partial (controlling mean accuracy) -0.82
    has_weak       -0.200  p=0.249  partial (controlling mean accuracy) +0.84
    acc_spread     +0.060  p=0.733  partial (controlling mean accuracy) +0.77
    n_families          --      constant across subsets -- cannot discriminate
  math500, k=5
    acc_mean       +0.615  p=0.00301  
    n_tiers        -0.547  p=0.0103  partial (controlling mean accuracy) -0.23
    n_eff          +0.475  p=0.0294  partial (controlling mean accuracy) +0.72
    param_ratio    -0.330  p=0.144  partial (controlling mean accuracy) +0.39
    acc_spread     +0.214  p=0.351  partial (controlling mean accuracy) +0.71
    acc_min        +0.192  p=0.403  partial (controlling mean accuracy) -0.67
    has_weak       -0.175  p=0.448  partial (controlling mean accuracy) +0.66
    n_families          --      constant across subsets -- cannot discriminate
  medqa, k=3
    acc_mean       +0.930  p=6.27e-16  
    acc_min        +0.544  p=0.000736  partial (controlling mean accuracy) -0.76
    has_weak       -0.458  p=0.00572  partial (controlling mean accuracy) +0.30
    param_ratio    -0.409  p=0.0146  partial (controlling mean accuracy) +0.73
    n_tiers        -0.290  p=0.091  partial (controlling mean accuracy) -0.08
    n_eff          -0.259  p=0.133  partial (controlling mean accuracy) +0.56
    acc_spread     +0.154  p=0.376  partial (controlling mean accuracy) +0.66
    n_families          --      constant across subsets -- cannot discriminate
  medqa, k=5
    acc_mean       +0.679  p=0.000712  
    n_tiers        -0.398  p=0.0739  partial (controlling mean accuracy) -0.21
    param_ratio    -0.253  p=0.269  partial (controlling mean accuracy) +0.42
    acc_spread     +0.219  p=0.34  partial (controlling mean accuracy) +0.54
    has_weak       -0.157  p=0.497  partial (controlling mean accuracy) +0.44
    acc_min        +0.156  p=0.5  partial (controlling mean accuracy) -0.50
    n_eff          +0.061  p=0.794  partial (controlling mean accuracy) +0.76
    n_families          --      constant across subsets -- cannot discriminate
  mmlu, k=3
    acc_mean       +0.863  p=2.72e-11  
    acc_min        +0.680  p=7.05e-06  partial (controlling mean accuracy) -0.81
    n_eff          -0.585  p=0.000226  partial (controlling mean accuracy) +0.52
    has_weak       -0.578  p=0.000278  partial (controlling mean accuracy) +0.73
    param_ratio    -0.495  p=0.0025  partial (controlling mean accuracy) +0.25
    n_tiers        -0.469  p=0.00447  partial (controlling mean accuracy) -0.10
    acc_spread     -0.444  p=0.00753  partial (controlling mean accuracy) +0.78
    n_families          --      constant across subsets -- cannot discriminate
  mmlu, k=5
    acc_mean       +0.885  p=9.79e-08  
    n_eff          -0.643  p=0.00168  partial (controlling mean accuracy) +0.44
    n_tiers        -0.574  p=0.00647  partial (controlling mean accuracy) -0.22
    has_weak       -0.547  p=0.0103  partial (controlling mean accuracy) +0.60
    acc_min        +0.547  p=0.0103  partial (controlling mean accuracy) -0.68
    param_ratio    -0.296  p=0.192  partial (controlling mean accuracy) +0.57
    acc_spread     -0.208  p=0.364  partial (controlling mean accuracy) +0.67
    n_families          --      constant across subsets -- cannot discriminate

250 rows on 5 benchmarks are upper bounds (no within-model resample); they are in the parquet, labelled, and are not ranked beside the measured ones.

wrote results/correlation/composition_neff.parquet, results/correlation/composition_predictors.parquet
=== 2026-09-20T18:38:17+00:00  .venv/bin/python scripts/phase_confidence_auc.py ===
====================================================================================================
CONFIDENCE DISCRIMINATION -- ROC AUC against correctness (R2 power floor: n_wrong >= 30)
====================================================================================================
19 of 42 frozen-roster cells are powered; 23 are underpowered and excluded from every aggregate below. The weak-tier arm contributes 11 further powered cells, reported separately and never pooled.

           auc_logprob  auc_self_report  auc_self_report_falsified  auc_gap_logprob_minus_selfreport  sr_missing_rate
benchmark                                                                                                            
arc              0.780            0.702                      0.298                             0.078            0.000
boolq            0.676            0.607                      0.393                             0.069            0.042
gsm8k            0.675            0.640                      0.360                             0.035            0.000
math500          0.831            0.681                      0.319                             0.150            0.000
medqa            0.603            0.567                      0.433                             0.036            0.015
mmlu             0.682            0.626                      0.374                             0.057            0.082

per powered cell:
  arc      llama32_3b             n_wrong   36  logprob 0.780   self-report 0.702   falsified 0.298   missing 0.0%
  boolq    llama32_3b             n_wrong   34  logprob 0.811   self-report 0.648   falsified 0.352   missing 0.0%
  boolq    phi4_mini_reasoning    n_wrong   34  logprob 0.541   self-report 0.567   falsified 0.433   missing 8.5%
  gsm8k    llama32_3b             n_wrong   99  logprob 0.721   self-report 0.544   falsified 0.456   missing 0.0%
  gsm8k    phi4_mini_reasoning    n_wrong   35  logprob 0.629   self-report 0.735   falsified 0.265   missing 0.0%
  math500  granite42_30b          n_wrong   51  logprob 0.884   self-report 0.819   falsified 0.181   missing 0.0%
  math500  llama32_3b             n_wrong  111  logprob 0.730   self-report 0.560   falsified 0.440   missing 0.0%
  math500  ministral3_14b         n_wrong   39  logprob 0.784   self-report 0.769   falsified 0.231   missing 0.0%
  math500  olmo3_32b_think        n_wrong   47  logprob 0.837   self-report 0.671   falsified 0.329   missing 0.0%
  math500  phi4_mini_reasoning    n_wrong   62  logprob 0.918   self-report 0.585   falsified 0.415   missing 0.0%
  medqa    granite42_30b          n_wrong   65  logprob 0.633   self-report 0.594   falsified 0.406   missing 0.0%
  medqa    llama32_3b             n_wrong   92  logprob 0.631   self-report 0.517   falsified 0.483   missing 0.0%
  medqa    ministral3_14b         n_wrong   42  logprob 0.542   self-report 0.594   falsified 0.406   missing 0.0%
  medqa    olmo3_32b_think        n_wrong   44  logprob 0.595   self-report 0.645   falsified 0.355   missing 2.5%
  medqa    phi4_mini_reasoning    n_wrong   81  logprob 0.615   self-report 0.486   falsified 0.514   missing 5.0%
  mmlu     granite42_30b          n_wrong   32  logprob 0.619   self-report 0.686   falsified 0.314   missing 0.0%
  mmlu     llama32_3b             n_wrong   77  logprob 0.701   self-report 0.665   falsified 0.335   missing 0.0%
  mmlu     ministral3_14b         n_wrong   31  logprob 0.706   self-report 0.585   falsified 0.415   missing 0.0%
  mmlu     phi4_mini_reasoning    n_wrong   45  logprob 0.704   self-report 0.566   falsified 0.434   missing 33.0%

====================================================================================================
READING
====================================================================================================
  logprob                AUC 0.704
  self-report            AUC 0.628
  self-report, falsified AUC 0.372   <- the attack drives it below chance
  gap, logprob - self-report: +0.076

  Falsification pushes the self-report below chance (0.5) on 18 of 19 powered cells. The logprob surface is unchanged by that attack by construction -- it is not the surface the attack writes to -- which is the protocol claim: a receiver should weight on a surface the sender does not author.

  R3: the self-report is also simply absent at times -- up to 33.0% of rows on mmlu/phi4_mini_reasoning. A surface an agent may decline to provide is a weaker commitment than one derived from tokens it already emitted.

  Weak-tier arm, separately (11 powered cells): logprob 0.708, self-report 0.572, falsified 0.428. Same direction, so the protocol property is not an artefact of model strength.

wrote results/correlation/confidence_auc.parquet
=== 2026-09-20T18:38:18+00:00  .venv/bin/python scripts/measurement_floor.py ===
=== RESAMPLE NOISE (greedy vs T=0.7, same model, same tasks) ===
                         flip_rate  abs_accuracy_delta
benchmark resample_kind                               
gsm8k     answer_level      0.0504              0.0064
          path_level        0.0420              0.0060

=== MEASUREMENT FLOOR: minimum detectable effect (95%, difference of means) ===
n_agents                    10     20     50
benchmark resample_kind                     
arc       proxy(gsm8k)   0.099  0.099  0.099
boolq     proxy(gsm8k)   0.099  0.099  0.099
gsm8k     answer_level   0.064  0.064  0.064
          path_level     0.064  0.064  0.064
math500   proxy(gsm8k)   0.099  0.099  0.099
medqa     proxy(gsm8k)   0.099  0.099  0.099
mmlu      proxy(gsm8k)   0.099  0.099  0.099

WORST-CASE FLOOR ACROSS ALL CELLS: 0.099
Any effect whose CI crosses its cell's floor is UNDETECTABLE AT THIS SCALE.
It must not be described as 'small' or as 'no effect'.

wrote results/measurement_floor.parquet and .json
=== 2026-09-20T18:38:19+00:00  .venv/bin/python scripts/make_numbers.py ===
wrote paper/numbers.tex with 238 macros
=== 2026-09-20T18:38:20+00:00  .venv/bin/python scripts/phase_c_figures.py ===
wrote paper/figures/money_figure_draft.pdf
wrote paper/figures/gating_ablation.pdf
=== 2026-09-20T18:38:23+00:00  .venv/bin/python scripts/phase_d_figures.py ===
wrote paper/figures/money_figure.pdf
wrote paper/figures/invertibility_spectrum.pdf
wrote paper/figures/deterrence_timeseries.pdf
=== 2026-09-20T18:38:27+00:00  .venv/bin/python scripts/phase_e_figures.py ===
wrote paper/figures/burst_windowed.pdf
wrote paper/figures/pobs_constraint.pdf
=== 2026-09-20T18:38:30+00:00  .venv/bin/python scripts/fig_evasion_band.py ===
wrote paper/figures/evasion_band.pdf
=== 2026-09-20T18:38:32+00:00  .venv/bin/python scripts/fig_sybil.py ===
wrote paper/figures/sybil_accuracy.pdf
=== 2026-09-20T18:38:34+00:00  .venv/bin/python -m pytest tests/test_paper.py -q ===
[32m.[0m[32m.[0m[32m.[0m[32m.[0m[32m.[0m[31mF[0m[32m.[0m[32m.[0m[32m.[0m[32m.[0m[31mF[0m[32m.[0m[32m.[0m[32m.[0m[32m.[0m[31m                                                          [100%][0m
=================================== FAILURES ===================================
[31m[1m_______ TestClaimsCoverage.test_every_claim_is_mapped_or_declared_unused _______[0m

self = <tests.test_paper.TestClaimsCoverage object at 0x7f300baeb210>

    [0m[94mdef[39;49;00m[90m [39;49;00m[92mtest_every_claim_is_mapped_or_declared_unused[39;49;00m([96mself[39;49;00m) -> [94mNone[39;49;00m:[90m[39;49;00m
        mapped = (PAPER / [33m"[39;49;00m[33mclaims_map.md[39;49;00m[33m"[39;49;00m).read_text(encoding=[33m"[39;49;00m[33mutf-8[39;49;00m[33m"[39;49;00m)[90m[39;49;00m
        unaccounted = [c [94mfor[39;49;00m c [95min[39;49;00m [96mself[39;49;00m._claim_ids() [94mif[39;49;00m c [95mnot[39;49;00m [95min[39;49;00m mapped][90m[39;49;00m
>       [94massert[39;49;00m [95mnot[39;49;00m unaccounted, ([90m[39;49;00m
            [33mf[39;49;00m[33m"[39;49;00m[33mclaims in the ledger with no entry in claims_map.md: [39;49;00m[33m{[39;49;00m[96msorted[39;49;00m(unaccounted)[33m}[39;49;00m[33m"[39;49;00m[90m[39;49;00m
        )[90m[39;49;00m
[1m[31mE       AssertionError: claims in the ledger with no entry in claims_map.md: ['H1-gsm8k', 'H1-math500', 'H1-mmlu'][0m
[1m[31mE       assert not ['H1-gsm8k', 'H1-math500', 'H1-mmlu'][0m

[1m[31mtests/test_paper.py[0m:92: AssertionError
[31m[1m___________ TestClaimsCoverage.test_paper_claim_ids_exist_in_ledger ____________[0m

self = <tests.test_paper.TestClaimsCoverage object at 0x7f300baf81d0>

    [0m[94mdef[39;49;00m[90m [39;49;00m[92mtest_paper_claim_ids_exist_in_ledger[39;49;00m([96mself[39;49;00m) -> [94mNone[39;49;00m:[90m[39;49;00m
    [90m    [39;49;00m[33m"""A claim id cited in the manuscript must exist in the ledger."""[39;49;00m[90m[39;49;00m
        known = [96mself[39;49;00m._claim_ids()[90m[39;49;00m
        cited: [96mset[39;49;00m[[96mstr[39;49;00m] = [96mset[39;49;00m()[90m[39;49;00m
        pattern = re.compile([33mr[39;49;00m[33m"[39;49;00m[33m\\[39;49;00m[33mtextbf[39;49;00m[33m\[39;49;00m[33m{[39;49;00m[33m\[39;49;00m[33m[([^[39;49;00m[33m\[39;49;00m[33m]]+)[39;49;00m[33m\[39;49;00m[33m][39;49;00m[33m\[39;49;00m[33m}[39;49;00m[33m"[39;49;00m)[90m[39;49;00m
        [94mfor[39;49;00m path [95min[39;49;00m tex_sources():[90m[39;49;00m
            [94mfor[39;49;00m group [95min[39;49;00m pattern.findall(path.read_text(encoding=[33m"[39;49;00m[33mutf-8[39;49;00m[33m"[39;49;00m)):[90m[39;49;00m
                cited.update(part.strip() [94mfor[39;49;00m part [95min[39;49;00m group.split([33m"[39;49;00m[33m,[39;49;00m[33m"[39;49;00m))[90m[39;49;00m
        unknown = [96msorted[39;49;00m(c [94mfor[39;49;00m c [95min[39;49;00m cited [94mif[39;49;00m c [95mand[39;49;00m c [95mnot[39;49;00m [95min[39;49;00m known)[90m[39;49;00m
>       [94massert[39;49;00m [95mnot[39;49;00m unknown, [33mf[39;49;00m[33m"[39;49;00m[33mmanuscript cites claim ids absent from the ledger: [39;49;00m[33m{[39;49;00munknown[33m}[39;49;00m[33m"[39;49;00m[90m[39;49;00m
[1m[31mE       AssertionError: manuscript cites claim ids absent from the ledger: ['B2', 'D3', 'E1', 'E2a', 'E2b', 'E3', "G2'", 'H1', "H2'", "H2''", "H2'''", 'I3', 'L1', 'M2a', 'M2b', 'N1', 'P1', 'R1', 'S1', 'X1'][0m
[1m[31mE       assert not ['B2', 'D3', 'E1', 'E2a', 'E2b', 'E3', ...][0m

[1m[31mtests/test_paper.py[0m:162: AssertionError
[36m[1m=========================== short test summary info ============================[0m
[31mFAILED[0m tests/test_paper.py::[1mTestClaimsCoverage::test_every_claim_is_mapped_or_declared_unused[0m - AssertionError: claims in the ledger with no entry in claims_map.md: ['H1-g...
[31mFAILED[0m tests/test_paper.py::[1mTestClaimsCoverage::test_paper_claim_ids_exist_in_ledger[0m - AssertionError: manuscript cites claim ids absent from the ledger: ['B2', '...
FAILED: .venv/bin/python -m pytest tests/test_paper.py -q
